booking_id,quote_id,line_no,customer_id,product_id,booking_date,booked_quantity,booked_price
BK-000001,Q-2024-000002,1,C033,P0042,2024-09-18,171,410.76
BK-000002,Q-2024-000002,2,C033,P0033,2024-10-16,6,11800.0
BK-000003,Q-2024-000003,1,C027,P0072,2024-09-01,11,9352.93
BK-000004,Q-2024-000004,1,C029,P0003,2024-09-16,7,29785.63
BK-000005,Q-2024-000006,2,C026,P0042,2024-08-23,306,502.61
BK-000006,Q-2024-000011,1,C039,P0060,2024-09-07,618,572.15
BK-000007,Q-2024-000014,1,C040,P0024,2024-09-21,15,9306.78
BK-000008,Q-2024-000015,1,C011,P0080,2024-09-01,7,8189.61
BK-000009,Q-2024-000016,2,C003,P0024,2024-09-17,2,9799.42
BK-000010,Q-2024-000018,1,C027,P0072,2024-08-20,5,9396.51
BK-000011,Q-2024-000019,1,C027,P0025,2024-09-09,4,14234.94
BK-000012,Q-2024-000019,2,C027,P0036,2024-10-09,14,14885.37
BK-000013,Q-2024-000020,1,C005,P0044,2024-10-04,365,352.03
BK-000014,Q-2024-000022,2,C032,P0088,2024-09-26,2,53080.71
BK-000015,Q-2024-000023,2,C011,P0083,2024-09-25,4,41058.16
BK-000016,Q-2024-000024,1,C020,P0066,2024-10-01,7,8011.84
BK-000017,Q-2024-000024,2,C020,P0079,2024-09-16,13,7850.65
BK-000018,Q-2024-000025,1,C021,P0107,2024-09-05,30,2086.36
BK-000019,Q-2024-000027,1,C025,P0113,2024-09-18,10,2188.24
BK-000020,Q-2024-000028,1,C012,P0099,2024-09-26,2,50844.35
BK-000021,Q-2024-000028,2,C012,P0084,2024-08-31,2,56091.07
BK-000022,Q-2024-000029,1,C017,P0079,2024-10-01,11,6850.0
BK-000023,Q-2024-000030,1,C002,P0114,2024-10-10,38,1824.19
BK-000024,Q-2024-000031,1,C028,P0044,2024-10-01,454,547.0
BK-000025,Q-2024-000031,3,C028,P0060,2024-09-20,141,558.28
BK-000026,Q-2024-000034,2,C004,P0029,2024-09-07,6,11876.12
BK-000027,Q-2024-000035,1,C004,P0022,2024-08-23,23,10272.12
BK-000028,Q-2024-000036,2,C037,P0002,2024-09-27,7,35263.7
BK-000029,Q-2024-000037,1,C022,P0005,2024-09-09,1,36657.7
BK-000030,Q-2024-000038,2,C033,P0043,2024-09-09,569,404.89
BK-000031,Q-2024-000039,2,C002,P0067,2024-10-04,2,7468.76
BK-000032,Q-2024-000039,4,C002,P0107,2024-09-15,9,2244.75
BK-000033,Q-2024-000040,2,C005,P0020,2024-09-29,1,29843.63
BK-000034,Q-2024-000040,3,C005,P0049,2024-09-21,129,360.56
BK-000035,Q-2024-000043,2,C039,P0046,2024-10-01,413,477.11
BK-000036,Q-2024-000043,3,C039,P0060,2024-09-04,323,571.13
BK-000037,Q-2024-000044,1,C010,P0022,2024-08-30,8,10299.17
BK-000038,Q-2024-000046,1,C012,P0087,2024-09-15,3,45581.19
BK-000039,Q-2024-000046,2,C012,P0047,2024-09-11,627,476.81
BK-000040,Q-2024-000047,1,C010,P0087,2024-09-21,4,41995.72
BK-000041,Q-2024-000047,3,C010,P0040,2024-10-09,5,10688.99
BK-000042,Q-2024-000048,1,C019,P0022,2024-09-09,2,11500.83
BK-000043,Q-2024-000048,2,C019,P0040,2024-09-09,9,11435.58
BK-000044,Q-2024-000049,1,C029,P0088,2024-08-17,4,46933.49
BK-000045,Q-2024-000052,1,C039,P0050,2024-09-20,787,519.25
BK-000046,Q-2024-000053,1,C008,P0104,2024-08-24,26,2180.11
BK-000047,Q-2024-000054,1,C011,P0084,2024-09-26,1,46559.59
BK-000048,Q-2024-000054,2,C011,P0080,2024-08-21,10,8236.52
BK-000049,Q-2024-000055,1,C033,P0022,2024-09-28,9,10714.24
BK-000050,Q-2024-000055,2,C033,P0048,2024-09-02,382,411.89
BK-000051,Q-2024-000056,1,C036,P0014,2024-10-08,5,39343.63
BK-000052,Q-2024-000058,2,C030,P0089,2024-08-29,3,46040.96
BK-000053,Q-2024-000059,1,C040,P0026,2024-09-20,18,9795.6
BK-000054,Q-2024-000060,1,C026,P0120,2024-10-12,12,2524.54
BK-000055,Q-2024-000060,2,C026,P0048,2024-09-12,616,470.13
BK-000056,Q-2024-000063,1,C010,P0035,2024-09-02,6,9600.38
BK-000057,Q-2024-000064,1,C001,P0003,2024-09-12,5,28233.39
BK-000058,Q-2024-000064,2,C001,P0015,2024-08-26,4,32421.31
BK-000059,Q-2024-000065,1,C015,P0062,2024-09-17,8,7739.77
BK-000060,Q-2024-000065,2,C015,P0080,2024-08-29,10,8232.62
BK-000061,Q-2024-000065,3,C015,P0072,2024-09-02,9,7014.9
BK-000062,Q-2024-000067,2,C013,P0029,2024-08-28,19,13272.99
BK-000063,Q-2024-000069,1,C017,P0079,2024-08-21,5,7485.94
BK-000064,Q-2024-000070,1,C014,P0091,2024-09-11,3,46216.14
BK-000065,Q-2024-000070,2,C014,P0083,2024-08-30,1,43580.91
BK-000066,Q-2024-000071,1,C033,P0054,2024-10-19,671,457.31
BK-000067,Q-2024-000072,1,C025,P0113,2024-10-09,26,2189.65
BK-000068,Q-2024-000072,2,C025,P0076,2024-11-13,4,6275.35
BK-000069,Q-2024-000074,1,C013,P0029,2024-10-12,18,13266.84
BK-000070,Q-2024-000074,2,C013,P0013,2024-10-25,6,32394.47
BK-000071,Q-2024-000075,1,C028,P0043,2024-10-02,51,453.52
BK-000072,Q-2024-000077,1,C034,P0063,2024-10-20,10,7254.76
BK-000073,Q-2024-000079,1,C032,P0097,2024-11-02,2,51700.0
BK-000074,Q-2024-000083,1,C011,P0105,2024-10-26,23,2058.51
BK-000075,Q-2024-000085,1,C003,P0033,2024-10-20,15,10772.85
BK-000076,Q-2024-000086,1,C033,P0054,2024-10-30,533,461.76
BK-000077,Q-2024-000087,1,C025,P0066,2024-10-10,1,8399.62
BK-000078,Q-2024-000088,1,C030,P0066,2024-10-26,16,8121.43
BK-000079,Q-2024-000089,2,C028,P0043,2024-10-26,311,453.86
BK-000080,Q-2024-000090,1,C018,P0011,2024-10-22,5,30452.69
BK-000081,Q-2024-000091,1,C017,P0068,2024-10-07,4,7300.0
BK-000082,Q-2024-000091,3,C017,P0075,2024-10-21,9,6809.48
BK-000083,Q-2024-000091,4,C017,P0019,2024-10-02,5,30162.54
BK-000084,Q-2024-000092,3,C025,P0063,2024-09-26,10,6659.7
BK-000085,Q-2024-000093,1,C006,P0086,2024-09-23,3,47146.59
BK-000086,Q-2024-000094,1,C020,P0053,2024-10-10,114,436.61
BK-000087,Q-2024-000094,3,C020,P0061,2024-10-01,5,8019.49
BK-000088,Q-2024-000095,1,C020,P0079,2024-10-30,19,8009.32
BK-000089,Q-2024-000095,2,C020,P0059,2024-10-07,685,383.74
BK-000090,Q-2024-000096,1,C004,P0029,2024-11-21,8,11871.34
BK-000091,Q-2024-000096,2,C004,P0022,2024-11-25,18,10893.56
BK-000092,Q-2024-000097,2,C026,P0052,2024-10-19,242,538.54
BK-000093,Q-2024-000097,3,C026,P0048,2024-10-25,722,471.3
BK-000094,Q-2024-000099,2,C006,P0084,2024-09-22,3,47390.03
BK-000095,Q-2024-000100,2,C033,P0046,2024-11-11,461,441.71
BK-000096,Q-2024-000101,1,C004,P0029,2024-09-25,9,11801.79
BK-000097,Q-2024-000102,3,C003,P0026,2024-10-26,17,10796.25
BK-000098,Q-2024-000102,4,C003,P0022,2024-10-08,14,9986.25
BK-000099,Q-2024-000104,1,C017,P0005,2024-10-07,6,30718.34
BK-000100,Q-2024-000104,2,C017,P0001,2024-10-21,7,31509.86
BK-000101,Q-2024-000105,4,C012,P0097,2024-11-08,1,53504.06
BK-000102,Q-2024-000106,1,C005,P0020,2024-11-26,5,34258.33
BK-000103,Q-2024-000108,1,C002,P0073,2024-09-19,2,7644.93
BK-000104,Q-2024-000108,2,C002,P0066,2024-09-26,11,6641.16
BK-000105,Q-2024-000109,1,C033,P0027,2024-10-29,17,13217.84
BK-000106,Q-2024-000109,3,C033,P0022,2024-09-20,14,11476.09
BK-000107,Q-2024-000110,1,C035,P0048,2024-10-01,729,424.82
BK-000108,Q-2024-000110,2,C035,P0061,2024-10-17,14,8672.21
BK-000109,Q-2024-000112,2,C017,P0053,2024-10-16,709,344.09
BK-000110,Q-2024-000113,1,C009,P0094,2024-10-26,1,41020.81
BK-000111,Q-2024-000115,1,C017,P0056,2024-10-14,441,411.87
BK-000112,Q-2024-000116,1,C010,P0035,2024-10-25,7,9564.33
BK-000113,Q-2024-000118,1,C018,P0011,2024-10-12,6,30580.5
BK-000114,Q-2024-000118,2,C018,P0005,2024-09-29,6,34084.54
BK-000115,Q-2024-000119,1,C032,P0088,2024-10-30,2,53224.97
BK-000116,Q-2024-000120,1,C030,P0071,2024-10-09,3,8719.23
BK-000117,Q-2024-000121,3,C009,P0091,2024-10-07,2,48133.44
BK-000118,Q-2024-000122,1,C004,P0100,2024-10-12,4,51220.17
BK-000119,Q-2024-000123,1,C015,P0092,2024-09-28,2,46928.34
BK-000120,Q-2024-000124,1,C025,P0118,2024-10-28,15,2248.27
BK-000121,Q-2024-000125,1,C030,P0090,2024-10-22,4,41201.1
BK-000122,Q-2024-000125,2,C030,P0071,2024-10-11,10,8779.24
BK-000123,Q-2024-000127,1,C007,P0047,2024-10-11,397,420.44
BK-000124,Q-2024-000127,2,C007,P0076,2024-10-14,12,7071.25
BK-000125,Q-2024-000128,1,C032,P0081,2024-10-31,4,47000.0
BK-000126,Q-2024-000128,2,C032,P0042,2024-10-01,212,465.0
BK-000127,Q-2024-000128,3,C032,P0046,2024-10-05,493,420.0
BK-000128,Q-2024-000129,1,C015,P0082,2024-10-16,1,54439.21
BK-000129,Q-2024-000129,2,C015,P0080,2024-09-26,4,8259.59
BK-000130,Q-2024-000130,1,C033,P0054,2024-10-19,64,515.06
BK-000131,Q-2024-000132,1,C003,P0044,2024-10-27,377,371.44
BK-000132,Q-2024-000133,1,C002,P0067,2024-10-30,7,7464.54
BK-000133,Q-2024-000134,2,C036,P0081,2024-10-23,1,48371.09
BK-000134,Q-2024-000135,1,C021,P0107,2024-10-23,37,2094.54
BK-000135,Q-2024-000136,1,C040,P0026,2024-11-06,12,10633.14
BK-000136,Q-2024-000136,2,C040,P0041,2024-11-07,143,376.88
BK-000137,Q-2024-000137,1,C040,P0053,2024-10-24,336,355.08
BK-000138,Q-2024-000137,2,C040,P0034,2024-10-22,24,10036.58
BK-000139,Q-2024-000138,1,C005,P0020,2024-11-30,2,34134.49
BK-000140,Q-2024-000138,2,C005,P0010,2024-11-15,7,32896.62
BK-000141,Q-2024-000138,3,C005,P0017,2024-11-30,6,30400.0
BK-000142,Q-2024-000139,1,C017,P0001,2024-11-11,6,30428.67
BK-000143,Q-2024-000139,2,C017,P0048,2024-11-13,312,392.98
BK-000144,Q-2024-000142,1,C002,P0066,2024-12-08,9,7056.43
BK-000145,Q-2024-000146,1,C009,P0065,2024-12-13,12,6586.17
BK-000146,Q-2024-000146,2,C009,P0091,2024-11-12,1,44206.42
BK-000147,Q-2024-000147,2,C017,P0001,2024-11-06,1,30328.22
BK-000148,Q-2024-000147,3,C017,P0048,2024-12-01,203,392.09
BK-000149,Q-2024-000148,3,C032,P0097,2024-12-22,2,60909.83
BK-000150,Q-2024-000149,1,C011,P0091,2024-11-04,2,44825.62
BK-000151,Q-2024-000149,2,C011,P0073,2024-11-07,3,7100.16
BK-000152,Q-2024-000150,1,C005,P0010,2024-11-12,3,33031.55
BK-000153,Q-2024-000150,3,C005,P0017,2024-12-03,2,30337.53
BK-000154,Q-2024-000151,1,C003,P0044,2024-12-19,790,373.55
BK-000155,Q-2024-000153,1,C011,P0106,2024-11-27,40,1915.47
BK-000156,Q-2024-000154,3,C026,P0120,2024-11-24,18,2508.96
BK-000157,Q-2024-000154,4,C026,P0111,2024-11-01,27,2582.15
BK-000158,Q-2024-000155,1,C010,P0035,2024-10-20,10,9566.34
BK-000159,Q-2024-000156,1,C017,P0007,2024-11-09,4,31566.89
BK-000160,Q-2024-000156,2,C017,P0064,2024-11-29,8,7940.44
BK-000161,Q-2024-000157,1,C002,P0067,2024-12-14,9,7485.46
BK-000162,Q-2024-000157,2,C002,P0114,2024-11-05,33,1830.02
BK-000163,Q-2024-000158,1,C013,P0013,2024-11-18,3,32457.41
BK-000164,Q-2024-000158,2,C013,P0008,2024-11-19,6,34500.29
BK-000165,Q-2024-000159,1,C039,P0052,2024-11-16,545,486.34
BK-000166,Q-2024-000160,1,C004,P0099,2024-10-14,1,50652.63
BK-000167,Q-2024-000161,1,C040,P0039,2024-10-26,16,11780.55
BK-000168,Q-2024-000161,3,C040,P0024,2024-11-03,6,9304.16
BK-000169,Q-2024-000161,4,C040,P0057,2024-12-08,463,436.2
BK-000170,Q-2024-000162,1,C017,P0002,2024-12-05,5,35567.5
BK-000171,Q-2024-000163,1,C002,P0065,2024-10-25,14,7070.52
BK-000172,Q-2024-000166,1,C007,P0047,2024-10-26,466,429.63
BK-000173,Q-2024-000166,3,C007,P0001,2024-11-12,4,31619.74
BK-000174,Q-2024-000167,2,C009,P0080,2024-11-05,17,7459.1
BK-000175,Q-2024-000169,1,C007,P0061,2024-11-11,13,8324.56
BK-000176,Q-2024-000169,2,C007,P0043,2024-10-19,445,418.78
BK-000177,Q-2024-000171,1,C033,P0033,2024-11-22,15,11879.98
BK-000178,Q-2024-000171,2,C033,P0043,2024-11-12,229,404.38
BK-000179,Q-2024-000172,1,C040,P0024,2024-12-30,10,9325.75
BK-000180,Q-2024-000173,2,C023,P0044,2024-10-26,331,482.24
BK-000181,Q-2024-000175,3,C029,P0003,2024-11-12,1,33310.18
BK-000182,Q-2024-000175,4,C029,P0088,2024-11-29,1,46789.41
BK-000183,Q-2024-000176,2,C033,P0054,2024-10-19,604,460.0
BK-000184,Q-2024-000176,4,C033,P0041,2024-11-14,306,410.44
BK-000185,Q-2024-000177,2,C003,P0027,2024-12-05,1,11125.64
BK-000186,Q-2024-000178,1,C027,P0035,2024-11-07,8,12087.68
BK-000187,Q-2024-000178,4,C027,P0072,2024-11-28,4,9356.03
BK-000188,Q-2024-000180,2,C025,P0063,2024-11-02,9,6673.65
BK-000189,Q-2024-000180,3,C025,P0109,2024-12-03,19,2197.55
BK-000190,Q-2024-000181,1,C017,P0056,2024-12-09,573,414.6
BK-000191,Q-2024-000182,1,C006,P0093,2024-12-01,1,47327.31
BK-000192,Q-2024-000184,1,C008,P0115,2024-10-28,19,2323.08
BK-000193,Q-2024-000184,2,C008,P0073,2024-11-11,7,8227.58
BK-000194,Q-2024-000185,1,C008,P0112,2024-11-16,9,2513.16
BK-000195,Q-2024-000186,3,C038,P0065,2024-11-12,10,9133.37
BK-000196,Q-2024-000187,1,C027,P0039,2024-11-17,5,13509.61
BK-000197,Q-2024-000189,1,C037,P0091,2024-11-17,2,50962.41
BK-000198,Q-2024-000190,1,C023,P0111,2024-11-05,20,2245.78
BK-000199,Q-2024-000191,1,C016,P0073,2024-11-10,3,8521.88
BK-000200,Q-2024-000191,2,C016,P0092,2024-11-20,2,61382.63
BK-000201,Q-2024-000192,1,C004,P0033,2024-11-13,11,11818.04
BK-000202,Q-2024-000196,1,C013,P0025,2024-11-19,23,12529.32
BK-000203,Q-2024-000197,2,C020,P0049,2024-11-17,188,403.23
BK-000204,Q-2024-000198,2,C003,P0022,2024-10-28,16,10028.63
BK-000205,Q-2024-000200,3,C004,P0099,2024-12-12,1,50875.99
BK-000206,Q-2024-000201,1,C035,P0041,2024-12-10,82,462.26
BK-000207,Q-2024-000201,2,C035,P0063,2024-12-24,14,8385.11
BK-000208,Q-2024-000203,1,C040,P0029,2025-01-20,20,11027.69
BK-000209,Q-2024-000204,1,C013,P0023,2025-01-23,17,10933.47
BK-000210,Q-2024-000205,1,C001,P0015,2024-12-15,1,32391.17
BK-000211,Q-2024-000208,1,C010,P0022,2025-01-03,3,10353.51
BK-000212,Q-2024-000208,2,C010,P0087,2024-12-14,1,41987.82
BK-000213,Q-2024-000208,3,C010,P0034,2024-12-05,16,11245.04
BK-000214,Q-2024-000209,1,C037,P0019,2025-01-13,5,36849.08
BK-000215,Q-2024-000211,1,C038,P0114,2024-12-07,24,2169.16
BK-000216,Q-2024-000213,1,C039,P0057,2024-12-10,442,495.92
BK-000217,Q-2024-000215,1,C040,P0053,2024-12-26,439,352.91
BK-000218,Q-2024-000216,1,C006,P0089,2025-01-02,1,48595.87
BK-000219,Q-2024-000218,3,C004,P0029,2024-12-18,3,11829.04
BK-000220,Q-2024-000219,1,C009,P0099,2024-12-13,2,45044.75
BK-000221,Q-2024-000219,2,C009,P0065,2025-01-02,9,7126.04
BK-000222,Q-2024-000220,1,C001,P0005,2024-11-17,8,34034.07
BK-000223,Q-2024-000220,2,C001,P0042,2024-12-19,674,402.22
BK-000224,Q-2024-000222,1,C010,P0027,2024-11-29,17,12606.48
BK-000225,Q-2024-000223,1,C036,P0087,2024-12-13,4,40726.35
BK-000226,Q-2024-000225,2,C004,P0098,2025-01-02,1,53174.68
BK-000227,Q-2024-000226,1,C011,P0083,2024-12-14,2,41227.36
BK-000228,Q-2024-000226,2,C011,P0084,2024-12-05,1,46749.9
BK-000229,Q-2024-000227,1,C011,P0091,2024-12-01,2,51386.89
BK-000230,Q-2024-000227,2,C011,P0083,2024-12-13,4,41068.74
BK-000231,Q-2024-000229,2,C027,P0039,2024-12-17,5,12895.5
BK-000232,Q-2024-000230,2,C026,P0052,2024-12-20,129,538.0
BK-000233,Q-2024-000230,3,C026,P0042,2024-12-17,70,499.54
BK-000234,Q-2024-000231,1,C032,P0081,2025-01-10,2,52349.08
BK-000235,Q-2024-000232,2,C040,P0029,2024-12-30,3,11459.0
BK-000236,Q-2024-000236,1,C018,P0089,2024-11-25,4,54524.37
BK-000237,Q-2024-000236,2,C018,P0011,2024-12-04,8,30615.61
BK-000238,Q-2024-000237,2,C037,P0098,2024-12-16,1,51865.38
BK-000239,Q-2024-000238,1,C011,P0083,2025-01-06,2,41067.09
BK-000240,Q-2024-000239,2,C009,P0093,2024-11-16,3,41223.66
BK-000241,Q-2024-000240,1,C036,P0013,2025-01-02,4,33557.66
BK-000242,Q-2024-000241,1,C007,P0002,2025-01-18,6,35919.74
BK-000243,Q-2024-000242,2,C010,P0027,2024-12-10,24,12519.56
BK-000244,Q-2024-000244,1,C009,P0068,2024-11-18,12,7732.23
BK-000245,Q-2024-000246,1,C030,P0066,2024-12-02,10,8164.91
BK-000246,Q-2024-000247,2,C027,P0035,2024-12-23,21,12108.9
BK-000247,Q-2024-000247,4,C027,P0071,2024-11-23,9,9165.8
BK-000248,Q-2024-000250,1,C005,P0073,2024-12-10,7,7178.81
BK-000249,Q-2024-000250,2,C005,P0017,2024-12-19,7,32811.69
BK-000250,Q-2024-000250,3,C005,P0010,2025-01-08,1,32952.5
BK-000251,Q-2024-000252,1,C022,P0118,2024-12-04,16,2714.83
BK-000252,Q-2024-000253,1,C017,P0048,2024-12-24,532,392.26
BK-000253,Q-2024-000253,2,C017,P0005,2024-12-05,2,32036.35
BK-000254,Q-2024-000253,3,C017,P0002,2024-12-14,1,31400.0
BK-000255,Q-2024-000254,1,C025,P0076,2024-12-07,3,6281.53
BK-000256,Q-2024-000254,2,C025,P0108,2024-11-17,18,1976.96
BK-000257,Q-2024-000254,3,C025,P0063,2024-11-23,9,6653.96
BK-000258,Q-2024-000254,4,C025,P0118,2024-12-29,11,2251.34
BK-000259,Q-2024-000255,1,C040,P0053,2024-11-25,73,354.68
BK-000260,Q-2024-000255,2,C040,P0058,2024-12-18,60,452.99
BK-000261,Q-2024-000255,4,C040,P0034,2024-11-21,1,10066.56
BK-000262,Q-2024-000256,2,C007,P0061,2025-01-05,6,8406.77
BK-000263,Q-2024-000258,1,C033,P0040,2024-12-12,14,10756.07
BK-000264,Q-2024-000259,2,C015,P0072,2024-12-13,20,7395.14
BK-000265,Q-2024-000259,4,C015,P0077,2024-12-23,14,6646.84
BK-000266,Q-2024-000261,1,C019,P0103,2024-12-27,13,2252.97
BK-000267,Q-2024-000263,1,C009,P0068,2024-12-07,7,7706.29
BK-000268,Q-2024-000264,2,C010,P0055,2025-01-06,701,335.0
BK-000269,Q-2024-000264,3,C010,P0056,2024-12-11,141,407.17
BK-000270,Q-2024-000265,1,C032,P0002,2024-11-19,6,40357.26
BK-000271,Q-2024-000265,2,C032,P0011,2024-11-20,3,36570.62
BK-000272,Q-2024-000266,1,C001,P0005,2024-12-12,1,33942.47
BK-000273,Q-2024-000269,1,C015,P0072,2024-12-11,5,7421.49
BK-000274,Q-2024-000270,1,C003,P0022,2024-12-22,20,10004.16
BK-000275,Q-2024-000270,2,C003,P0039,2024-11-30,8,11324.55
BK-000276,Q-2024-000271,1,C007,P0002,2025-01-24,4,36118.05
BK-000277,Q-2024-000273,1,C032,P0081,2024-12-20,1,52540.98
BK-000278,Q-2024-000274,1,C031,P0108,2025-01-04,10,2403.99
BK-000279,Q-2024-000275,3,C003,P0024,2024-12-10,9,9744.78
BK-000280,Q-2024-000276,1,C007,P0047,2024-12-08,82,416.48
BK-000281,Q-2024-000276,2,C007,P0059,2024-12-06,176,380.07
BK-000282,Q-2024-000277,1,C004,P0098,2024-12-10,1,53183.93
BK-000283,Q-2024-000278,1,C027,P0079,2025-01-09,11,10258.05
BK-000284,Q-2024-000279,1,C016,P0086,2025-01-22,4,53140.12
BK-000285,Q-2024-000281,1,C022,P0120,2025-02-11,31,2928.91
BK-000286,Q-2024-000282,1,C006,P0016,2025-01-06,6,39174.67
BK-000287,Q-2024-000282,2,C006,P0014,2025-01-29,7,41492.82
BK-000288,Q-2024-000284,1,C008,P0112,2024-12-22,31,2516.45
BK-000289,Q-2024-000285,1,C017,P0064,2025-01-13,14,8281.0
BK-000290,Q-2024-000286,2,C009,P0099,2025-01-18,2,45020.35
BK-000291,Q-2024-000287,1,C010,P0022,2025-01-07,2,10333.89
BK-000292,Q-2024-000288,3,C015,P0083,2025-01-08,4,47948.79
BK-000293,Q-2024-000289,2,C014,P0090,2025-01-15,1,36135.58
BK-000294,Q-2024-000290,1,C013,P0029,2025-01-17,10,13293.74
BK-000295,Q-2024-000291,1,C032,P0041,2025-02-01,276,495.32
BK-000296,Q-2024-000292,1,C028,P0042,2024-12-17,730,488.96
BK-000297,Q-2024-000292,2,C028,P0060,2024-12-23,738,554.32
BK-000298,Q-2024-000292,3,C028,P0068,2025-01-20,17,9110.72
BK-000299,Q-2024-000296,2,C011,P0106,2025-01-24,8,1917.95
BK-000300,Q-2024-000297,3,C040,P0026,2024-12-18,19,10573.35
BK-000301,Q-2024-000298,1,C015,P0092,2025-01-31,3,47006.48
BK-000302,Q-2024-000298,2,C015,P0088,2025-01-11,4,42634.18
BK-000303,Q-2024-000301,1,C022,P0112,2024-12-21,7,2447.05
BK-000304,Q-2024-000302,1,C008,P0073,2025-02-01,12,8218.48
BK-000305,Q-2024-000303,1,C025,P0118,2025-01-16,7,2239.69
BK-000306,Q-2024-000305,1,C017,P0056,2025-01-30,382,453.9
BK-000307,Q-2024-000306,2,C040,P0059,2025-01-05,218,320.55
BK-000308,Q-2024-000308,2,C004,P0037,2025-01-17,12,11850.94
BK-000309,Q-2024-000311,1,C014,P0030,2025-02-11,3,9113.85
BK-000310,Q-2024-000312,1,C028,P0001,2025-01-31,4,39265.94
BK-000311,Q-2024-000313,2,C027,P0077,2025-01-18,4,8193.46
BK-000312,Q-2024-000314,1,C028,P0078,2025-01-10,10,8968.21
BK-000313,Q-2024-000316,1,C015,P0083,2025-01-28,1,47928.18
BK-000314,Q-2024-000319,1,C030,P0073,2025-01-07,16,7842.69
BK-000315,Q-2024-000321,1,C003,P0039,2025-02-04,12,11395.57
BK-000316,Q-2024-000321,2,C003,P0027,2025-01-23,1,11120.28
BK-000317,Q-2024-000323,2,C014,P0100,2025-01-25,1,43548.0
BK-000318,Q-2024-000323,3,C014,P0030,2025-01-01,14,9054.37
BK-000319,Q-2024-000324,1,C039,P0050,2025-02-11,276,570.33
BK-000320,Q-2024-000324,2,C039,P0048,2025-02-06,85,530.24
BK-000321,Q-2024-000325,1,C019,P0030,2025-01-02,9,12200.87
BK-000322,Q-2024-000325,2,C019,P0021,2024-12-16,22,12082.17
BK-000323,Q-2024-000326,2,C017,P0005,2025-01-24,1,32026.04
BK-000324,Q-2024-000327,1,C017,P0002,2025-01-19,6,34779.54
BK-000325,Q-2024-000328,1,C001,P0005,2025-01-15,4,33927.26
BK-000326,Q-2024-000328,2,C001,P0015,2025-01-16,7,32576.92
BK-000327,Q-2024-000329,1,C009,P0091,2025-01-22,4,49038.62
BK-000328,Q-2024-000330,2,C014,P0033,2025-01-03,12,10417.73
BK-000329,Q-2024-000331,1,C010,P0040,2024-12-26,20,10731.41
BK-000330,Q-2024-000332,1,C025,P0076,2024-12-22,2,6297.45
BK-000331,Q-2024-000333,1,C033,P0046,2025-01-23,746,395.74
BK-000332,Q-2024-000333,2,C033,P0040,2025-01-25,3,10806.95
BK-000333,Q-2024-000335,1,C003,P0022,2024-12-29,19,10038.33
BK-000334,Q-2024-000336,1,C032,P0055,2025-01-27,466,434.62
BK-000335,Q-2024-000336,2,C032,P0098,2025-01-20,3,56238.6
BK-000336,Q-2024-000339,1,C002,P0066,2025-02-05,17,7037.73
BK-000337,Q-2024-000339,2,C002,P0060,2025-01-21,297,506.65
BK-000338,Q-2024-000339,4,C002,P0071,2025-01-07,12,7499.12
BK-000339,Q-2024-000340,1,C017,P0005,2025-01-04,5,32108.03
BK-000340,Q-2024-000340,3,C017,P0079,2025-01-13,20,7487.75
BK-000341,Q-2024-000341,1,C017,P0001,2025-01-10,2,34365.1
BK-000342,Q-2024-000341,2,C017,P0068,2025-02-17,13,7542.96
BK-000343,Q-2024-000343,1,C015,P0098,2025-02-10,3,48592.85
BK-000344,Q-2024-000343,2,C015,P0072,2025-01-05,15,7413.51
BK-000345,Q-2024-000344,1,C004,P0031,2025-01-12,14,11836.35
BK-000346,Q-2024-000344,2,C004,P0037,2025-01-29,3,11804.12
BK-000347,Q-2024-000345,2,C011,P0080,2025-02-06,11,7650.0
BK-000348,Q-2024-000345,3,C011,P0084,2025-01-07,3,48958.44
BK-000349,Q-2024-000346,1,C033,P0040,2025-01-15,22,11141.03
BK-000350,Q-2024-000349,1,C014,P0094,2025-01-04,2,41191.34
BK-000351,Q-2024-000350,1,C032,P0011,2025-01-02,4,36337.29
BK-000352,Q-2024-000351,1,C007,P0053,2025-01-06,142,402.55
BK-000353,Q-2024-000353,2,C014,P0030,2024-12-30,16,9118.63
BK-000354,Q-2024-000355,1,C005,P0010,2025-01-18,3,29314.32
BK-000355,Q-2024-000357,1,C010,P0035,2024-12-24,13,9538.15
BK-000356,Q-2024-000357,2,C010,P0040,2025-01-03,22,10727.51
BK-000357,Q-2024-000358,1,C001,P0042,2025-02-04,331,402.03
BK-000358,Q-2024-000358,2,C001,P0003,2024-12-23,1,30004.04
BK-000359,Q-2024-000360,1,C021,P0002,2024-12-30,2,30665.19
BK-000360,Q-2024-000360,2,C021,P0107,2025-01-25,37,2099.22
BK-000361,Q-2024-000363,1,C006,P0086,2025-01-03,1,47225.74
BK-000362,Q-2024-000363,2,C006,P0014,2025-02-11,3,41702.73
BK-000363,Q-2024-000365,1,C039,P0015,2024-12-27,3,33005.11
BK-000364,Q-2024-000365,2,C039,P0050,2025-01-03,363,520.09
BK-000365,Q-2025-000366,1,C030,P0073,2025-01-14,13,7869.24
BK-000366,Q-2025-000367,1,C011,P0083,2025-03-10,4,46690.85
BK-000367,Q-2025-000367,2,C011,P0080,2025-01-21,18,8222.38
BK-000368,Q-2025-000367,3,C011,P0106,2025-01-28,19,1915.08
BK-000369,Q-2025-000369,1,C029,P0088,2025-02-15,1,46780.9
BK-000370,Q-2025-000371,1,C012,P0087,2025-02-23,1,42729.38
BK-000371,Q-2025-000372,1,C009,P0095,2025-01-26,3,41132.56
BK-000372,Q-2025-000372,3,C009,P0094,2025-01-21,1,46244.38
BK-000373,Q-2025-000372,4,C009,P0068,2025-03-01,10,7688.53
BK-000374,Q-2025-000373,1,C030,P0066,2025-03-12,10,8135.88
BK-000375,Q-2025-000373,2,C030,P0073,2025-03-21,16,7859.17
BK-000376,Q-2025-000374,1,C004,P0100,2025-03-05,2,51166.03
BK-000377,Q-2025-000374,2,C004,P0031,2025-03-06,6,11868.59
BK-000378,Q-2025-000375,1,C024,P0041,2025-02-15,328,417.09
BK-000379,Q-2025-000378,2,C010,P0089,2025-02-21,1,45476.29
BK-000380,Q-2025-000379,1,C013,P0008,2025-03-13,6,34954.08
BK-000381,Q-2025-000380,1,C011,P0083,2025-02-19,1,40811.6
BK-000382,Q-2025-000381,1,C024,P0024,2025-02-15,22,10035.87
BK-000383,Q-2025-000384,2,C037,P0056,2025-02-22,714,449.01
BK-000384,Q-2025-000385,1,C017,P0053,2025-02-18,455,382.07
BK-000385,Q-2025-000386,2,C003,P0060,2025-02-16,590,415.12
BK-000386,Q-2025-000386,3,C003,P0025,2025-02-19,1,10552.97
BK-000387,Q-2025-000387,1,C040,P0059,2025-02-25,237,347.99
BK-000388,Q-2025-000387,2,C040,P0041,2025-02-11,515,393.0
BK-000389,Q-2025-000388,1,C015,P0083,2025-03-05,3,47997.87
BK-000390,Q-2025-000388,2,C015,P0097,2025-02-12,3,49773.9
BK-000391,Q-2025-000389,1,C015,P0062,2025-02-13,3,7781.16
BK-000392,Q-2025-000391,1,C009,P0095,2025-01-21,2,41228.09
BK-000393,Q-2025-000392,1,C037,P0056,2025-03-05,129,448.97
BK-000394,Q-2025-000392,2,C037,P0019,2025-02-03,8,38963.21
BK-000395,Q-2025-000393,1,C006,P0100,2025-02-15,2,47237.24
BK-000396,Q-2025-000396,1,C014,P0033,2025-02-11,12,10408.63
BK-000397,Q-2025-000396,2,C014,P0094,2025-02-06,4,41822.58
BK-000398,Q-2025-000396,4,C014,P0030,2025-03-09,10,9066.75
BK-000399,Q-2025-000397,1,C002,P0066,2025-01-29,3,7042.95
BK-000400,Q-2025-000400,1,C040,P0027,2025-01-26,20,10846.25
BK-000401,Q-2025-000401,1,C004,P0033,2025-02-08,14,11841.65
BK-000402,Q-2025-000401,2,C004,P0023,2025-01-16,12,10790.88
BK-000403,Q-2025-000401,3,C004,P0037,2025-01-17,11,11851.8
BK-000404,Q-2025-000401,4,C004,P0099,2025-01-24,1,50776.16
BK-000405,Q-2025-000402,1,C013,P0025,2025-01-20,19,12499.89
BK-000406,Q-2025-000403,1,C016,P0049,2025-01-14,239,452.28
BK-000407,Q-2025-000403,3,C016,P0065,2025-01-31,7,7889.91
BK-000408,Q-2025-000403,4,C016,P0086,2025-02-09,2,56277.62
BK-000409,Q-2025-000404,1,C013,P0008,2025-03-09,2,34703.23
BK-000410,Q-2025-000404,2,C013,P0022,2025-02-17,16,11653.37
BK-000411,Q-2025-000405,2,C015,P0088,2025-03-19,3,44135.71
BK-000412,Q-2025-000407,1,C032,P0053,2025-02-02,210,457.31
BK-000413,Q-2025-000409,1,C039,P0057,2025-02-10,725,495.84
BK-000414,Q-2025-000410,1,C036,P0003,2025-02-22,2,32514.15
BK-000415,Q-2025-000410,2,C036,P0069,2025-03-26,3,8261.32
BK-000416,Q-2025-000410,3,C036,P0097,2025-02-20,2,51314.77
BK-000417,Q-2025-000412,2,C016,P0073,2025-03-16,12,8511.88
BK-000418,Q-2025-000414,1,C040,P0031,2025-02-08,12,8820.37
BK-000419,Q-2025-000415,1,C033,P0054,2025-03-05,453,515.92
BK-000420,Q-2025-000416,1,C017,P0019,2025-03-23,1,30400.0
BK-000421,Q-2025-000417,1,C010,P0056,2025-01-19,425,521.23
BK-000422,Q-2025-000417,2,C010,P0022,2025-01-22,18,10313.75
BK-000423,Q-2025-000418,4,C005,P0044,2025-02-27,791,350.73
BK-000424,Q-2025-000419,1,C039,P0016,2025-02-21,5,38813.22
BK-000425,Q-2025-000420,1,C024,P0073,2025-02-26,16,7415.23
BK-000426,Q-2025-000424,1,C017,P0019,2025-02-13,2,33746.8
BK-000427,Q-2025-000425,1,C006,P0084,2025-02-24,1,47237.64
BK-000428,Q-2025-000426,2,C011,P0091,2025-02-14,2,51368.76
BK-000429,Q-2025-000427,2,C020,P0059,2025-04-12,211,383.34
BK-000430,Q-2025-000427,4,C020,P0053,2025-03-19,772,437.55
BK-000431,Q-2025-000428,1,C024,P0078,2025-03-08,2,7476.67
BK-000432,Q-2025-000428,2,C024,P0073,2025-02-10,15,6750.0
BK-000433,Q-2025-000429,1,C026,P0112,2025-03-07,37,2553.03
BK-000434,Q-2025-000429,2,C026,P0052,2025-03-24,318,538.72
BK-000435,Q-2025-000429,4,C026,P0120,2025-03-20,29,2513.26
BK-000436,Q-2025-000430,1,C017,P0079,2025-03-23,13,6823.47
BK-000437,Q-2025-000430,2,C017,P0005,2025-03-18,1,30610.91
BK-000438,Q-2025-000430,3,C017,P0007,2025-02-26,2,30347.79
BK-000439,Q-2025-000431,1,C009,P0094,2025-03-05,3,41135.79
BK-000440,Q-2025-000431,2,C009,P0068,2025-03-06,16,7729.25
BK-000441,Q-2025-000432,2,C034,P0082,2025-03-09,2,51402.57
BK-000442,Q-2025-000432,3,C034,P0063,2025-04-14,3,7279.32
BK-000443,Q-2025-000434,1,C004,P0029,2025-03-18,5,11836.63
BK-000444,Q-2025-000436,3,C030,P0071,2025-03-26,11,8736.52
BK-000445,Q-2025-000438,1,C032,P0053,2025-03-30,647,400.0
BK-000446,Q-2025-000438,2,C032,P0081,2025-03-29,1,46100.0
BK-000447,Q-2025-000441,1,C022,P0017,2025-04-23,8,41891.36
BK-000448,Q-2025-000442,1,C015,P0088,2025-03-29,3,43505.43
BK-000449,Q-2025-000442,2,C015,P0098,2025-03-15,2,48306.11
BK-000450,Q-2025-000443,1,C004,P0037,2025-02-22,2,11792.87
BK-000451,Q-2025-000444,1,C040,P0058,2025-02-19,418,451.69
BK-000452,Q-2025-000446,1,C009,P0094,2025-03-12,2,40989.68
BK-000453,Q-2025-000448,1,C012,P0107,2025-04-08,13,2220.15
BK-000454,Q-2025-000449,1,C018,P0011,2025-04-25,4,30448.67
BK-000455,Q-2025-000450,4,C003,P0026,2025-03-14,2,10804.84
BK-000456,Q-2025-000451,1,C006,P0011,2025-04-12,5,33907.44
BK-000457,Q-2025-000453,1,C015,P0098,2025-04-06,2,48549.83
BK-000458,Q-2025-000455,2,C036,P0001,2025-03-29,4,30487.01
BK-000459,Q-2025-000456,2,C014,P0033,2025-03-03,7,10417.2
BK-000460,Q-2025-000457,1,C007,P0065,2025-03-21,14,7491.07
BK-000461,Q-2025-000457,2,C007,P0002,2025-03-20,1,35955.47
BK-000462,Q-2025-000458,1,C017,P0068,2025-03-18,20,7573.11
BK-000463,Q-2025-000459,1,C040,P0031,2025-03-22,20,9059.71
BK-000464,Q-2025-000459,3,C040,P0034,2025-03-14,13,10063.44
BK-000465,Q-2025-000461,1,C016,P0092,2025-04-08,4,61307.98
BK-000466,Q-2025-000462,2,C005,P0058,2025-03-14,652,442.04
BK-000467,Q-2025-000465,2,C014,P0090,2025-04-10,1,36134.58
BK-000468,Q-2025-000465,3,C014,P0087,2025-04-08,3,38529.75
BK-000469,Q-2025-000467,2,C019,P0040,2025-04-10,20,11429.87
BK-000470,Q-2025-000468,1,C002,P0071,2025-02-23,8,7469.33
BK-000471,Q-2025-000470,1,C005,P0017,2025-05-03,4,30485.39
BK-000472,Q-2025-000470,2,C005,P0020,2025-04-10,1,34159.41
BK-000473,Q-2025-000471,1,C040,P0057,2025-03-01,282,435.91
BK-000474,Q-2025-000472,1,C002,P0067,2025-03-12,12,7462.51
BK-000475,Q-2025-000472,2,C002,P0066,2025-02-21,8,7083.79
BK-000476,Q-2025-000473,1,C001,P0042,2025-03-14,489,401.43
BK-000477,Q-2025-000474,1,C004,P0022,2025-02-27,9,10929.37
BK-000478,Q-2025-000475,1,C014,P0087,2025-04-10,2,38578.23
BK-000479,Q-2025-000475,2,C014,P0043,2025-03-20,371,355.83
BK-000480,Q-2025-000475,3,C014,P0033,2025-04-13,14,10351.1
BK-000481,Q-2025-000477,1,C037,P0091,2025-03-15,3,50170.02
BK-000482,Q-2025-000478,1,C011,P0106,2025-03-03,25,1912.23
BK-000483,Q-2025-000480,1,C015,P0098,2025-03-03,2,48375.73
BK-000484,Q-2025-000481,2,C007,P0010,2025-03-27,1,34067.99
BK-000485,Q-2025-000481,3,C007,P0043,2025-03-25,687,427.84
BK-000486,Q-2025-000481,4,C007,P0012,2025-03-15,1,36679.86
BK-000487,Q-2025-000483,1,C039,P0060,2025-03-27,344,597.86
BK-000488,Q-2025-000485,1,C001,P0042,2025-04-25,471,401.53
BK-000489,Q-2025-000485,4,C001,P0015,2025-04-20,1,32514.78
BK-000490,Q-2025-000486,1,C007,P0043,2025-02-12,800,423.56
BK-000491,Q-2025-000487,1,C007,P0065,2025-04-16,8,7575.06
BK-000492,Q-2025-000490,1,C004,P0033,2025-04-04,8,11855.23
BK-000493,Q-2025-000490,2,C004,P0031,2025-03-19,10,11877.2
BK-000494,Q-2025-000490,3,C004,P0023,2025-03-20,11,10765.67
BK-000495,Q-2025-000493,3,C017,P0079,2025-03-29,9,7479.06
BK-000496,Q-2025-000494,3,C019,P0030,2025-04-22,1,12250.97
BK-000497,Q-2025-000495,1,C034,P0081,2025-04-13,4,39771.05
BK-000498,Q-2025-000496,3,C032,P0046,2025-04-11,362,448.13
BK-000499,Q-2025-000496,4,C032,P0097,2025-04-21,2,61185.95
BK-000500,Q-2025-000497,2,C002,P0060,2025-04-25,402,506.37
BK-000501,Q-2025-000498,1,C033,P0022,2025-04-17,18,11540.24
BK-000502,Q-2025-000498,2,C033,P0028,2025-04-07,24,13470.51
BK-000503,Q-2025-000499,1,C024,P0024,2025-05-06,20,10040.88
BK-000504,Q-2025-000499,2,C024,P0073,2025-04-17,9,7438.64
BK-000505,Q-2025-000499,3,C024,P0060,2025-05-05,375,496.92
BK-000506,Q-2025-000500,1,C039,P0050,2025-03-16,104,571.22
BK-000507,Q-2025-000501,1,C024,P0060,2025-03-19,65,499.37
BK-000508,Q-2025-000504,1,C022,P0118,2025-05-05,29,2721.5
BK-000509,Q-2025-000507,1,C037,P0098,2025-05-05,2,52017.05
BK-000510,Q-2025-000508,1,C030,P0089,2025-03-30,1,46192.54
BK-000511,Q-2025-000509,2,C011,P0105,2025-03-21,12,2041.12
BK-000512,Q-2025-000510,1,C009,P0091,2025-04-07,1,43947.29
BK-000513,Q-2025-000511,2,C020,P0071,2025-04-17,4,8790.19
BK-000514,Q-2025-000512,1,C025,P0066,2025-04-07,9,8387.42
BK-000515,Q-2025-000513,1,C028,P0060,2025-04-22,95,555.99
BK-000516,Q-2025-000514,1,C023,P0055,2025-03-24,367,433.66
BK-000517,Q-2025-000514,2,C023,P0050,2025-03-27,543,477.28
BK-000518,Q-2025-000515,1,C017,P0068,2025-04-04,10,7265.31
BK-000519,Q-2025-000517,1,C027,P0071,2025-05-15,4,9206.81
BK-000520,Q-2025-000518,2,C027,P0077,2025-05-07,20,8224.73
BK-000521,Q-2025-000519,1,C011,P0073,2025-04-26,1,7970.48
BK-000522,Q-2025-000519,3,C011,P0097,2025-05-02,2,49813.7
BK-000523,Q-2025-000520,3,C012,P0097,2025-03-30,1,53381.07
BK-000524,Q-2025-000521,1,C009,P0080,2025-04-15,3,7409.05
BK-000525,Q-2025-000521,2,C009,P0093,2025-05-16,2,41375.06
BK-000526,Q-2025-000522,1,C034,P0081,2025-04-10,4,39727.61
BK-000527,Q-2025-000523,2,C020,P0071,2025-04-16,1,8792.79
BK-000528,Q-2025-000524,2,C027,P0079,2025-04-04,20,10201.98
BK-000529,Q-2025-000525,1,C025,P0113,2025-04-14,25,2188.19
BK-000530,Q-2025-000526,1,C001,P0015,2025-04-10,1,32360.54
BK-000531,Q-2025-000527,1,C012,P0059,2025-05-06,202,369.58
BK-000532,Q-2025-000528,1,C033,P0031,2025-04-28,19,10372.91
BK-000533,Q-2025-000530,1,C032,P0046,2025-04-30,550,449.0
BK-000534,Q-2025-000533,1,C011,P0080,2025-04-15,14,8248.43
BK-000535,Q-2025-000534,1,C001,P0042,2025-04-29,346,402.79
BK-000536,Q-2025-000535,1,C029,P0097,2025-04-23,1,47294.55
BK-000537,Q-2025-000535,2,C029,P0019,2025-04-10,7,33849.46
BK-000538,Q-2025-000536,1,C011,P0105,2025-03-21,34,2072.62
BK-000539,Q-2025-000538,1,C010,P0089,2025-04-28,1,44819.11
BK-000540,Q-2025-000539,1,C036,P0001,2025-03-22,3,30393.26
BK-000541,Q-2025-000539,2,C036,P0003,2025-04-22,5,32365.4
BK-000542,Q-2025-000539,3,C036,P0014,2025-05-07,6,39645.86
BK-000543,Q-2025-000540,1,C027,P0036,2025-04-11,7,14911.14
BK-000544,Q-2025-000541,1,C025,P0108,2025-04-17,6,1981.56
BK-000545,Q-2025-000543,2,C036,P0003,2025-03-20,2,32379.0
BK-000546,Q-2025-000544,1,C004,P0033,2025-05-06,12,11834.53
BK-000547,Q-2025-000544,2,C004,P0022,2025-03-22,21,10877.21
BK-000548,Q-2025-000545,1,C033,P0042,2025-04-13,312,465.0
BK-000549,Q-2025-000546,1,C023,P0110,2025-04-08,28,2024.92
BK-000550,Q-2025-000547,1,C019,P0030,2025-04-30,7,12249.14
BK-000551,Q-2025-000548,1,C004,P0023,2025-03-30,8,10796.65
BK-000552,Q-2025-000549,1,C015,P0083,2025-05-26,2,47973.82
BK-000553,Q-2025-000550,1,C017,P0079,2025-06-08,8,7480.08
BK-000554,Q-2025-000551,1,C018,P0011,2025-05-03,6,29163.18
BK-000555,Q-2025-000553,1,C007,P0076,2025-05-18,7,6933.76
BK-000556,Q-2025-000553,3,C007,P0010,2025-05-06,5,34988.52
BK-000557,Q-2025-000553,4,C007,P0059,2025-04-20,437,375.87
BK-000558,Q-2025-000554,1,C007,P0003,2025-05-10,5,31515.26
BK-000559,Q-2025-000555,1,C035,P0054,2025-05-19,460,475.0
BK-000560,Q-2025-000556,2,C031,P0015,2025-05-09,3,32381.71
BK-000561,Q-2025-000557,3,C004,P0029,2025-05-23,3,10950.0
BK-000562,Q-2025-000558,2,C027,P0034,2025-04-23,6,12986.18
BK-000563,Q-2025-000558,3,C027,P0077,2025-04-20,6,8219.67
BK-000564,Q-2025-000559,1,C004,P0099,2025-06-02,2,50731.4
BK-000565,Q-2025-000560,1,C009,P0099,2025-05-07,3,47560.91
BK-000566,Q-2025-000561,1,C017,P0056,2025-05-16,734,411.27
BK-000567,Q-2025-000562,1,C034,P0040,2025-05-13,7,9877.2
BK-000568,Q-2025-000562,2,C034,P0023,2025-05-04,23,9546.34
BK-000569,Q-2025-000563,2,C012,P0087,2025-05-22,2,45657.85
BK-000570,Q-2025-000564,1,C029,P0096,2025-05-10,1,36735.57
BK-000571,Q-2025-000565,2,C040,P0026,2025-06-08,12,9900.0
BK-000572,Q-2025-000566,1,C032,P0100,2025-05-06,1,54894.03
BK-000573,Q-2025-000566,2,C032,P0081,2025-04-27,2,52301.66
BK-000574,Q-2025-000566,4,C032,P0011,2025-05-05,1,36220.8
BK-000575,Q-2025-000567,1,C023,P0111,2025-05-19,11,2244.4
BK-000576,Q-2025-000568,1,C004,P0031,2025-06-13,14,10853.93
BK-000577,Q-2025-000569,1,C016,P0089,2025-05-17,4,54796.23
BK-000578,Q-2025-000570,1,C029,P0019,2025-05-16,3,33310.58
BK-000579,Q-2025-000571,1,C011,P0091,2025-07-01,1,51449.3
BK-000580,Q-2025-000572,1,C015,P0072,2025-05-23,12,7427.63
BK-000581,Q-2025-000572,2,C015,P0080,2025-05-01,8,8169.0
BK-000582,Q-2025-000573,2,C031,P0015,2025-04-25,6,32427.71
BK-000583,Q-2025-000574,2,C003,P0039,2025-05-30,20,11367.49
BK-000584,Q-2025-000575,2,C015,P0082,2025-05-01,1,54213.84
BK-000585,Q-2025-000575,3,C015,P0062,2025-04-23,20,7775.64
BK-000586,Q-2025-000577,3,C019,P0040,2025-05-04,2,11489.78
BK-000587,Q-2025-000578,1,C001,P0015,2025-05-28,4,32470.18
BK-000588,Q-2025-000578,2,C001,P0003,2025-05-12,7,28140.79
BK-000589,Q-2025-000579,1,C027,P0035,2025-05-28,9,12115.01
BK-000590,Q-2025-000579,2,C027,P0072,2025-05-21,16,9380.01
BK-000591,Q-2025-000581,1,C031,P0078,2025-07-02,6,7364.83
BK-000592,Q-2025-000581,2,C031,P0004,2025-06-20,5,37311.45
BK-000593,Q-2025-000582,1,C004,P0023,2025-04-29,10,10798.83
BK-000594,Q-2025-000583,1,C032,P0055,2025-05-21,330,432.4
BK-000595,Q-2025-000585,3,C039,P0015,2025-05-15,1,32957.77
BK-000596,Q-2025-000585,4,C039,P0049,2025-06-05,343,456.79
BK-000597,Q-2025-000587,1,C027,P0072,2025-06-03,12,9354.22
BK-000598,Q-2025-000589,2,C027,P0071,2025-05-18,15,9183.75
BK-000599,Q-2025-000590,2,C007,P0047,2025-05-27,387,431.3
BK-000600,Q-2025-000590,4,C007,P0003,2025-05-28,7,30300.5
BK-000601,Q-2025-000591,1,C038,P0071,2025-04-19,2,9162.08
BK-000602,Q-2025-000592,1,C011,P0084,2025-05-21,2,48942.17
BK-000603,Q-2025-000593,3,C014,P0030,2025-06-14,18,9058.63
BK-000604,Q-2025-000595,1,C040,P0058,2025-06-14,629,453.39
BK-000605,Q-2025-000595,3,C040,P0045,2025-06-08,371,401.26
BK-000606,Q-2025-000596,2,C037,P0006,2025-04-21,4,30886.53
BK-000607,Q-2025-000596,3,C037,P0019,2025-04-24,3,38898.95
BK-000608,Q-2025-000597,1,C032,P0098,2025-05-04,1,56306.8
BK-000609,Q-2025-000598,3,C006,P0005,2025-06-20,6,36743.21
BK-000610,Q-2025-000599,1,C028,P0048,2025-05-17,445,484.3
BK-000611,Q-2025-000599,2,C028,P0041,2025-05-27,652,533.07
BK-000612,Q-2025-000600,1,C027,P0077,2025-05-06,10,8244.18
BK-000613,Q-2025-000601,1,C011,P0097,2025-05-16,3,49982.57
BK-000614,Q-2025-000602,1,C032,P0098,2025-05-16,2,56329.21
BK-000615,Q-2025-000603,2,C033,P0031,2025-06-03,22,10287.66
BK-000616,Q-2025-000604,1,C032,P0098,2025-05-01,1,56247.59
BK-000617,Q-2025-000604,2,C032,P0046,2025-04-19,532,449.67
BK-000618,Q-2025-000605,1,C004,P0037,2025-05-30,14,11813.27
BK-000619,Q-2025-000606,1,C039,P0057,2025-05-11,757,503.5
BK-000620,Q-2025-000607,1,C008,P0116,2025-06-17,5,2183.42
BK-000621,Q-2025-000608,1,C028,P0048,2025-06-10,331,484.66
BK-000622,Q-2025-000609,1,C016,P0089,2025-05-31,1,54762.85
BK-000623,Q-2025-000610,1,C026,P0042,2025-06-06,209,499.88
BK-000624,Q-2025-000611,1,C040,P0057,2025-07-19,407,435.98
BK-000625,Q-2025-000611,2,C040,P0026,2025-06-16,18,10560.25
BK-000626,Q-2025-000611,3,C040,P0045,2025-06-21,405,399.71
BK-000627,Q-2025-000612,1,C034,P0027,2025-07-17,4,10654.52
BK-000628,Q-2025-000615,1,C004,P0100,2025-07-15,3,51313.72
BK-000629,Q-2025-000616,2,C003,P0024,2025-06-25,6,9755.55
BK-000630,Q-2025-000617,1,C004,P0037,2025-06-29,6,11856.89
BK-000631,Q-2025-000617,2,C004,P0022,2025-05-30,5,10298.42
BK-000632,Q-2025-000618,1,C011,P0084,2025-06-25,1,48609.2
BK-000633,Q-2025-000619,1,C002,P0067,2025-06-30,10,7463.18
BK-000634,Q-2025-000620,1,C023,P0044,2025-06-03,748,481.83
BK-000635,Q-2025-000623,1,C007,P0076,2025-07-01,4,6815.94
BK-000636,Q-2025-000624,1,C029,P0088,2025-05-23,1,56365.32
BK-000637,Q-2025-000624,2,C029,P0096,2025-06-23,4,35753.99
BK-000638,Q-2025-000624,3,C029,P0003,2025-06-08,8,33355.27
BK-000639,Q-2025-000625,1,C023,P0052,2025-06-23,169,503.2
BK-000640,Q-2025-000627,1,C019,P0030,2025-07-22,15,12230.62
BK-000641,Q-2025-000628,2,C023,P0060,2025-06-03,501,491.32
BK-000642,Q-2025-000628,3,C023,P0110,2025-07-18,28,2035.91
BK-000643,Q-2025-000628,4,C023,P0055,2025-05-25,280,435.0
BK-000644,Q-2025-000629,3,C012,P0120,2025-06-11,15,2351.21
BK-000645,Q-2025-000630,1,C012,P0053,2025-06-07,575,390.0
BK-000646,Q-2025-000630,2,C012,P0114,2025-06-17,17,2465.56
BK-000647,Q-2025-000631,1,C040,P0041,2025-06-18,566,394.97
BK-000648,Q-2025-000631,2,C040,P0039,2025-06-14,6,12797.59
BK-000649,Q-2025-000632,1,C040,P0026,2025-06-12,1,10564.13
BK-000650,Q-2025-000632,2,C040,P0031,2025-05-25,3,9105.01
BK-000651,Q-2025-000633,1,C026,P0112,2025-06-27,38,2551.43
BK-000652,Q-2025-000633,2,C026,P0120,2025-05-22,21,2510.59
BK-000653,Q-2025-000634,2,C032,P0041,2025-05-25,576,455.0
BK-000654,Q-2025-000635,3,C011,P0106,2025-06-26,27,1913.42
BK-000655,Q-2025-000635,4,C011,P0091,2025-06-10,4,51201.23
BK-000656,Q-2025-000636,1,C014,P0100,2025-06-02,2,47782.08
BK-000657,Q-2025-000636,2,C014,P0086,2025-05-27,3,40763.69
BK-000658,Q-2025-000637,1,C034,P0063,2025-07-03,2,7267.7
BK-000659,Q-2025-000638,1,C023,P0055,2025-06-08,182,485.76
BK-000660,Q-2025-000638,2,C023,P0052,2025-06-28,500,501.94
BK-000661,Q-2025-000639,1,C011,P0083,2025-06-28,4,46841.15
BK-000662,Q-2025-000639,2,C011,P0073,2025-06-04,17,7982.03
BK-000663,Q-2025-000639,4,C011,P0105,2025-06-05,39,2065.41
BK-000664,Q-2025-000640,1,C017,P0001,2025-05-31,6,30088.3
BK-000665,Q-2025-000642,1,C032,P0044,2025-06-01,125,545.86
BK-000666,Q-2025-000643,1,C037,P0091,2025-06-14,2,50260.77
BK-000667,Q-2025-000643,2,C037,P0019,2025-06-26,1,38739.34
BK-000668,Q-2025-000644,1,C004,P0029,2025-06-03,19,11819.97
BK-000669,Q-2025-000645,1,C008,P0019,2025-06-16,5,38546.95
BK-000670,Q-2025-000646,1,C011,P0080,2025-06-24,10,7579.98
BK-000671,Q-2025-000647,1,C027,P0079,2025-06-18,14,10257.19
BK-000672,Q-2025-000648,1,C040,P0024,2025-06-11,9,9343.19
BK-000673,Q-2025-000648,2,C040,P0057,2025-06-27,415,436.41
BK-000674,Q-2025-000650,1,C009,P0094,2025-05-18,1,46474.81
BK-000675,Q-2025-000650,2,C009,P0093,2025-06-23,3,41153.68
BK-000676,Q-2025-000651,4,C019,P0021,2025-05-31,7,12097.16
BK-000677,Q-2025-000652,3,C038,P0114,2025-06-15,6,2171.17
BK-000678,Q-2025-000653,1,C020,P0066,2025-05-31,5,7995.33
BK-000679,Q-2025-000654,1,C034,P0023,2025-06-14,3,9533.53
BK-000680,Q-2025-000655,2,C030,P0066,2025-06-03,5,8161.66
BK-000681,Q-2025-000656,2,C027,P0036,2025-07-21,13,14899.68
BK-000682,Q-2025-000657,1,C032,P0097,2025-06-02,4,61009.13
BK-000683,Q-2025-000657,2,C032,P0051,2025-05-24,330,481.88
BK-000684,Q-2025-000658,2,C019,P0103,2025-06-19,6,2262.46
BK-000685,Q-2025-000659,1,C039,P0018,2025-06-27,7,32518.68
BK-000686,Q-2025-000660,1,C038,P0065,2025-06-12,4,9144.29
BK-000687,Q-2025-000661,1,C016,P0091,2025-06-18,4,61291.02
BK-000688,Q-2025-000662,2,C006,P0016,2025-06-02,4,39037.06
BK-000689,Q-2025-000662,3,C006,P0093,2025-07-02,1,47346.4
BK-000690,Q-2025-000663,1,C017,P0049,2025-05-28,651,370.02
BK-000691,Q-2025-000664,1,C027,P0079,2025-06-24,13,10244.24
BK-000692,Q-2025-000665,2,C009,P0094,2025-06-01,3,46441.05
BK-000693,Q-2025-000666,1,C001,P0005,2025-06-21,6,34073.4
BK-000694,Q-2025-000667,1,C034,P0097,2025-08-02,2,43875.99
BK-000695,Q-2025-000668,1,C033,P0043,2025-07-21,698,423.89
BK-000696,Q-2025-000669,3,C009,P0091,2025-07-18,2,48880.96
BK-000697,Q-2025-000670,1,C034,P0023,2025-08-16,19,9552.67
BK-000698,Q-2025-000672,1,C025,P0066,2025-07-15,19,8424.51
BK-000699,Q-2025-000673,1,C009,P0068,2025-07-21,15,7200.0
BK-000700,Q-2025-000673,2,C009,P0099,2025-08-02,3,44852.73
BK-000701,Q-2025-000674,1,C021,P0003,2025-06-26,5,27551.91
BK-000702,Q-2025-000675,1,C015,P0082,2025-08-14,4,54287.1
BK-000703,Q-2025-000676,1,C010,P0087,2025-07-17,1,41651.89
BK-000704,Q-2025-000676,2,C010,P0035,2025-07-09,7,9607.99
BK-000705,Q-2025-000677,1,C033,P0048,2025-07-18,173,413.2
BK-000706,Q-2025-000679,1,C032,P0044,2025-07-20,84,424.92
BK-000707,Q-2025-000679,2,C032,P0051,2025-08-05,234,480.97
BK-000708,Q-2025-000680,1,C030,P0090,2025-07-13,2,41295.55
BK-000709,Q-2025-000681,1,C021,P0020,2025-08-07,2,30686.1
BK-000710,Q-2025-000681,2,C021,P0003,2025-08-14,8,27575.83
BK-000711,Q-2025-000681,3,C021,P0107,2025-07-24,31,2092.33
BK-000712,Q-2025-000682,1,C033,P0022,2025-07-30,16,10820.85
BK-000713,Q-2025-000683,1,C007,P0053,2025-07-23,257,397.36
BK-000714,Q-2025-000683,4,C007,P0065,2025-07-20,5,7529.53
BK-000715,Q-2025-000684,1,C024,P0054,2025-07-11,335,433.32
BK-000716,Q-2025-000684,3,C024,P0073,2025-07-10,6,6787.35
BK-000717,Q-2025-000684,4,C024,P0024,2025-06-28,12,10686.13
BK-000718,Q-2025-000685,1,C015,P0084,2025-07-30,1,44159.34
BK-000719,Q-2025-000686,1,C009,P0099,2025-07-12,3,45368.28
BK-000720,Q-2025-000686,2,C009,P0094,2025-08-03,2,55608.85
BK-000721,Q-2025-000687,1,C002,P0060,2025-06-27,528,506.89
BK-000722,Q-2025-000687,2,C002,P0073,2025-06-23,13,7684.65
BK-000723,Q-2025-000689,1,C015,P0097,2025-07-07,4,49974.16
BK-000724,Q-2025-000690,2,C032,P0009,2025-06-25,1,35933.02
BK-000725,Q-2025-000690,3,C032,P0011,2025-07-17,1,36418.36
BK-000726,Q-2025-000691,1,C035,P0054,2025-08-12,362,614.24
BK-000727,Q-2025-000691,2,C035,P0066,2025-07-08,13,9255.74
BK-000728,Q-2025-000691,3,C035,P0047,2025-07-12,549,459.24
BK-000729,Q-2025-000692,1,C016,P0073,2025-08-18,11,8517.63
BK-000730,Q-2025-000693,1,C014,P0090,2025-06-18,4,36296.69
BK-000731,Q-2025-000695,2,C006,P0095,2025-07-13,1,47440.73
BK-000732,Q-2025-000696,1,C038,P0071,2025-06-25,10,9138.72
BK-000733,Q-2025-000698,2,C040,P0024,2025-08-07,5,9281.5
BK-000734,Q-2025-000698,3,C040,P0058,2025-07-19,209,406.3
BK-000735,Q-2025-000699,1,C027,P0039,2025-07-09,6,13556.09
BK-000736,Q-2025-000699,2,C027,P0034,2025-07-05,20,12981.33
BK-000737,Q-2025-000700,1,C013,P0029,2025-07-15,16,13346.87
BK-000738,Q-2025-000702,1,C040,P0059,2025-07-24,398,347.89
BK-000739,Q-2025-000702,2,C040,P0026,2025-07-09,17,10614.47
BK-000740,Q-2025-000702,3,C040,P0053,2025-06-22,301,340.22
BK-000741,Q-2025-000704,3,C030,P0065,2025-07-21,18,7321.63
BK-000742,Q-2025-000704,4,C030,P0073,2025-07-04,15,7832.9
BK-000743,Q-2025-000705,2,C003,P0022,2025-07-09,5,9916.93
BK-000744,Q-2025-000706,2,C033,P0041,2025-07-16,81,467.24
BK-000745,Q-2025-000706,3,C033,P0054,2025-07-26,345,549.11
BK-000746,Q-2025-000707,1,C018,P0089,2025-07-08,4,54291.72
BK-000747,Q-2025-000708,1,C032,P0098,2025-07-13,4,56178.64
BK-000748,Q-2025-000710,1,C017,P0079,2025-06-09,6,7472.54
BK-000749,Q-2025-000710,2,C017,P0049,2025-07-07,333,425.21
BK-000750,Q-2025-000710,3,C017,P0042,2025-07-11,712,397.32
BK-000751,Q-2025-000711,2,C027,P0025,2025-07-30,11,13910.53
BK-000752,Q-2025-000712,1,C040,P0034,2025-07-13,12,9389.3
BK-000753,Q-2025-000713,1,C004,P0033,2025-07-19,16,12736.68
BK-000754,Q-2025-000714,2,C040,P0045,2025-08-09,257,394.16
BK-000755,Q-2025-000715,2,C004,P0033,2025-07-12,3,11858.72
BK-000756,Q-2025-000715,3,C004,P0037,2025-06-28,7,11805.6
BK-000757,Q-2025-000716,1,C032,P0081,2025-07-09,2,52640.99
BK-000758,Q-2025-000717,1,C033,P0022,2025-08-18,10,10750.52
BK-000759,Q-2025-000718,1,C026,P0059,2025-06-15,158,420.47
BK-000760,Q-2025-000721,1,C013,P0023,2025-07-21,2,10930.0
BK-000761,Q-2025-000722,1,C010,P0081,2025-06-29,3,42200.49
BK-000762,Q-2025-000723,1,C013,P0013,2025-07-22,5,32389.23
BK-000763,Q-2025-000723,2,C013,P0029,2025-08-28,19,13295.29
BK-000764,Q-2025-000723,3,C013,P0022,2025-07-10,3,11675.92
BK-000765,Q-2025-000724,1,C003,P0044,2025-07-16,331,374.7
BK-000766,Q-2025-000727,2,C037,P0098,2025-08-27,4,51754.47
BK-000767,Q-2025-000728,1,C012,P0053,2025-08-17,132,504.13
BK-000768,Q-2025-000729,1,C002,P0065,2025-08-26,4,7074.94
BK-000769,Q-2025-000730,1,C017,P0019,2025-08-21,6,30510.94
BK-000770,Q-2025-000731,1,C010,P0087,2025-08-20,3,41884.9
BK-000771,Q-2025-000732,3,C026,P0048,2025-08-18,150,472.15
BK-000772,Q-2025-000733,2,C001,P0018,2025-08-26,3,32591.77
BK-000773,Q-2025-000734,2,C040,P0059,2025-08-18,77,346.97
BK-000774,Q-2025-000734,3,C040,P0057,2025-08-21,218,435.11
BK-000775,Q-2025-000736,1,C005,P0049,2025-07-25,273,443.25
BK-000776,Q-2025-000736,2,C005,P0009,2025-09-12,2,29502.8
BK-000777,Q-2025-000736,3,C005,P0073,2025-07-30,10,6731.85
BK-000778,Q-2025-000738,1,C017,P0079,2025-08-10,2,6838.66
BK-000779,Q-2025-000739,1,C008,P0104,2025-09-03,7,2177.83
BK-000780,Q-2025-000739,2,C008,P0009,2025-08-06,7,32501.01
BK-000781,Q-2025-000741,1,C003,P0024,2025-07-18,14,9746.74
BK-000782,Q-2025-000741,3,C003,P0022,2025-07-28,18,10040.05
BK-000783,Q-2025-000743,2,C006,P0084,2025-08-14,1,47231.31
BK-000784,Q-2025-000745,1,C001,P0005,2025-08-16,5,33889.72
BK-000785,Q-2025-000746,1,C001,P0003,2025-07-20,1,28187.33
BK-000786,Q-2025-000747,3,C006,P0089,2025-08-13,3,50117.66
BK-000787,Q-2025-000749,1,C008,P0106,2025-09-04,30,2025.41
BK-000788,Q-2025-000749,2,C008,P0073,2025-08-24,6,8233.27
BK-000789,Q-2025-000750,1,C029,P0096,2025-09-11,3,37662.93
BK-000790,Q-2025-000750,2,C029,P0097,2025-08-05,4,47455.14
BK-000791,Q-2025-000751,1,C006,P0093,2025-08-03,3,47444.8
BK-000792,Q-2025-000753,1,C006,P0091,2025-08-01,1,58540.93
BK-000793,Q-2025-000754,1,C004,P0031,2025-07-24,21,11852.66
BK-000794,Q-2025-000755,1,C033,P0054,2025-08-12,38,516.02
BK-000795,Q-2025-000757,1,C039,P0060,2025-08-01,217,599.63
BK-000796,Q-2025-000758,1,C007,P0010,2025-08-24,2,34943.74
BK-000797,Q-2025-000759,2,C003,P0027,2025-08-08,24,12982.63
BK-000798,Q-2025-000760,1,C023,P0110,2025-08-14,12,2028.1
BK-000799,Q-2025-000762,1,C018,P0005,2025-09-27,1,34183.15
BK-000800,Q-2025-000762,2,C018,P0089,2025-08-18,2,52957.9
BK-000801,Q-2025-000762,3,C018,P0008,2025-09-06,6,33930.59
BK-000802,Q-2025-000763,1,C032,P0011,2025-08-19,5,36328.72
BK-000803,Q-2025-000764,1,C004,P0099,2025-08-12,3,50742.49
BK-000804,Q-2025-000766,1,C014,P0094,2025-08-16,4,41316.83
BK-000805,Q-2025-000767,1,C004,P0099,2025-09-02,2,50905.73
BK-000806,Q-2025-000769,1,C004,P0037,2025-07-30,22,11790.13
BK-000807,Q-2025-000770,1,C016,P0091,2025-07-31,1,61269.06
BK-000808,Q-2025-000770,2,C016,P0062,2025-07-19,5,8676.37
BK-000809,Q-2025-000771,1,C038,P0073,2025-08-26,18,9141.64
BK-000810,Q-2025-000772,1,C007,P0005,2025-08-12,5,36909.1
BK-000811,Q-2025-000774,1,C006,P0086,2025-08-11,2,47384.41
BK-000812,Q-2025-000775,2,C038,P0105,2025-09-11,25,2207.2
BK-000813,Q-2025-000778,1,C034,P0063,2025-09-28,17,7255.56
BK-000814,Q-2025-000779,1,C004,P0037,2025-09-16,6,11805.38
BK-000815,Q-2025-000779,2,C004,P0031,2025-08-25,7,11819.49
BK-000816,Q-2025-000779,3,C004,P0033,2025-08-13,15,11839.19
BK-000817,Q-2025-000779,4,C004,P0023,2025-08-19,22,10821.17
BK-000818,Q-2025-000780,1,C009,P0091,2025-08-04,1,49090.89
BK-000819,Q-2025-000781,1,C008,P0001,2025-08-15,5,36588.23
BK-000820,Q-2025-000781,2,C008,P0019,2025-08-18,7,38570.75
BK-000821,Q-2025-000782,1,C011,P0073,2025-08-10,2,7948.75
BK-000822,Q-2025-000782,2,C011,P0091,2025-10-04,1,44826.13
BK-000823,Q-2025-000783,1,C001,P0042,2025-09-07,366,402.44
BK-000824,Q-2025-000784,2,C040,P0026,2025-08-27,20,10621.59
BK-000825,Q-2025-000785,1,C011,P0084,2025-08-04,2,49005.97
BK-000826,Q-2025-000785,2,C011,P0080,2025-08-23,2,7608.0
BK-000827,Q-2025-000787,1,C026,P0120,2025-08-31,26,2514.65
BK-000828,Q-2025-000788,1,C011,P0106,2025-08-15,17,1909.68
BK-000829,Q-2025-000789,1,C030,P0073,2025-08-23,5,7841.22
BK-000830,Q-2025-000790,3,C015,P0082,2025-09-08,3,54075.17
BK-000831,Q-2025-000791,1,C027,P0072,2025-08-01,5,9374.69
BK-000832,Q-2025-000793,2,C002,P0071,2025-09-18,7,7484.98
BK-000833,Q-2025-000795,1,C030,P0073,2025-09-14,10,7864.64
BK-000834,Q-2025-000795,2,C030,P0089,2025-09-06,4,46173.22
BK-000835,Q-2025-000795,3,C030,P0090,2025-08-27,1,41193.02
BK-000836,Q-2025-000795,4,C030,P0065,2025-09-18,16,7331.2
BK-000837,Q-2025-000796,1,C030,P0096,2025-09-30,3,38445.79
BK-000838,Q-2025-000797,1,C005,P0066,2025-09-07,5,7308.04
BK-000839,Q-2025-000801,1,C015,P0092,2025-10-26,4,47151.8
BK-000840,Q-2025-000801,2,C015,P0082,2025-09-09,1,54183.45
BK-000841,Q-2025-000801,4,C015,P0077,2025-09-08,13,6636.85
BK-000842,Q-2025-000802,1,C011,P0097,2025-09-09,2,44730.86
BK-000843,Q-2025-000804,1,C040,P0039,2025-09-18,6,12949.0
BK-000844,Q-2025-000805,3,C027,P0079,2025-09-01,8,10208.27
BK-000845,Q-2025-000806,1,C005,P0073,2025-08-24,19,7090.3
BK-000846,Q-2025-000806,4,C005,P0066,2025-09-11,13,7320.72
BK-000847,Q-2025-000807,1,C003,P0060,2025-09-23,486,382.57
BK-000848,Q-2025-000808,1,C040,P0045,2025-10-03,759,412.69
BK-000849,Q-2025-000809,2,C025,P0076,2025-09-28,4,6313.35
BK-000850,Q-2025-000809,4,C025,P0109,2025-09-21,19,2190.39
BK-000851,Q-2025-000811,2,C017,P0045,2025-09-14,86,419.22
BK-000852,Q-2025-000812,1,C025,P0076,2025-09-26,11,6300.14
BK-000853,Q-2025-000814,2,C011,P0073,2025-10-01,2,7118.44
BK-000854,Q-2025-000816,1,C031,P0069,2025-09-14,19,7891.79
BK-000855,Q-2025-000817,2,C006,P0093,2025-09-04,4,47420.6
BK-000856,Q-2025-000818,1,C011,P0080,2025-09-02,10,8234.31
BK-000857,Q-2025-000819,1,C012,P0099,2025-10-04,3,53809.75
BK-000858,Q-2025-000821,1,C007,P0001,2025-08-23,4,31236.64
BK-000859,Q-2025-000822,1,C027,P0035,2025-09-19,13,12086.65
BK-000860,Q-2025-000822,2,C027,P0036,2025-08-29,7,14916.1
BK-000861,Q-2025-000822,3,C027,P0039,2025-09-19,3,12660.38
BK-000862,Q-2025-000825,1,C006,P0086,2025-09-08,1,47180.98
BK-000863,Q-2025-000827,2,C008,P0077,2025-09-08,6,9227.76
BK-000864,Q-2025-000827,3,C008,P0001,2025-10-17,2,30942.99
BK-000865,Q-2025-000830,1,C006,P0093,2025-10-18,4,47415.08
BK-000866,Q-2025-000830,2,C006,P0014,2025-10-10,2,41700.74
BK-000867,Q-2025-000831,2,C013,P0022,2025-09-12,6,11665.31
BK-000868,Q-2025-000832,1,C016,P0091,2025-10-03,1,61399.86
BK-000869,Q-2025-000833,1,C001,P0015,2025-10-04,3,32429.7
BK-000870,Q-2025-000834,1,C002,P0067,2025-09-10,10,7443.83
BK-000871,Q-2025-000834,2,C002,P0060,2025-09-29,149,506.57
BK-000872,Q-2025-000837,1,C034,P0074,2025-10-03,3,7692.85
BK-000873,Q-2025-000838,1,C032,P0041,2025-09-25,719,496.15
BK-000874,Q-2025-000839,1,C004,P0029,2025-09-26,8,11845.22
BK-000875,Q-2025-000840,1,C030,P0089,2025-09-03,4,46235.18
BK-000876,Q-2025-000840,2,C030,P0065,2025-08-28,18,7308.26
BK-000877,Q-2025-000840,3,C030,P0066,2025-08-22,3,8131.37
BK-000878,Q-2025-000841,1,C013,P0023,2025-09-01,4,10935.98
BK-000879,Q-2025-000841,2,C013,P0008,2025-08-25,2,34494.29
BK-000880,Q-2025-000842,1,C025,P0063,2025-09-16,13,7513.86
BK-000881,Q-2025-000842,2,C025,P0076,2025-09-20,8,6307.84
BK-000882,Q-2025-000843,1,C011,P0091,2025-09-09,3,51181.9
BK-000883,Q-2025-000843,3,C011,P0097,2025-09-11,1,49855.62
BK-000884,Q-2025-000845,1,C024,P0060,2025-09-10,332,398.53
BK-000885,Q-2025-000845,2,C024,P0024,2025-09-25,5,10661.16
BK-000886,Q-2025-000845,3,C024,P0078,2025-10-06,4,7469.02
BK-000887,Q-2025-000846,1,C033,P0028,2025-09-13,4,13215.46
BK-000888,Q-2025-000848,1,C013,P0013,2025-08-28,4,32491.53
BK-000889,Q-2025-000848,3,C013,P0008,2025-10-25,4,34721.18
BK-000890,Q-2025-000848,4,C013,P0022,2025-08-31,2,11627.89
BK-000891,Q-2025-000849,1,C017,P0045,2025-09-01,92,404.99
BK-000892,Q-2025-000849,2,C017,P0079,2025-09-08,8,7459.84
BK-000893,Q-2025-000851,1,C032,P0044,2025-09-17,781,546.28
BK-000894,Q-2025-000851,2,C032,P0095,2025-09-14,3,46058.82
BK-000895,Q-2025-000853,1,C011,P0084,2025-08-30,4,49098.38
BK-000896,Q-2025-000853,2,C011,P0083,2025-09-23,1,46945.72
BK-000897,Q-2025-000853,4,C011,P0080,2025-10-01,7,7607.5
BK-000898,Q-2025-000854,1,C030,P0071,2025-09-24,6,8755.56
BK-000899,Q-2025-000855,1,C040,P0053,2025-09-13,612,354.9
BK-000900,Q-2025-000855,2,C040,P0045,2025-09-14,245,389.67
BK-000901,Q-2025-000855,3,C040,P0031,2025-10-05,23,8936.17
BK-000902,Q-2025-000856,1,C036,P0081,2025-09-06,4,52827.76
BK-000903,Q-2025-000856,2,C036,P0094,2025-09-06,2,44600.0
BK-000904,Q-2025-000857,3,C003,P0033,2025-08-18,21,10726.66
BK-000905,Q-2025-000857,4,C003,P0044,2025-09-04,541,372.46
BK-000906,Q-2025-000859,1,C009,P0068,2025-09-08,13,7276.39
BK-000907,Q-2025-000862,1,C032,P0098,2025-10-11,2,56240.39
BK-000908,Q-2025-000864,1,C001,P0015,2025-09-16,6,32779.43
BK-000909,Q-2025-000864,2,C001,P0003,2025-10-10,1,28114.91
BK-000910,Q-2025-000864,3,C001,P0042,2025-09-19,106,402.55
BK-000911,Q-2025-000865,1,C011,P0073,2025-09-30,10,7050.0
BK-000912,Q-2025-000865,2,C011,P0091,2025-09-02,1,51431.81
BK-000913,Q-2025-000866,1,C024,P0078,2025-09-03,20,7503.36
BK-000914,Q-2025-000867,1,C026,P0112,2025-10-08,14,2556.84
BK-000915,Q-2025-000867,2,C026,P0052,2025-10-16,687,538.5
BK-000916,Q-2025-000867,3,C026,P0050,2025-10-15,270,622.47
BK-000917,Q-2025-000868,1,C011,P0083,2025-10-18,1,41039.3
BK-000918,Q-2025-000869,2,C001,P0018,2025-09-29,2,32547.18
BK-000919,Q-2025-000870,2,C031,P0008,2025-10-19,1,32341.0
BK-000920,Q-2025-000870,3,C031,P0102,2025-10-10,17,1951.53
BK-000921,Q-2025-000870,4,C031,P0073,2025-10-16,4,8000.0
BK-000922,Q-2025-000871,1,C001,P0042,2025-09-17,776,400.91
BK-000923,Q-2025-000871,2,C001,P0005,2025-09-23,1,33931.3
BK-000924,Q-2025-000871,3,C001,P0015,2025-09-23,2,32258.05
BK-000925,Q-2025-000873,1,C027,P0034,2025-09-27,14,14698.71
BK-000926,Q-2025-000873,2,C027,P0072,2025-09-25,9,9395.54
BK-000927,Q-2025-000875,1,C040,P0059,2025-10-24,469,325.0
BK-000928,Q-2025-000876,2,C009,P0095,2025-10-17,1,41133.08
BK-000929,Q-2025-000877,1,C017,P0042,2025-10-03,509,468.87
BK-000930,Q-2025-000878,2,C001,P0042,2025-10-03,523,400.24
BK-000931,Q-2025-000879,1,C026,P0112,2025-10-30,20,2561.11
BK-000932,Q-2025-000880,1,C027,P0025,2025-10-14,14,14218.21
BK-000933,Q-2025-000881,1,C024,P0054,2025-10-24,770,405.0
BK-000934,Q-2025-000882,1,C013,P0022,2025-09-24,9,11693.65
BK-000935,Q-2025-000882,2,C013,P0008,2025-09-18,1,34667.37
BK-000936,Q-2025-000884,1,C005,P0058,2025-10-07,577,441.56
BK-000937,Q-2025-000884,2,C005,P0009,2025-11-05,4,29179.88
BK-000938,Q-2025-000886,1,C026,P0112,2025-10-01,33,2553.57
BK-000939,Q-2025-000887,1,C034,P0040,2025-09-21,2,10826.9
BK-000940,Q-2025-000887,2,C034,P0074,2025-09-27,2,7732.27
BK-000941,Q-2025-000888,1,C040,P0041,2025-10-17,700,433.16
BK-000942,Q-2025-000889,1,C011,P0106,2025-10-03,10,1897.4
BK-000943,Q-2025-000890,1,C028,P0016,2025-10-10,3,42383.74
BK-000944,Q-2025-000891,2,C018,P0089,2025-09-28,1,54460.3
BK-000945,Q-2025-000892,1,C030,P0089,2025-10-03,4,45955.4
BK-000946,Q-2025-000893,1,C040,P0034,2025-09-26,13,10012.11
BK-000947,Q-2025-000893,2,C040,P0057,2025-10-14,537,435.87
BK-000948,Q-2025-000896,1,C004,P0022,2025-10-25,7,10873.81
BK-000949,Q-2025-000896,2,C004,P0031,2025-10-01,13,11807.71
BK-000950,Q-2025-000897,1,C028,P0058,2025-10-01,106,606.26
BK-000951,Q-2025-000898,1,C003,P0027,2025-10-15,9,13003.25
BK-000952,Q-2025-000900,1,C029,P0097,2025-10-05,1,47322.12
BK-000953,Q-2025-000901,1,C017,P0048,2025-10-23,775,414.29
BK-000954,Q-2025-000903,1,C016,P0065,2025-10-19,16,7915.62
BK-000955,Q-2025-000904,1,C017,P0007,2025-10-06,1,31553.08
BK-000956,Q-2025-000904,2,C017,P0019,2025-10-09,2,31479.37
BK-000957,Q-2025-000905,1,C031,P0114,2025-10-01,18,1899.79
BK-000958,Q-2025-000908,3,C027,P0037,2025-10-29,14,12153.93
BK-000959,Q-2025-000911,3,C037,P0056,2025-11-08,665,450.65
BK-000960,Q-2025-000912,1,C005,P0020,2025-10-03,4,34039.91
BK-000961,Q-2025-000912,2,C005,P0058,2025-10-16,192,439.77
BK-000962,Q-2025-000914,1,C018,P0005,2025-11-03,1,34116.96
BK-000963,Q-2025-000915,1,C022,P0016,2025-10-04,3,39885.53
BK-000964,Q-2025-000917,3,C004,P0023,2025-10-14,24,10753.02
BK-000965,Q-2025-000918,1,C035,P0066,2025-10-30,19,9271.5
BK-000966,Q-2025-000919,2,C022,P0112,2025-09-29,21,2447.04
BK-000967,Q-2025-000920,1,C013,P0029,2025-10-30,16,13361.61
BK-000968,Q-2025-000921,1,C033,P0040,2025-09-12,17,10783.35
BK-000969,Q-2025-000922,1,C015,P0080,2025-10-23,13,8274.28
BK-000970,Q-2025-000923,1,C009,P0094,2025-10-07,3,46543.22
BK-000971,Q-2025-000924,1,C007,P0010,2025-11-05,3,34920.15
BK-000972,Q-2025-000924,2,C007,P0053,2025-11-13,309,395.95
BK-000973,Q-2025-000925,1,C035,P0045,2025-10-03,716,426.12
BK-000974,Q-2025-000927,2,C013,P0025,2025-09-15,15,12469.07
BK-000975,Q-2025-000928,1,C007,P0001,2025-10-07,3,32437.35
BK-000976,Q-2025-000930,1,C040,P0039,2025-10-09,12,11812.36
BK-000977,Q-2025-000931,1,C023,P0052,2025-10-29,65,500.69
BK-000978,Q-2025-000932,1,C035,P0047,2025-10-24,195,462.18
BK-000979,Q-2025-000933,1,C040,P0057,2025-10-02,449,435.33
BK-000980,Q-2025-000936,2,C039,P0052,2025-11-01,360,514.13
BK-000981,Q-2025-000937,1,C040,P0041,2025-09-17,711,431.02
BK-000982,Q-2025-000937,2,C040,P0031,2025-10-08,20,9139.06
BK-000983,Q-2025-000937,3,C040,P0053,2025-10-01,172,330.43
BK-000984,Q-2025-000938,2,C008,P0115,2025-10-20,29,2265.23
BK-000985,Q-2025-000939,1,C022,P0017,2025-11-09,7,42034.63
BK-000986,Q-2025-000939,2,C022,P0101,2025-11-07,11,2474.83
BK-000987,Q-2025-000940,1,C014,P0087,2025-11-11,1,38709.84
BK-000988,Q-2025-000940,2,C014,P0033,2025-11-22,17,10425.34
BK-000989,Q-2025-000941,1,C011,P0084,2025-11-08,2,48982.05
BK-000990,Q-2025-000941,2,C011,P0080,2025-12-14,13,8226.04
BK-000991,Q-2025-000942,1,C017,P0042,2025-11-17,575,470.36
BK-000992,Q-2025-000943,1,C006,P0005,2025-10-28,3,36908.71
BK-000993,Q-2025-000944,1,C034,P0063,2025-10-27,13,7223.2
BK-000994,Q-2025-000945,2,C017,P0064,2025-11-04,3,8275.12
BK-000995,Q-2025-000946,1,C029,P0003,2025-11-13,1,33321.24
BK-000996,Q-2025-000946,2,C029,P0088,2025-12-13,3,61753.36
BK-000997,Q-2025-000947,1,C002,P0073,2025-11-22,8,7656.1
BK-000998,Q-2025-000947,2,C002,P0065,2025-11-13,8,7051.33
BK-000999,Q-2025-000947,3,C002,P0067,2025-12-03,10,7486.29
BK-001000,Q-2025-000948,1,C006,P0091,2025-12-22,1,58624.08
BK-001001,Q-2025-000948,2,C006,P0017,2025-11-12,6,36372.04
BK-001002,Q-2025-000949,1,C025,P0113,2025-11-09,13,2203.06
BK-001003,Q-2025-000951,1,C029,P0019,2025-12-14,7,33432.23
BK-001004,Q-2025-000952,1,C036,P0097,2025-10-27,4,51174.22
BK-001005,Q-2025-000953,1,C028,P0044,2025-10-29,577,549.27
BK-001006,Q-2025-000953,2,C028,P0060,2025-11-11,403,550.81
BK-001007,Q-2025-000955,1,C011,P0105,2025-11-22,28,2074.52
BK-001008,Q-2025-000956,1,C027,P0071,2025-11-19,16,9178.5
BK-001009,Q-2025-000957,2,C006,P0020,2025-11-17,4,38679.41
BK-001010,Q-2025-000962,1,C020,P0053,2025-11-29,122,437.88
BK-001011,Q-2025-000963,1,C025,P0108,2025-12-19,39,1980.24
BK-001012,Q-2025-000964,1,C027,P0072,2025-10-27,14,9393.4
BK-001013,Q-2025-000967,1,C015,P0098,2025-11-10,4,48392.66
BK-001014,Q-2025-000967,2,C015,P0077,2025-11-05,13,6615.75
BK-001015,Q-2025-000968,2,C010,P0087,2025-11-09,2,41868.52
BK-001016,Q-2025-000970,1,C033,P0041,2025-11-09,131,410.0
BK-001017,Q-2025-000971,1,C033,P0041,2025-11-01,197,410.0
BK-001018,Q-2025-000972,1,C017,P0005,2025-12-02,3,30392.8
BK-001019,Q-2025-000973,1,C025,P0076,2025-11-11,3,6281.8
BK-001020,Q-2025-000975,1,C002,P0107,2025-11-11,40,2643.16
BK-001021,Q-2025-000975,2,C002,P0105,2025-12-24,27,2134.16
BK-001022,Q-2025-000976,1,C021,P0114,2025-11-03,6,2199.83
BK-001023,Q-2025-000976,2,C021,P0017,2025-11-02,3,35582.34
BK-001024,Q-2025-000978,1,C011,P0091,2025-11-15,4,50373.25
BK-001025,Q-2025-000979,1,C017,P0042,2025-11-10,343,399.47
BK-001026,Q-2025-000980,2,C032,P0088,2025-11-26,2,49461.38
BK-001027,Q-2025-000981,1,C009,P0093,2025-11-17,1,47411.19
BK-001028,Q-2025-000981,2,C009,P0065,2025-10-23,5,6571.56
BK-001029,Q-2025-000981,3,C009,P0091,2025-10-19,3,44140.68
BK-001030,Q-2025-000982,1,C029,P0003,2025-12-02,1,33476.91
BK-001031,Q-2025-000982,2,C029,P0096,2025-12-21,2,36190.29
BK-001032,Q-2025-000984,1,C001,P0003,2025-12-20,2,28257.8
BK-001033,Q-2025-000985,1,C004,P0099,2025-11-22,2,47706.91
BK-001034,Q-2025-000985,2,C004,P0098,2025-11-20,1,61744.81
BK-001035,Q-2025-000986,1,C004,P0023,2025-11-07,17,10787.96
BK-001036,Q-2025-000987,1,C021,P0105,2025-10-19,37,1836.86
BK-001037,Q-2025-000988,2,C013,P0022,2025-10-25,15,10280.69
BK-001038,Q-2025-000989,1,C004,P0100,2025-10-17,1,51253.87
BK-001039,Q-2025-000990,1,C013,P0008,2025-12-09,1,37585.67
BK-001040,Q-2025-000991,1,C006,P0016,2025-11-12,5,44212.06
BK-001041,Q-2025-000991,2,C006,P0017,2025-12-03,3,36379.83
BK-001042,Q-2025-000991,3,C006,P0014,2025-11-03,7,41641.19
BK-001043,Q-2025-000992,1,C015,P0080,2025-10-26,3,8248.51
BK-001044,Q-2025-000993,1,C020,P0051,2025-10-28,641,436.28
BK-001045,Q-2025-000995,1,C032,P0046,2025-10-27,195,448.32
BK-001046,Q-2025-000995,2,C032,P0088,2025-11-06,3,53314.14
BK-001047,Q-2025-000996,2,C039,P0060,2025-12-13,798,597.06
BK-001048,Q-2025-000996,3,C039,P0015,2025-11-28,3,33010.48
BK-001049,Q-2025-000997,1,C007,P0043,2025-11-05,631,427.63
BK-001050,Q-2025-000997,2,C007,P0065,2025-10-21,20,7698.71
BK-001051,Q-2025-000998,1,C002,P0065,2025-11-25,19,7069.1
BK-001052,Q-2025-000998,2,C002,P0107,2025-10-22,24,2245.09
BK-001053,Q-2025-000999,1,C013,P0008,2025-11-04,4,34679.83
BK-001054,Q-2025-001000,2,C010,P0055,2025-11-06,620,363.42
BK-001055,Q-2025-001000,3,C010,P0081,2025-11-04,4,42327.48
BK-001056,Q-2025-001000,4,C010,P0089,2025-10-20,2,44580.74
BK-001057,Q-2025-001002,1,C017,P0064,2025-11-12,5,8523.98
BK-001058,Q-2025-001003,1,C040,P0059,2025-10-28,721,387.02
BK-001059,Q-2025-001003,2,C040,P0041,2025-11-03,569,395.0
BK-001060,Q-2025-001003,3,C040,P0058,2025-11-16,404,454.17
BK-001061,Q-2025-001004,1,C011,P0073,2025-10-30,4,7946.59
BK-001062,Q-2025-001006,1,C020,P0079,2025-11-18,10,8004.59
BK-001063,Q-2025-001007,2,C027,P0077,2025-11-16,8,8230.89
BK-001064,Q-2025-001008,1,C008,P0001,2025-12-12,7,36727.39
BK-001065,Q-2025-001009,1,C015,P0082,2025-11-30,3,54094.66
BK-001066,Q-2025-001009,2,C015,P0062,2025-11-13,17,7740.36
BK-001067,Q-2025-001009,3,C015,P0097,2025-11-11,2,49980.76
BK-001068,Q-2025-001010,2,C031,P0015,2025-11-01,6,32584.92
BK-001069,Q-2025-001010,3,C031,P0008,2025-11-22,8,32354.92
BK-001070,Q-2025-001010,4,C031,P0073,2025-12-11,19,7950.0
BK-001071,Q-2025-001011,1,C005,P0044,2025-11-12,188,369.24
BK-001072,Q-2025-001011,2,C005,P0073,2025-11-23,10,7180.47
BK-001073,Q-2025-001011,3,C005,P0020,2025-12-03,8,29797.75
BK-001074,Q-2025-001013,1,C030,P0096,2025-11-25,3,37416.29
BK-001075,Q-2025-001015,1,C034,P0074,2025-11-09,15,7737.19
BK-001076,Q-2025-001016,1,C009,P0099,2025-11-24,4,47819.45
BK-001077,Q-2025-001018,2,C004,P0023,2025-12-14,12,10812.09
BK-001078,Q-2025-001019,1,C012,P0053,2025-11-14,259,503.45
BK-001079,Q-2025-001021,1,C004,P0033,2025-11-15,10,12334.75
BK-001080,Q-2025-001021,2,C004,P0100,2025-11-16,1,51174.79
BK-001081,Q-2025-001022,1,C030,P0066,2025-11-10,2,8137.5
BK-001082,Q-2025-001023,1,C015,P0083,2025-11-09,2,47884.62
BK-001083,Q-2025-001023,2,C015,P0088,2025-11-15,3,43427.34
BK-001084,Q-2025-001025,1,C036,P0019,2025-11-17,5,37620.06
BK-001085,Q-2025-001027,1,C021,P0017,2026-01-04,2,35582.2
BK-001086,Q-2025-001028,2,C032,P0095,2025-12-07,2,46163.64
BK-001087,Q-2025-001029,1,C004,P0037,2025-12-13,16,11838.25
BK-001088,Q-2025-001030,1,C033,P0027,2025-11-30,12,14369.2
BK-001089,Q-2025-001030,2,C033,P0032,2025-12-10,15,10338.79
BK-001090,Q-2025-001030,3,C033,P0040,2026-01-05,12,11134.82
BK-001091,Q-2025-001032,1,C009,P0093,2025-12-17,3,47103.17
BK-001092,Q-2025-001033,3,C032,P0042,2025-12-02,87,479.95
BK-001093,Q-2025-001034,1,C032,P0011,2025-12-22,1,36334.69
BK-001094,Q-2025-001034,2,C032,P0055,2025-11-23,196,420.74
BK-001095,Q-2025-001034,4,C032,P0095,2025-11-28,1,45943.75
BK-001096,Q-2025-001036,1,C017,P0001,2025-12-22,3,30200.0
BK-001097,Q-2025-001036,2,C017,P0079,2025-12-23,13,7466.5
BK-001098,Q-2025-001037,2,C011,P0106,2025-12-14,19,2009.64
BK-001099,Q-2025-001039,1,C027,P0071,2025-12-07,20,8849.28
BK-001100,Q-2025-001040,1,C033,P0027,2025-11-25,20,13207.27
BK-001101,Q-2025-001040,2,C033,P0045,2026-01-09,527,409.03
BK-001102,Q-2025-001041,1,C009,P0099,2025-11-22,1,45000.0
BK-001103,Q-2025-001042,1,C029,P0097,2025-11-20,1,47296.77
BK-001104,Q-2025-001043,1,C027,P0036,2025-12-18,11,14961.89
BK-001105,Q-2025-001046,1,C002,P0107,2025-12-28,40,2450.21
BK-001106,Q-2025-001046,2,C002,P0071,2025-12-21,17,7477.9
BK-001107,Q-2025-001046,3,C002,P0073,2025-12-12,10,7663.14
BK-001108,Q-2025-001048,1,C019,P0030,2025-12-08,5,12221.55
BK-001109,Q-2025-001050,1,C034,P0067,2026-01-09,14,7435.63
BK-001110,Q-2025-001051,1,C004,P0100,2025-12-23,2,51393.03
BK-001111,Q-2025-001051,2,C004,P0098,2025-12-29,2,61783.57
BK-001112,Q-2025-001052,3,C022,P0011,2025-11-22,7,37525.72
BK-001113,Q-2025-001053,1,C019,P0040,2025-12-06,18,11556.32
BK-001114,Q-2025-001057,1,C040,P0057,2025-12-30,110,434.49
BK-001115,Q-2025-001057,2,C040,P0026,2025-11-22,23,10585.62
BK-001116,Q-2025-001058,1,C011,P0097,2025-12-06,3,44790.82
BK-001117,Q-2025-001058,2,C011,P0091,2026-01-06,2,51328.18
BK-001118,Q-2025-001058,3,C011,P0080,2025-12-03,5,8210.36
BK-001119,Q-2025-001059,1,C005,P0044,2025-12-11,569,370.61
BK-001120,Q-2025-001059,4,C005,P0058,2026-01-07,671,468.17
BK-001121,Q-2025-001060,1,C029,P0097,2025-12-21,4,47487.66
BK-001122,Q-2025-001061,1,C032,P0041,2025-11-20,161,495.14
BK-001123,Q-2025-001061,2,C032,P0095,2025-12-10,1,45890.43
BK-001124,Q-2025-001061,3,C032,P0042,2025-11-25,223,480.33
BK-001125,Q-2025-001063,1,C002,P0066,2025-12-26,8,7042.55
BK-001126,Q-2025-001065,1,C018,P0111,2025-12-16,3,2127.36
BK-001127,Q-2025-001066,1,C009,P0091,2025-12-30,2,49088.51
BK-001128,Q-2025-001067,2,C035,P0061,2025-11-25,19,8379.16
BK-001129,Q-2025-001068,1,C027,P0072,2025-11-08,1,9379.14
BK-001130,Q-2025-001069,1,C040,P0057,2026-01-03,117,436.52
BK-001131,Q-2025-001070,1,C040,P0053,2025-12-24,639,331.92
BK-001132,Q-2025-001071,1,C032,P0042,2025-12-03,552,482.24
BK-001133,Q-2025-001072,1,C017,P0056,2025-12-15,342,453.63
BK-001134,Q-2025-001073,1,C003,P0044,2025-12-22,782,373.49
BK-001135,Q-2025-001073,2,C003,P0033,2025-12-14,6,10745.14
BK-001136,Q-2025-001073,3,C003,P0039,2025-11-14,13,11369.46
BK-001137,Q-2025-001074,1,C017,P0019,2025-11-26,3,30565.77
BK-001138,Q-2025-001074,2,C017,P0075,2025-11-27,5,6824.71
BK-001139,Q-2025-001074,3,C017,P0064,2026-01-07,2,7625.75
BK-001140,Q-2025-001074,4,C017,P0007,2025-12-20,6,31502.07
BK-001141,Q-2025-001076,1,C040,P0031,2025-12-25,3,8861.31
BK-001142,Q-2025-001076,2,C040,P0029,2026-01-04,19,11506.58
BK-001143,Q-2025-001080,2,C032,P0011,2025-11-17,1,36372.34
BK-001144,Q-2025-001080,3,C032,P0046,2025-11-25,142,448.21
BK-001145,Q-2025-001081,1,C018,P0111,2025-12-20,37,2119.5
BK-001146,Q-2025-001083,1,C002,P0114,2025-12-14,20,2191.22
BK-001147,Q-2025-001083,2,C002,P0060,2025-12-10,407,396.52
BK-001148,Q-2025-001085,1,C030,P0090,2025-12-30,2,41127.25
BK-001149,Q-2025-001085,2,C030,P0065,2025-12-10,2,7349.93
BK-001150,Q-2025-001085,3,C030,P0071,2026-01-21,7,8737.12
BK-001151,Q-2025-001086,1,C003,P0060,2025-12-08,502,415.17
BK-001152,Q-2025-001086,2,C003,P0050,2025-12-23,236,394.09
BK-001153,Q-2025-001088,3,C028,P0042,2025-12-13,264,490.1
BK-001154,Q-2025-001088,4,C028,P0072,2025-12-23,19,9030.72
BK-001155,Q-2025-001090,1,C020,P0066,2026-01-05,11,8003.44
BK-001156,Q-2025-001091,1,C021,P0107,2025-12-17,15,2188.58
BK-001157,Q-2025-001091,2,C021,P0002,2025-12-28,4,34238.81
BK-001158,Q-2025-001092,1,C004,P0033,2025-12-09,15,12337.99
BK-001159,Q-2025-001093,1,C040,P0059,2025-12-02,77,386.53
BK-001160,Q-2025-001095,1,C013,P0008,2025-12-26,3,34728.95
BK-001161,Q-2025-001096,1,C018,P0089,2025-12-14,2,54469.46
BK-001162,Q-2025-001096,4,C018,P0111,2025-12-21,15,2124.07
BK-001163,Q-2025-001100,1,C007,P0002,2025-12-07,1,36333.26
BK-001164,Q-2025-001101,1,C016,P0073,2025-12-11,9,8501.17
BK-001165,Q-2025-001101,2,C016,P0091,2025-12-06,3,61203.11
BK-001166,Q-2025-001101,3,C016,P0048,2025-11-25,343,459.39
BK-001167,Q-2025-001102,1,C033,P0048,2026-01-18,438,408.22
BK-001168,Q-2025-001102,2,C033,P0042,2025-12-05,505,410.71
BK-001169,Q-2025-001103,2,C009,P0091,2025-11-28,4,48842.97
BK-001170,Q-2025-001105,3,C039,P0015,2025-12-03,7,32952.04
BK-001171,Q-2025-001106,1,C003,P0026,2025-12-10,11,11122.64
BK-001172,Q-2025-001106,2,C003,P0044,2025-11-30,235,373.5
BK-001173,Q-2025-001106,4,C003,P0024,2025-12-15,14,9775.36
BK-001174,Q-2025-001107,1,C040,P0041,2025-12-13,405,432.42
BK-001175,Q-2025-001107,2,C040,P0039,2026-01-13,8,12824.25
BK-001176,Q-2025-001108,1,C013,P0029,2026-01-28,23,13361.69
BK-001177,Q-2025-001108,2,C013,P0023,2026-01-22,7,10906.5
BK-001178,Q-2025-001111,1,C019,P0040,2026-01-20,3,11447.96
BK-001179,Q-2025-001113,1,C011,P0091,2026-01-07,3,51348.53
BK-001180,Q-2025-001113,2,C011,P0105,2026-01-19,3,2073.09
BK-001181,Q-2025-001113,3,C011,P0106,2026-02-07,31,1900.0
BK-001182,Q-2025-001114,1,C032,P0002,2025-12-28,4,40340.86
BK-001183,Q-2025-001114,2,C032,P0097,2026-01-05,1,60833.5
BK-001184,Q-2025-001114,3,C032,P0098,2025-12-19,4,56212.93
BK-001185,Q-2025-001114,4,C032,P0088,2026-01-25,3,53416.53
BK-001186,Q-2025-001116,1,C034,P0081,2026-01-03,1,39876.84
BK-001187,Q-2025-001116,2,C034,P0082,2026-01-29,2,47111.71
BK-001188,Q-2025-001117,1,C032,P0098,2025-12-21,4,56110.61
BK-001189,Q-2025-001118,1,C039,P0015,2026-01-28,1,32893.09
BK-001190,Q-2025-001118,2,C039,P0052,2026-01-13,308,517.07
BK-001191,Q-2025-001118,3,C039,P0050,2026-01-05,596,590.61
BK-001192,Q-2025-001118,4,C039,P0001,2026-01-24,8,34126.67
BK-001193,Q-2025-001119,1,C007,P0009,2025-12-13,3,36150.63
BK-001194,Q-2025-001119,2,C007,P0010,2026-01-16,2,33069.48
BK-001195,Q-2025-001120,1,C033,P0041,2026-01-31,353,411.05
BK-001196,Q-2025-001121,1,C001,P0005,2025-12-20,1,34053.5
BK-001197,Q-2025-001122,1,C021,P0107,2026-01-22,15,2175.83
BK-001198,Q-2025-001123,2,C006,P0016,2026-01-16,2,44107.73
BK-001199,Q-2025-001124,1,C005,P0017,2026-02-13,6,30395.84
BK-001200,Q-2025-001126,1,C016,P0091,2025-12-25,4,61386.2
BK-001201,Q-2025-001127,1,C012,P0084,2026-01-29,1,62019.16
BK-001202,Q-2025-001131,1,C027,P0034,2026-03-05,18,14664.33
BK-001203,Q-2025-001132,1,C005,P0009,2026-01-13,2,29063.12
BK-001204,Q-2025-001133,1,C011,P0097,2026-02-07,2,49850.46
BK-001205,Q-2025-001133,2,C011,P0080,2026-02-16,13,7655.94
BK-001206,Q-2025-001135,1,C019,P0103,2025-12-25,22,2266.88
BK-001207,Q-2025-001136,2,C018,P0005,2026-02-27,5,34048.2
BK-001208,Q-2025-001136,3,C018,P0011,2026-01-25,1,30468.69
BK-001209,Q-2025-001137,1,C032,P0097,2026-02-10,3,51794.49
BK-001210,Q-2025-001138,3,C003,P0024,2026-02-18,2,9780.79
BK-001211,Q-2025-001138,4,C003,P0039,2026-02-02,6,11359.59
BK-001212,Q-2025-001139,1,C019,P0103,2026-01-02,23,2255.43
BK-001213,Q-2025-001140,2,C032,P0041,2026-01-14,352,493.68
BK-001214,Q-2025-001141,1,C014,P0091,2026-01-15,2,46183.61
BK-001215,Q-2025-001142,1,C033,P0041,2026-01-15,293,411.2
BK-001216,Q-2025-001142,2,C033,P0054,2026-01-21,470,514.09
BK-001217,Q-2025-001143,1,C017,P0007,2026-02-18,4,30384.19
BK-001218,Q-2025-001144,1,C027,P0037,2026-01-25,13,12308.34
BK-001219,Q-2025-001145,1,C035,P0041,2026-01-25,346,462.89
BK-001220,Q-2025-001146,3,C031,P0008,2026-02-21,4,32488.68
BK-001221,Q-2025-001147,1,C023,P0052,2026-01-29,111,536.39
BK-001222,Q-2025-001148,3,C033,P0048,2026-01-01,197,415.0
BK-001223,Q-2025-001150,1,C011,P0084,2026-02-22,1,46276.31
BK-001224,Q-2025-001150,3,C011,P0073,2026-02-16,12,7033.91
BK-001225,Q-2025-001150,4,C011,P0080,2026-01-10,17,7641.66
BK-001226,Q-2025-001151,1,C026,P0059,2026-01-11,140,421.63
BK-001227,Q-2025-001152,1,C012,P0059,2025-12-25,444,386.61
BK-001228,Q-2025-001153,1,C012,P0060,2026-01-17,399,459.01
BK-001229,Q-2025-001153,2,C012,P0059,2026-01-11,377,402.84
BK-001230,Q-2025-001154,1,C019,P0022,2026-01-10,19,11497.73
BK-001231,Q-2025-001155,1,C021,P0002,2026-01-23,5,34343.61
BK-001232,Q-2025-001156,1,C032,P0041,2026-01-25,437,455.0
BK-001233,Q-2025-001156,2,C032,P0055,2026-01-28,383,391.39
BK-001234,Q-2025-001156,3,C032,P0011,2026-01-20,6,36221.49
BK-001235,Q-2025-001157,1,C010,P0027,2026-01-28,9,13609.39
BK-001236,Q-2025-001157,2,C010,P0022,2026-01-16,15,10286.07
BK-001237,Q-2025-001158,1,C025,P0116,2026-01-24,13,1771.59
BK-001238,Q-2025-001159,1,C015,P0072,2026-02-17,16,7419.15
BK-001239,Q-2025-001160,1,C016,P0064,2026-01-21,4,9567.25
BK-001240,Q-2025-001161,2,C021,P0002,2026-01-24,1,34203.9
BK-001241,Q-2025-001161,3,C021,P0105,2026-01-06,25,1838.16
BK-001242,Q-2025-001161,4,C021,P0003,2026-01-06,8,27679.76
BK-001243,Q-2025-001162,1,C004,P0031,2026-01-17,12,12438.12
BK-001244,Q-2025-001162,2,C004,P0098,2026-02-07,4,61622.84
BK-001245,Q-2025-001162,3,C004,P0029,2026-01-08,10,12394.45
BK-001246,Q-2025-001164,1,C022,P0112,2025-12-24,8,2445.94
BK-001247,Q-2025-001165,1,C032,P0097,2026-01-04,1,61117.37
BK-001248,Q-2025-001166,1,C032,P0097,2026-01-16,3,51272.33
BK-001249,Q-2025-001166,2,C032,P0009,2026-01-16,5,34324.32
BK-001250,Q-2025-001167,1,C035,P0043,2025-12-22,294,531.6
BK-001251,Q-2025-001169,1,C009,P0065,2025-12-17,14,7145.42
BK-001252,Q-2025-001169,3,C009,P0093,2026-01-08,3,41339.84
BK-001253,Q-2025-001170,2,C026,P0112,2025-12-24,24,2557.22
BK-001254,Q-2025-001170,3,C026,P0052,2026-01-17,101,537.99
BK-001255,Q-2025-001171,1,C009,P0065,2026-01-30,17,7137.21
BK-001256,Q-2025-001171,2,C009,P0095,2026-01-08,3,41246.76
BK-001257,Q-2025-001171,3,C009,P0093,2026-01-09,1,47219.57
BK-001258,Q-2025-001172,1,C037,P0056,2025-12-22,131,451.29
BK-001259,Q-2025-001172,3,C037,P0091,2026-01-31,1,50076.48
BK-001260,Q-2025-001173,1,C002,P0060,2026-02-06,146,508.15
BK-001261,Q-2025-001174,1,C009,P0080,2026-01-21,1,8379.91
BK-001262,Q-2025-001176,1,C001,P0005,2026-01-20,5,33889.3
BK-001263,Q-2025-001177,2,C006,P0091,2026-01-18,4,61730.43
BK-001264,Q-2025-001177,3,C006,P0005,2026-03-01,5,34120.03
BK-001265,Q-2025-001178,1,C027,P0079,2026-01-11,12,10213.44
BK-001266,Q-2025-001179,1,C032,P0011,2026-01-25,1,36422.34
BK-001267,Q-2025-001180,1,C027,P0077,2026-02-20,16,8242.94
BK-001268,Q-2025-001180,2,C027,P0035,2026-01-14,17,12068.49
BK-001269,Q-2025-001182,1,C033,P0048,2026-01-11,76,410.0
BK-001270,Q-2025-001183,1,C021,P0002,2025-12-19,1,34265.91
BK-001271,Q-2025-001183,2,C021,P0105,2026-01-12,17,1840.53
BK-001272,Q-2025-001183,3,C021,P0020,2026-01-19,3,30811.39
BK-001273,Q-2025-001184,2,C035,P0041,2026-01-05,579,460.23
BK-001274,Q-2025-001185,1,C009,P0080,2025-12-25,15,8327.86
BK-001275,Q-2025-001186,1,C032,P0041,2026-01-31,85,493.49
BK-001276,Q-2025-001186,2,C032,P0095,2026-02-10,2,46198.03
BK-001277,Q-2025-001187,1,C028,P0060,2025-12-23,621,556.12
BK-001278,Q-2026-001188,1,C016,P0099,2026-03-11,1,61477.14
BK-001279,Q-2026-001188,3,C016,P0092,2026-03-17,1,61194.65
BK-001280,Q-2026-001189,1,C040,P0039,2026-02-26,16,12863.31
BK-001281,Q-2026-001190,1,C007,P0001,2026-02-23,1,33035.85
BK-001282,Q-2026-001190,2,C007,P0065,2026-02-23,10,7667.02
BK-001283,Q-2026-001190,3,C007,P0010,2026-02-15,2,35319.5
BK-001284,Q-2026-001191,1,C011,P0091,2026-02-11,2,51191.01
BK-001285,Q-2026-001192,1,C033,P0054,2026-03-11,355,516.26
BK-001286,Q-2026-001193,1,C040,P0024,2026-01-24,18,9281.29
BK-001287,Q-2026-001194,1,C027,P0036,2026-02-05,9,14927.65
BK-001288,Q-2026-001195,1,C019,P0040,2026-02-14,10,11481.05
BK-001289,Q-2026-001196,2,C015,P0083,2026-03-14,2,47883.28
BK-001290,Q-2026-001196,3,C015,P0098,2026-02-20,1,48496.78
BK-001291,Q-2026-001197,1,C018,P0005,2026-01-17,7,34120.11
BK-001292,Q-2026-001197,2,C018,P0089,2026-02-13,2,54369.7
BK-001293,Q-2026-001198,1,C026,P0048,2026-02-09,561,473.14
BK-001294,Q-2026-001200,1,C005,P0058,2026-02-17,740,440.34
BK-001295,Q-2026-001201,1,C024,P0073,2026-01-21,11,7435.09
BK-001296,Q-2026-001202,1,C017,P0053,2026-02-10,112,337.17
BK-001297,Q-2026-001203,1,C030,P0065,2026-02-24,3,7320.74
BK-001298,Q-2026-001204,1,C006,P0095,2026-03-06,2,47409.42
BK-001299,Q-2026-001207,2,C039,P0052,2026-02-17,316,516.47
BK-001300,Q-2026-001211,2,C019,P0030,2026-02-21,17,12198.83
BK-001301,Q-2026-001212,1,C007,P0009,2026-02-07,4,33988.96
BK-001302,Q-2026-001214,2,C025,P0070,2026-01-30,1,7530.26
BK-001303,Q-2026-001215,2,C004,P0099,2026-02-28,1,50627.27
BK-001304,Q-2026-001215,4,C004,P0029,2026-01-22,17,12344.85
BK-001305,Q-2026-001216,1,C033,P0048,2026-02-06,221,465.41
BK-001306,Q-2026-001216,2,C033,P0046,2026-02-18,173,440.84
BK-001307,Q-2026-001216,4,C033,P0042,2026-02-04,569,412.21
BK-001308,Q-2026-001217,1,C014,P0090,2026-01-28,3,36080.63
BK-001309,Q-2026-001219,1,C011,P0070,2026-02-04,2,7822.73
BK-001310,Q-2026-001220,1,C040,P0029,2026-02-04,1,11450.71
BK-001311,Q-2026-001220,2,C040,P0039,2026-03-10,14,12844.12
BK-001312,Q-2026-001221,1,C025,P0118,2026-02-21,37,2241.62
BK-001313,Q-2026-001222,1,C007,P0009,2026-01-28,4,35613.52
BK-001314,Q-2026-001222,3,C007,P0061,2026-01-25,8,8502.71
BK-001315,Q-2026-001223,1,C036,P0087,2026-03-09,1,46789.73
BK-001316,Q-2026-001224,1,C011,P0070,2026-02-20,9,7839.88
BK-001317,Q-2026-001224,3,C011,P0073,2026-02-13,18,8002.2
BK-001318,Q-2026-001225,1,C005,P0049,2026-02-21,427,357.53
BK-001319,Q-2026-001225,2,C005,P0020,2026-03-17,1,34155.85
BK-001320,Q-2026-001226,2,C036,P0081,2026-02-09,4,48061.77
BK-001321,Q-2026-001226,3,C036,P0007,2026-02-14,1,31574.9
BK-001322,Q-2026-001226,4,C036,P0094,2026-01-24,1,50792.36
BK-001323,Q-2026-001227,2,C020,P0059,2026-03-02,297,433.68
BK-001324,Q-2026-001228,1,C022,P0016,2026-01-26,5,39905.31
BK-001325,Q-2026-001228,2,C022,P0112,2026-03-12,21,2444.03
BK-001326,Q-2026-001228,3,C022,P0005,2026-02-05,5,36284.07
BK-001327,Q-2026-001229,1,C008,P0103,2026-03-12,16,2409.51
BK-001328,Q-2026-001230,1,C004,P0100,2026-02-20,3,51353.98
BK-001329,Q-2026-001232,1,C030,P0065,2026-02-07,18,7318.75
BK-001330,Q-2026-001233,1,C023,P0055,2026-01-20,349,484.55
BK-001331,Q-2026-001233,2,C023,P0111,2026-01-23,37,2238.77
BK-001332,Q-2026-001234,1,C018,P0011,2026-02-23,4,30579.01
BK-001333,Q-2026-001235,1,C027,P0066,2026-02-08,3,8906.33
BK-001334,Q-2026-001236,1,C009,P0080,2026-02-18,15,8349.36
BK-001335,Q-2026-001237,1,C040,P0053,2026-03-15,454,379.03
BK-001336,Q-2026-001239,1,C030,P0090,2026-02-04,4,41059.67
BK-001337,Q-2026-001240,1,C025,P0108,2026-01-27,7,1980.39
BK-001338,Q-2026-001241,1,C013,P0023,2026-03-25,13,10891.24
BK-001339,Q-2026-001241,2,C013,P0013,2026-03-08,1,32485.36
BK-001340,Q-2026-001241,4,C013,P0029,2026-03-10,22,13273.05
BK-001341,Q-2026-001242,1,C023,P0044,2026-02-04,171,481.23
BK-001342,Q-2026-001243,2,C010,P0089,2026-01-16,3,48327.35
BK-001343,Q-2026-001244,2,C035,P0066,2026-02-18,11,7501.55
BK-001344,Q-2026-001245,1,C030,P0090,2026-01-28,2,41198.55
BK-001345,Q-2026-001246,2,C028,P0010,2026-03-06,4,38028.49
BK-001346,Q-2026-001248,1,C029,P0096,2026-01-27,3,36905.46
BK-001347,Q-2026-001250,1,C011,P0070,2026-01-19,14,7820.27
BK-001348,Q-2026-001251,1,C033,P0031,2026-03-03,13,10290.98
BK-001349,Q-2026-001252,2,C015,P0092,2026-02-12,3,50066.28
BK-001350,Q-2026-001253,1,C011,P0091,2026-02-21,3,44900.0
BK-001351,Q-2026-001254,1,C033,P0048,2026-02-07,788,411.2
BK-001352,Q-2026-001255,1,C032,P0098,2026-01-16,3,56099.15
BK-001353,Q-2026-001256,1,C023,P0055,2026-03-18,508,521.87
BK-001354,Q-2026-001256,2,C023,P0050,2026-03-04,351,479.64
BK-001355,Q-2026-001256,3,C023,P0085,2026-03-21,1,39689.47
BK-001356,Q-2026-001257,1,C005,P0066,2026-03-19,18,7250.0
BK-001357,Q-2026-001257,2,C005,P0073,2026-03-25,5,7150.47
BK-001358,Q-2026-001258,2,C002,P0114,2026-03-27,9,2200.28
BK-001359,Q-2026-001258,3,C002,P0066,2026-02-24,7,7070.83
BK-001360,Q-2026-001259,1,C028,P0068,2026-03-31,8,9156.55
BK-001361,Q-2026-001259,2,C028,P0078,2026-04-06,5,9203.28
BK-001362,Q-2026-001259,3,C028,P0058,2026-03-20,82,605.55
BK-001363,Q-2026-001260,2,C010,P0087,2026-03-17,2,41845.31
BK-001364,Q-2026-001260,3,C010,P0035,2026-03-15,10,9609.8
BK-001365,Q-2026-001261,1,C018,P0111,2026-03-16,11,2122.97
BK-001366,Q-2026-001261,2,C018,P0008,2026-03-26,1,31764.02
BK-001367,Q-2026-001262,1,C010,P0027,2026-04-05,4,13645.06
BK-001368,Q-2026-001262,2,C010,P0089,2026-03-02,1,48318.12
BK-001369,Q-2026-001263,1,C040,P0024,2026-04-16,2,9326.33
BK-001370,Q-2026-001263,2,C040,P0059,2026-04-02,273,346.9
BK-001371,Q-2026-001264,1,C032,P0088,2026-03-07,1,51550.84
BK-001372,Q-2026-001267,1,C009,P0094,2026-03-20,4,55701.61
BK-001373,Q-2026-001269,2,C036,P0007,2026-04-10,2,31387.71
BK-001374,Q-2026-001270,1,C036,P0001,2026-03-03,5,30076.29
BK-001375,Q-2026-001271,2,C040,P0031,2026-03-05,2,9281.1
BK-001376,Q-2026-001272,1,C013,P0029,2026-02-16,23,13306.94
BK-001377,Q-2026-001274,1,C011,P0097,2026-03-27,1,44816.28
BK-001378,Q-2026-001275,1,C016,P0086,2026-03-17,1,53323.92
BK-001379,Q-2026-001275,2,C016,P0099,2026-03-11,4,61409.52
BK-001380,Q-2026-001275,3,C016,P0092,2026-04-13,1,61545.42
BK-001381,Q-2026-001276,1,C034,P0023,2026-03-18,23,9515.07
BK-001382,Q-2026-001276,2,C034,P0027,2026-03-22,8,10648.9
BK-001383,Q-2026-001276,3,C034,P0097,2026-03-08,4,43923.22
BK-001384,Q-2026-001277,1,C004,P0098,2026-02-28,1,62023.08
BK-001385,Q-2026-001277,2,C004,P0023,2026-03-03,2,10785.99
BK-001386,Q-2026-001278,2,C040,P0058,2026-03-11,173,475.38
BK-001387,Q-2026-001278,3,C040,P0059,2026-03-10,531,387.26
BK-001388,Q-2026-001278,4,C040,P0039,2026-03-10,14,12834.01
BK-001389,Q-2026-001280,1,C026,P0048,2026-03-04,172,472.29
BK-001390,Q-2026-001281,1,C010,P0032,2026-03-14,8,9155.63
BK-001391,Q-2026-001282,1,C039,P0057,2026-03-08,615,496.01
BK-001392,Q-2026-001282,3,C039,P0018,2026-03-28,1,31580.8
BK-001393,Q-2026-001282,4,C039,P0049,2026-03-11,157,508.33
BK-001394,Q-2026-001283,1,C015,P0088,2026-04-10,3,44559.99
BK-001395,Q-2026-001283,2,C015,P0092,2026-03-19,1,49951.27
BK-001396,Q-2026-001283,3,C015,P0070,2026-02-26,7,7935.93
BK-001397,Q-2026-001284,1,C030,P0090,2026-03-21,4,40964.25
BK-001398,Q-2026-001288,3,C037,P0002,2026-02-28,8,35284.58
BK-001399,Q-2026-001289,1,C016,P0086,2026-03-19,1,53287.69
BK-001400,Q-2026-001290,1,C005,P0020,2026-03-12,1,29900.0
BK-001401,Q-2026-001291,1,C011,P0097,2026-04-05,1,49871.12
BK-001402,Q-2026-001292,2,C038,P0073,2026-03-24,3,9188.63
BK-001403,Q-2026-001292,3,C038,P0114,2026-03-25,10,2164.8
BK-001404,Q-2026-001292,4,C038,P0071,2026-03-06,8,9138.89
BK-001405,Q-2026-001293,1,C038,P0105,2026-03-21,18,2201.99
BK-001406,Q-2026-001293,3,C038,P0071,2026-04-05,8,9151.14
BK-001407,Q-2026-001295,1,C025,P0066,2026-03-30,10,8401.82
BK-001408,Q-2026-001296,1,C005,P0020,2026-04-22,6,34105.6
BK-001409,Q-2026-001296,2,C005,P0066,2026-03-15,7,7980.1
BK-001410,Q-2026-001297,1,C007,P0076,2026-03-02,2,6898.5
BK-001411,Q-2026-001297,2,C007,P0003,2026-02-18,6,30669.72
BK-001412,Q-2026-001298,1,C011,P0080,2026-02-24,4,8117.28
BK-001413,Q-2026-001298,2,C011,P0091,2026-02-17,2,51234.12
BK-001414,Q-2026-001299,1,C034,P0100,2026-03-16,2,47715.51
BK-001415,Q-2026-001302,2,C023,P0085,2026-03-04,3,39445.94
BK-001416,Q-2026-001303,1,C015,P0077,2026-03-12,2,6624.85
BK-001417,Q-2026-001306,2,C030,P0090,2026-03-22,1,41241.32
BK-001418,Q-2026-001307,1,C006,P0089,2026-03-21,1,49210.87
BK-001419,Q-2026-001307,2,C006,P0016,2026-03-05,3,44166.51
BK-001420,Q-2026-001308,1,C023,P0050,2026-03-23,559,478.41
BK-001421,Q-2026-001310,1,C011,P0073,2026-03-02,12,7951.15
BK-001422,Q-2026-001310,2,C011,P0091,2026-02-13,2,51204.09
BK-001423,Q-2026-001311,1,C010,P0032,2026-04-07,21,9177.63
BK-001424,Q-2026-001311,2,C010,P0081,2026-03-02,2,51200.51
BK-001425,Q-2026-001313,2,C024,P0054,2026-03-12,256,432.23
BK-001426,Q-2026-001314,2,C035,P0072,2026-04-02,7,10274.09
BK-001427,Q-2026-001314,3,C035,P0061,2026-03-03,2,8674.96
BK-001428,Q-2026-001315,1,C032,P0041,2026-03-16,397,496.75
BK-001429,Q-2026-001316,4,C012,P0114,2026-03-13,23,2466.0
BK-001430,Q-2026-001318,1,C040,P0058,2026-02-21,752,475.17
BK-001431,Q-2026-001318,2,C040,P0034,2026-03-13,23,10027.03
BK-001432,Q-2026-001319,1,C026,P0042,2026-02-21,741,500.93
BK-001433,Q-2026-001321,1,C009,P0093,2026-04-24,3,41400.0
BK-001434,Q-2026-001322,1,C017,P0042,2026-04-22,260,470.44
BK-001435,Q-2026-001322,2,C017,P0064,2026-05-05,17,8270.92
BK-001436,Q-2026-001323,1,C035,P0046,2026-04-13,732,513.88
BK-001437,Q-2026-001323,2,C035,P0041,2026-04-20,108,464.32
BK-001438,Q-2026-001324,4,C037,P0019,2026-03-24,5,38987.27
BK-001439,Q-2026-001325,1,C010,P0022,2026-05-12,2,10362.38
BK-001440,Q-2026-001327,2,C030,P0066,2026-04-15,17,8162.11
BK-001441,Q-2026-001329,1,C037,P0006,2026-04-13,2,30848.79
BK-001442,Q-2026-001331,2,C028,P0070,2026-04-15,6,9098.5
BK-001443,Q-2026-001332,1,C033,P0040,2026-04-17,13,10760.25
BK-001444,Q-2026-001332,2,C033,P0033,2026-04-02,3,14913.43
BK-001445,Q-2026-001333,1,C010,P0027,2026-05-01,18,10544.48
BK-001446,Q-2026-001333,2,C010,P0089,2026-04-12,2,48330.84
BK-001447,Q-2026-001334,1,C034,P0063,2026-04-15,9,7250.39
BK-001448,Q-2026-001335,2,C002,P0065,2026-05-01,14,7066.02
BK-001449,Q-2026-001336,2,C025,P0116,2026-04-13,12,1898.77
BK-001450,Q-2026-001336,3,C025,P0063,2026-03-20,14,6230.93
BK-001451,Q-2026-001337,1,C027,P0079,2026-04-14,4,7897.39
BK-001452,Q-2026-001338,1,C002,P0107,2026-04-28,28,2654.59
BK-001453,Q-2026-001338,2,C002,P0114,2026-04-08,13,2200.53
BK-001454,Q-2026-001339,1,C023,P0055,2026-04-16,368,524.02
BK-001455,Q-2026-001340,1,C022,P0016,2026-05-18,5,40008.0
BK-001456,Q-2026-001342,1,C022,P0017,2026-04-27,6,41954.29
BK-001457,Q-2026-001342,3,C022,P0120,2026-05-11,11,3275.66
BK-001458,Q-2026-001343,1,C020,P0069,2026-04-05,16,7835.81
BK-001459,Q-2026-001345,1,C003,P0024,2026-04-09,7,9745.75
BK-001460,Q-2026-001345,2,C003,P0044,2026-04-05,798,374.55
BK-001461,Q-2026-001348,1,C022,P0101,2026-03-29,12,2480.44
BK-001462,Q-2026-001348,2,C022,P0120,2026-05-10,37,3266.39
BK-001463,Q-2026-001349,1,C003,P0025,2026-03-30,12,11953.66
BK-001464,Q-2026-001350,1,C029,P0097,2026-05-03,2,47446.0
BK-001465,Q-2026-001351,2,C026,P0052,2026-03-20,397,539.67
BK-001466,Q-2026-001352,1,C004,P0100,2026-05-15,1,51326.71
BK-001467,Q-2026-001352,3,C004,P0022,2026-04-28,4,10893.06
BK-001468,Q-2026-001352,4,C004,P0031,2026-04-14,17,12319.64
BK-001469,Q-2026-001353,1,C040,P0053,2026-05-06,359,379.93
BK-001470,Q-2026-001354,2,C031,P0069,2026-04-05,19,7935.72
BK-001471,Q-2026-001357,1,C006,P0014,2026-05-14,4,41482.88
BK-001472,Q-2026-001358,1,C021,P0105,2026-04-24,9,1735.44
BK-001473,Q-2026-001359,1,C019,P0022,2026-05-15,2,10450.0
BK-001474,Q-2026-001360,1,C004,P0029,2026-04-01,5,11803.17
BK-001475,Q-2026-001360,2,C004,P0033,2026-04-06,9,12335.83
BK-001476,Q-2026-001361,1,C032,P0053,2026-04-13,345,459.37
BK-001477,Q-2026-001363,2,C027,P0066,2026-04-08,11,8793.67
BK-001478,Q-2026-001364,3,C018,P0011,2026-03-27,5,30544.36
BK-001479,Q-2026-001365,1,C005,P0073,2026-04-07,12,7151.21
BK-001480,Q-2026-001366,1,C017,P0053,2026-04-27,521,383.07
BK-001481,Q-2026-001367,1,C015,P0082,2026-04-20,1,54178.97
BK-001482,Q-2026-001367,3,C015,P0077,2026-04-26,8,6648.69
BK-001483,Q-2026-001368,1,C016,P0073,2026-04-30,8,8537.56
BK-001484,Q-2026-001369,1,C033,P0027,2026-04-28,8,11603.96
BK-001485,Q-2026-001371,1,C004,P0099,2026-04-06,1,50614.12
BK-001486,Q-2026-001372,1,C025,P0116,2026-03-15,32,1894.46
BK-001487,Q-2026-001373,1,C015,P0088,2026-04-08,4,44287.46
BK-001488,Q-2026-001373,2,C015,P0080,2026-04-20,20,8315.75
BK-001489,Q-2026-001374,1,C001,P0015,2026-04-08,3,32356.82
BK-001490,Q-2026-001375,1,C005,P0009,2026-04-30,8,29021.24
BK-001491,Q-2026-001375,2,C005,P0020,2026-04-12,3,30099.9
BK-001492,Q-2026-001375,3,C005,P0044,2026-03-31,130,370.16
BK-001493,Q-2026-001376,1,C029,P0088,2026-05-06,2,62098.37
BK-001494,Q-2026-001376,2,C029,P0003,2026-05-13,2,26642.02
BK-001495,Q-2026-001377,2,C035,P0048,2026-04-22,270,534.57
BK-001496,Q-2026-001377,3,C035,P0061,2026-04-22,15,8713.82
BK-001497,Q-2026-001380,1,C009,P0093,2026-03-31,3,47439.26
BK-001498,Q-2026-001381,1,C011,P0073,2026-04-20,15,7042.23
BK-001499,Q-2026-001383,2,C017,P0068,2026-04-15,6,7342.21
BK-001500,Q-2026-001385,3,C027,P0037,2026-04-30,18,12327.86
BK-001501,Q-2026-001386,3,C014,P0100,2026-04-15,2,47768.89
BK-001502,Q-2026-001387,1,C008,P0112,2026-03-28,34,2135.09
BK-001503,Q-2026-001389,1,C003,P0022,2026-05-03,15,10034.57
BK-001504,Q-2026-001391,1,C040,P0059,2026-06-05,351,386.06
BK-001505,Q-2026-001395,2,C023,P0085,2026-05-23,2,39530.64
BK-001506,Q-2026-001397,1,C011,P0073,2026-05-30,12,7981.95
BK-001507,Q-2026-001399,1,C014,P0043,2026-05-18,293,354.11
BK-001508,Q-2026-001400,2,C003,P0033,2026-05-29,10,10712.53
BK-001509,Q-2026-001400,3,C003,P0060,2026-05-23,47,415.03
BK-001510,Q-2026-001401,1,C025,P0109,2026-05-02,8,2195.15
BK-001511,Q-2026-001403,1,C017,P0079,2026-04-26,6,7467.67
BK-001512,Q-2026-001403,2,C017,P0045,2026-06-04,89,411.61
BK-001513,Q-2026-001403,4,C017,P0048,2026-05-02,420,416.16
BK-001514,Q-2026-001404,1,C022,P0101,2026-05-03,7,2481.97
BK-001515,Q-2026-001404,2,C022,P0016,2026-05-10,3,40071.7
BK-001516,Q-2026-001405,1,C001,P0042,2026-05-07,343,374.74
BK-001517,Q-2026-001405,2,C001,P0015,2026-05-21,8,32576.04
BK-001518,Q-2026-001405,4,C001,P0003,2026-04-30,4,28169.35
BK-001519,Q-2026-001406,1,C040,P0029,2026-05-14,9,11487.24
BK-001520,Q-2026-001406,2,C040,P0031,2026-05-22,9,8775.61
BK-001521,Q-2026-001406,3,C040,P0026,2026-05-09,1,9817.84
BK-001522,Q-2026-001406,4,C040,P0024,2026-05-11,5,9342.02
BK-001523,Q-2026-001407,1,C040,P0059,2026-05-17,474,385.86
BK-001524,Q-2026-001408,1,C017,P0075,2026-05-31,4,6821.14
BK-001525,Q-2026-001409,1,C011,P0073,2026-05-10,13,7094.54
BK-001526,Q-2026-001409,2,C011,P0083,2026-05-18,4,46643.84
BK-001527,Q-2026-001410,3,C006,P0093,2026-06-17,4,47242.41
BK-001528,Q-2026-001411,1,C020,P0070,2026-05-31,12,7747.04
BK-001529,Q-2026-001412,1,C003,P0060,2026-04-18,183,415.2
BK-001530,Q-2026-001412,2,C003,P0050,2026-04-26,585,391.88
BK-001531,Q-2026-001414,1,C027,P0035,2026-05-02,8,12061.5
BK-001532,Q-2026-001416,1,C032,P0097,2026-05-07,3,60937.14
BK-001533,Q-2026-001417,1,C026,P0120,2026-06-02,35,2525.66
BK-001534,Q-2026-001417,2,C026,P0042,2026-05-19,290,501.24
BK-001535,Q-2026-001419,2,C004,P0099,2026-05-06,1,50579.24
BK-001536,Q-2026-001420,1,C017,P0049,2026-05-18,135,422.41
BK-001537,Q-2026-001421,1,C037,P0056,2026-05-05,463,450.99
BK-001538,Q-2026-001422,2,C022,P0120,2026-05-13,22,3284.73
BK-001539,Q-2026-001422,3,C022,P0016,2026-05-18,1,40004.17
BK-001540,Q-2026-001424,1,C039,P0057,2026-04-23,396,498.65
BK-001541,Q-2026-001424,2,C039,P0050,2026-04-21,307,590.59
BK-001542,Q-2026-001425,1,C024,P0073,2026-05-16,8,7415.25
BK-001543,Q-2026-001425,2,C024,P0078,2026-05-07,17,6738.37
BK-001544,Q-2026-001426,1,C033,P0043,2026-05-05,600,426.37
BK-001545,Q-2026-001427,1,C004,P0033,2026-05-10,19,11885.3
BK-001546,Q-2026-001428,1,C004,P0033,2026-05-12,17,12366.67
BK-001547,Q-2026-001428,2,C004,P0031,2026-05-15,15,12358.37
BK-001548,Q-2026-001429,1,C032,P0095,2026-05-03,2,42921.39
BK-001549,Q-2026-001430,1,C007,P0047,2026-05-29,590,417.75
BK-001550,Q-2026-001432,1,C023,P0044,2026-05-28,70,482.99
BK-001551,Q-2026-001432,2,C023,P0055,2026-05-20,708,485.26
BK-001552,Q-2026-001434,2,C029,P0096,2026-05-06,1,37484.31
BK-001553,Q-2026-001435,2,C027,P0036,2026-05-08,20,14963.09
BK-001554,Q-2026-001435,3,C027,P0077,2026-05-24,16,7665.66
BK-001555,Q-2026-001436,1,C016,P0073,2026-04-30,15,7887.41
BK-001556,Q-2026-001436,2,C016,P0064,2026-05-13,19,9607.06
BK-001557,Q-2026-001436,3,C016,P0049,2026-05-10,549,561.53
BK-001558,Q-2026-001437,2,C033,P0048,2026-04-19,154,412.62
BK-001559,Q-2026-001438,1,C031,P0004,2026-05-15,4,37329.89
BK-001560,Q-2026-001438,2,C031,P0102,2026-05-11,19,1966.76
BK-001561,Q-2026-001439,1,C031,P0078,2026-04-27,6,7406.54
BK-001562,Q-2026-001440,1,C033,P0031,2026-05-21,13,10202.29
BK-001563,Q-2026-001441,1,C038,P0114,2026-05-12,30,2155.19
BK-001564,Q-2026-001441,3,C038,P0105,2026-05-16,16,2211.8
BK-001565,Q-2026-001443,1,C040,P0031,2026-05-22,7,8932.29
BK-001566,Q-2026-001445,2,C039,P0041,2026-05-27,437,457.2
BK-001567,Q-2026-001446,1,C004,P0023,2026-06-10,4,10749.14
BK-001568,Q-2026-001447,1,C005,P0017,2026-06-15,4,30577.2
BK-001569,Q-2026-001448,1,C037,P0098,2026-05-29,1,51718.73
BK-001570,Q-2026-001449,1,C024,P0060,2026-06-21,348,497.31
BK-001571,Q-2026-001450,1,C017,P0042,2026-05-12,219,470.78
BK-001572,Q-2026-001450,2,C017,P0068,2026-05-20,5,7335.77
BK-001573,Q-2026-001452,1,C032,P0088,2026-05-23,2,53133.28
BK-001574,Q-2026-001453,2,C035,P0066,2026-06-03,7,7536.19
BK-001575,Q-2026-001453,3,C035,P0041,2026-05-30,631,462.11
BK-001576,Q-2026-001456,1,C032,P0053,2026-05-25,349,456.92
BK-001577,Q-2026-001456,2,C032,P0095,2026-06-01,1,46103.51
BK-001578,Q-2026-001456,3,C032,P0002,2026-05-21,2,40371.11
BK-001579,Q-2026-001457,2,C028,P0060,2026-06-04,486,555.15
BK-001580,Q-2026-001458,1,C030,P0073,2026-07-25,15,7851.95
BK-001581,Q-2026-001458,2,C030,P0096,2026-06-29,2,38952.01
BK-001582,Q-2026-001459,1,C040,P0024,2026-06-16,8,9292.98
BK-001583,Q-2026-001459,2,C040,P0029,2026-07-25,11,11480.7
BK-001584,Q-2026-001460,1,C024,P0024,2026-06-11,13,10698.24
BK-001585,Q-2026-001464,1,C040,P0024,2026-06-15,22,9310.36
BK-001586,Q-2026-001465,1,C013,P0025,2026-06-15,3,13477.25
BK-001587,Q-2026-001466,1,C032,P0095,2026-05-24,3,45980.78
BK-001588,Q-2026-001468,1,C021,P0017,2026-05-21,6,35606.05
BK-001589,Q-2026-001471,1,C032,P0098,2026-06-09,1,56311.69
BK-001590,Q-2026-001471,2,C032,P0042,2026-06-17,85,463.85
BK-001591,Q-2026-001472,1,C033,P0054,2026-06-29,286,516.94
BK-001592,Q-2026-001472,2,C033,P0045,2026-06-19,626,465.83
BK-001593,Q-2026-001473,1,C004,P0100,2026-07-03,1,51114.1
BK-001594,Q-2026-001474,2,C011,P0070,2026-06-19,17,8048.92
BK-001595,Q-2026-001475,1,C040,P0024,2026-06-18,4,9002.24
BK-001596,Q-2026-001476,1,C034,P0067,2026-06-15,13,7439.96
BK-001597,Q-2026-001477,2,C001,P0018,2026-06-18,6,34366.17
BK-001598,Q-2026-001478,2,C005,P0044,2026-06-07,733,370.94
BK-001599,Q-2026-001479,1,C018,P0011,2026-07-02,6,30501.6
BK-001600,Q-2026-001480,1,C032,P0097,2026-07-08,4,61181.83
BK-001601,Q-2026-001481,3,C011,P0091,2026-06-02,1,51355.11
BK-001602,Q-2026-001482,1,C025,P0076,2026-05-20,20,6269.79
BK-001603,Q-2026-001482,2,C025,P0109,2026-06-22,24,2198.7
BK-001604,Q-2026-001483,1,C014,P0083,2026-06-24,1,45898.2
BK-001605,Q-2026-001484,1,C032,P0046,2026-06-22,101,489.9
BK-001606,Q-2026-001484,2,C032,P0044,2026-05-30,723,545.85
BK-001607,Q-2026-001484,4,C032,P0081,2026-06-06,4,58924.89
BK-001608,Q-2026-001485,1,C009,P0094,2026-07-01,3,40695.0
BK-001609,Q-2026-001485,2,C009,P0065,2026-06-23,12,6565.86
BK-001610,Q-2026-001486,1,C007,P0005,2026-06-03,8,36204.17
BK-001611,Q-2026-001487,1,C015,P0077,2026-06-05,18,6631.97
BK-001612,Q-2026-001487,2,C015,P0082,2026-07-03,2,54090.02
BK-001613,Q-2026-001487,4,C015,P0072,2026-06-21,20,7410.23
BK-001614,Q-2026-001488,1,C004,P0099,2026-06-12,2,50601.47
BK-001615,Q-2026-001489,1,C040,P0027,2026-06-09,18,10861.72
BK-001616,Q-2026-001489,2,C040,P0034,2026-05-27,10,10021.34
BK-001617,Q-2026-001489,4,C040,P0058,2026-05-22,697,477.16
BK-001618,Q-2026-001490,1,C005,P0020,2026-06-20,4,34255.49
BK-001619,Q-2026-001490,2,C005,P0009,2026-05-27,7,28684.8
BK-001620,Q-2026-001491,2,C026,P0112,2026-06-02,6,2556.1
BK-001621,Q-2026-001492,2,C016,P0064,2026-06-14,13,9614.6
BK-001622,Q-2026-001494,2,C038,P0105,2026-06-10,5,2208.57
BK-001623,Q-2026-001494,3,C038,P0071,2026-05-31,19,9131.75
BK-001624,Q-2026-001495,4,C019,P0103,2026-06-17,7,2260.53
BK-001625,Q-2026-001496,1,C026,P0111,2026-05-11,16,2869.97
BK-001626,Q-2026-001498,2,C011,P0070,2026-06-13,4,7902.05
BK-001627,Q-2026-001499,2,C005,P0073,2026-07-16,19,7154.15
BK-001628,Q-2026-001501,1,C013,P0013,2026-06-19,1,32319.09
BK-001629,Q-2026-001502,1,C032,P0095,2026-06-20,2,46155.22
BK-001630,Q-2026-001504,2,C001,P0003,2026-06-18,4,28271.88
BK-001631,Q-2026-001504,3,C001,P0042,2026-06-12,347,377.26
BK-001632,Q-2026-001505,2,C018,P0111,2026-06-11,28,2115.54
BK-001633,Q-2026-001508,3,C040,P0039,2026-07-13,1,10948.26
BK-001634,Q-2026-001509,1,C005,P0017,2026-06-14,1,30341.6
BK-001635,Q-2026-001511,1,C013,P0013,2026-07-05,1,32434.0
BK-001636,Q-2026-001512,1,C001,P0018,2026-05-26,8,32474.88
BK-001637,Q-2026-001514,1,C007,P0076,2026-06-16,19,6978.58
BK-001638,Q-2026-001515,1,C005,P0049,2026-05-22,190,356.57
BK-001639,Q-2026-001515,4,C005,P0066,2026-06-07,9,8002.79
BK-001640,Q-2026-001518,1,C032,P0051,2026-07-12,220,430.0
BK-001641,Q-2026-001519,4,C020,P0078,2026-05-28,16,8102.0
BK-001642,Q-2026-001520,2,C004,P0031,2026-06-19,19,12367.79
BK-001643,Q-2026-001520,3,C004,P0099,2026-06-17,4,47974.73
BK-001644,Q-2026-001520,4,C004,P0033,2026-06-12,2,12346.58
BK-001645,Q-2026-001521,1,C015,P0088,2026-06-18,1,44314.72
BK-001646,Q-2026-001521,2,C015,P0098,2026-06-13,1,48456.1
BK-001647,Q-2026-001521,3,C015,P0072,2026-07-01,5,7407.08
BK-001648,Q-2026-001522,1,C026,P0120,2026-06-16,22,2525.13
BK-001649,Q-2026-001522,2,C026,P0050,2026-06-28,440,624.06
BK-001650,Q-2026-001525,1,C038,P0073,2026-06-29,1,9136.82
BK-001651,Q-2026-001525,2,C038,P0114,2026-07-11,32,2173.47
BK-001652,Q-2026-001526,1,C013,P0022,2026-06-25,13,11651.1
BK-001653,Q-2026-001526,3,C013,P0023,2026-06-18,20,9885.37
BK-001654,Q-2026-001530,1,C004,P0023,2026-07-27,20,10824.43
BK-001655,Q-2026-001530,3,C004,P0037,2026-07-03,10,12346.72
BK-001656,Q-2026-001531,1,C032,P0051,2026-06-19,755,482.74
BK-001657,Q-2026-001532,1,C027,P0072,2026-07-04,6,9356.27
BK-001658,Q-2026-001533,1,C032,P0042,2026-07-23,721,483.06
BK-001659,Q-2026-001535,3,C033,P0042,2026-07-12,213,410.8
BK-001660,Q-2026-001536,2,C035,P0048,2026-07-14,349,533.38
BK-001661,Q-2026-001537,1,C015,P0084,2026-06-25,3,45519.43
BK-001662,Q-2026-001539,1,C031,P0004,2026-07-15,2,37265.3
BK-001663,Q-2026-001540,1,C013,P0023,2026-07-30,21,10952.87
BK-001664,Q-2026-001541,2,C003,P0050,2026-06-29,165,394.26
BK-001665,Q-2026-001542,1,C017,P0048,2026-07-21,118,392.47
BK-001666,Q-2026-001542,3,C017,P0056,2026-07-01,260,415.34
BK-001667,Q-2026-001543,1,C005,P0010,2026-07-27,4,32983.48
BK-001668,Q-2026-001543,2,C005,P0044,2026-06-21,148,371.01
BK-001669,Q-2026-001543,3,C005,P0020,2026-07-06,1,34093.36
BK-001670,Q-2026-001544,1,C030,P0066,2026-07-25,13,8138.92
BK-001671,Q-2026-001544,3,C030,P0096,2026-06-23,2,37602.14
BK-001672,Q-2026-001546,1,C022,P0016,2026-06-28,1,39996.43
BK-001673,Q-2026-001546,2,C022,P0005,2026-07-07,2,36713.98
BK-001674,Q-2026-001547,1,C006,P0016,2026-07-21,3,44175.58
BK-001675,Q-2026-001548,1,C025,P0076,2026-07-03,14,6273.76
BK-001676,Q-2026-001550,1,C039,P0050,2026-06-21,518,584.02
BK-001677,Q-2026-001550,2,C039,P0046,2026-07-20,451,478.19
BK-001678,Q-2026-001551,3,C011,P0073,2026-07-21,9,7946.49
BK-001679,Q-2026-001552,3,C012,P0106,2026-07-17,38,2069.99
BK-001680,Q-2026-001558,1,C031,P0069,2026-06-27,13,7876.64
BK-001681,Q-2026-001559,1,C038,P0066,2026-07-15,8,9176.51
BK-001682,Q-2026-001560,1,C018,P0089,2026-06-25,1,54388.61
BK-001683,Q-2026-001561,1,C028,P0060,2026-07-31,571,552.74
BK-001684,Q-2026-001563,2,C029,P0088,2026-07-10,3,43817.16
BK-001685,Q-2026-001563,3,C029,P0003,2026-06-17,1,26653.96
BK-001686,Q-2026-001564,1,C036,P0014,2026-06-27,7,39518.24
BK-001687,Q-2026-001564,2,C036,P0013,2026-07-01,3,33727.9
BK-001688,Q-2026-001566,1,C014,P0033,2026-07-11,1,10409.14
BK-001689,Q-2026-001566,2,C014,P0087,2026-07-14,1,38676.13
BK-001690,Q-2026-001566,3,C014,P0100,2026-07-14,3,39229.11
BK-001691,Q-2026-001567,1,C007,P0005,2026-06-30,3,34884.74
BK-001692,Q-2026-001571,1,C040,P0026,2026-07-24,24,10003.96
BK-001693,Q-2026-001572,1,C017,P0064,2026-07-08,5,7396.74
BK-001694,Q-2026-001574,2,C005,P0049,2026-07-18,72,440.85
BK-001695,Q-2026-001574,3,C005,P0009,2026-06-28,4,28984.4
BK-001696,Q-2026-001575,3,C009,P0099,2026-06-27,2,47576.23
BK-001697,Q-2026-001575,4,C009,P0093,2026-06-23,2,47208.99
BK-001698,Q-2026-001576,1,C033,P0045,2026-07-12,174,465.28
BK-001699,Q-2026-001577,1,C029,P0003,2026-07-19,4,25939.64
BK-001700,Q-2026-001577,2,C029,P0088,2026-06-29,2,42602.87
BK-001701,Q-2026-001579,1,C021,P0017,2026-06-08,1,35660.4
BK-001702,Q-2026-001579,2,C021,P0107,2026-07-11,14,2184.47
BK-001703,Q-2026-001580,2,C027,P0072,2026-07-20,3,9330.53
BK-001704,Q-2026-001583,2,C020,P0051,2026-06-28,770,456.88
BK-001705,Q-2026-001585,1,C007,P0076,2026-07-07,18,6979.26
BK-001706,Q-2026-001586,2,C011,P0091,2026-07-07,2,51317.34
BK-001707,Q-2026-001587,1,C036,P0087,2026-07-16,2,46870.05
BK-001708,Q-2026-001599,1,C033,P0045,2026-07-29,410,465.64
BK-001709,Q-2026-001601,2,C029,P0096,2026-07-21,1,37826.76
BK-001710,Q-2026-001607,2,C011,P0106,2026-07-17,9,2020.34
BK-001711,Q-2026-001612,1,C005,P0020,2026-07-25,4,34108.84
BK-001712,Q-2026-001618,1,C012,P0087,2026-07-28,4,45380.87
BK-001713,Q-2026-001626,3,C009,P0080,2026-07-14,11,8379.82
BK-001714,Q-2026-001634,1,C007,P0059,2026-07-30,178,382.71
BK-001715,Q-2026-001662,1,C032,P0046,2026-07-28,505,489.8
BK-001716,Q-2026-001663,2,C005,P0009,2026-07-28,1,28281.95
