quote_id,line_no,customer_id,product_id,rep_id,quote_date,quantity,quoted_price,stage,approval_ref,exception_reason_code
Q-2024-000001,1,C009,P0093,R09,2024-08-09,1,41158.09,lost,,
Q-2024-000002,1,C033,P0042,R09,2024-08-25,171,410.76,won,,
Q-2024-000002,2,C033,P0033,R09,2024-08-25,8,11800.0,won,,
Q-2024-000003,1,C027,P0072,R03,2024-08-02,17,9352.93,won,,
Q-2024-000003,2,C027,P0036,R03,2024-08-02,8,14897.79,lost,,
Q-2024-000004,1,C029,P0003,R05,2024-08-02,7,29785.63,won,,
Q-2024-000006,1,C026,P0111,R02,2024-08-10,18,2586.82,lost,,
Q-2024-000006,2,C026,P0042,R02,2024-08-10,547,502.61,won,,
Q-2024-000007,1,C007,P0012,R07,2024-08-20,6,35798.16,lost,,
Q-2024-000008,1,C012,P0106,R12,2024-08-18,32,2073.33,lost,,
Q-2024-000009,1,C037,P0019,R01,2024-08-31,8,38776.39,lost,,
Q-2024-000010,1,C011,P0073,R11,2024-08-03,13,7955.88,lost,,
Q-2024-000011,1,C039,P0060,R03,2024-08-16,655,572.15,won,,
Q-2024-000012,1,C032,P0095,R08,2024-08-05,4,43048.31,lost,,
Q-2024-000014,1,C040,P0024,R04,2024-08-17,24,9306.78,won,,
Q-2024-000014,2,C040,P0039,R04,2024-08-17,3,11788.42,lost,,
Q-2024-000015,1,C011,P0080,R11,2024-08-13,7,8189.61,won,,
Q-2024-000016,1,C003,P0044,R06,2024-08-30,389,374.7,lost,,
Q-2024-000016,2,C003,P0024,R06,2024-08-30,4,9799.42,won,,
Q-2024-000017,1,C016,P0086,R04,2024-08-08,3,53395.66,lost,,
Q-2024-000018,1,C027,P0072,R03,2024-08-11,6,9396.51,won,,
Q-2024-000019,1,C027,P0025,R03,2024-08-10,7,14234.94,won,,
Q-2024-000019,2,C027,P0036,R03,2024-08-10,14,14885.37,won,,
Q-2024-000020,1,C005,P0044,R05,2024-08-26,624,352.03,won,,
Q-2024-000022,1,C032,P0044,R08,2024-08-08,532,542.34,lost,,
Q-2024-000022,2,C032,P0088,R08,2024-08-08,2,53135.42,won,,
Q-2024-000023,2,C011,P0083,R11,2024-08-23,4,41058.16,won,,
Q-2024-000024,1,C020,P0066,R08,2024-08-01,7,8011.84,won,,
Q-2024-000024,2,C020,P0079,R08,2024-08-01,13,8001.36,won,,
Q-2024-000025,1,C021,P0107,R09,2024-08-24,30,2086.36,won,,
Q-2024-000027,1,C025,P0113,R01,2024-08-26,10,2188.24,won,,
Q-2024-000028,1,C012,P0099,R12,2024-08-08,2,50844.35,won,,
Q-2024-000028,2,C012,P0084,R12,2024-08-08,4,56091.07,won,,
Q-2024-000029,1,C017,P0079,R05,2024-08-14,19,6850.0,won,,
Q-2024-000030,1,C002,P0114,R02,2024-08-27,38,1824.19,won,,
Q-2024-000031,1,C028,P0044,R04,2024-08-07,454,547.0,won,,
Q-2024-000031,2,C028,P0058,R04,2024-08-07,601,609.29,lost,,
Q-2024-000031,3,C028,P0060,R04,2024-08-07,141,554.16,won,,
Q-2024-000031,4,C028,P0010,R04,2024-08-07,2,38009.97,lost,,
Q-2024-000032,1,C001,P0003,R01,2024-08-28,5,28159.67,lost,,
Q-2024-000033,1,C010,P0089,R10,2024-08-14,2,44756.53,lost,,
Q-2024-000033,2,C010,P0056,R10,2024-08-14,64,522.46,lost,,
Q-2024-000034,1,C004,P0022,R06,2024-08-24,12,10929.46,lost,,
Q-2024-000034,2,C004,P0029,R06,2024-08-24,8,11876.12,won,,
Q-2024-000035,1,C004,P0022,R04,2024-08-03,23,10272.12,won,,
Q-2024-000036,1,C037,P0098,R01,2024-08-23,4,48818.71,lost,,
Q-2024-000036,2,C037,P0002,R01,2024-08-23,7,35263.7,won,,
Q-2024-000036,3,C037,P0006,R01,2024-08-23,1,30885.87,lost,,
Q-2024-000037,1,C022,P0005,R10,2024-08-24,1,36657.7,won,,
Q-2024-000037,2,C022,P0011,R10,2024-08-24,5,36494.08,lost,,
Q-2024-000038,1,C033,P0022,R09,2024-08-17,9,10738.1,lost,,
Q-2024-000038,2,C033,P0043,R09,2024-08-17,631,406.67,won,,
Q-2024-000039,1,C002,P0105,R02,2024-08-23,17,2034.49,lost,,
Q-2024-000039,2,C002,P0067,R02,2024-08-23,2,7468.76,won,,
Q-2024-000039,3,C002,P0066,R02,2024-08-23,13,6380.45,lost,,
Q-2024-000039,4,C002,P0107,R02,2024-08-23,11,2244.75,won,,
Q-2024-000040,2,C005,P0020,R05,2024-08-29,1,29843.63,won,,
Q-2024-000040,3,C005,P0049,R05,2024-08-29,232,360.56,won,,
Q-2024-000041,1,C001,P0015,R01,2024-08-26,1,32369.6,lost,,
Q-2024-000041,2,C001,P0003,R01,2024-08-26,5,28074.44,lost,,
Q-2024-000042,1,C003,P0050,R03,2024-08-04,763,394.02,lost,,
Q-2024-000043,1,C039,P0052,R03,2024-08-10,694,514.64,lost,,
Q-2024-000043,2,C039,P0046,R03,2024-08-10,508,477.11,won,,
Q-2024-000043,3,C039,P0060,R03,2024-08-10,323,571.13,won,,
Q-2024-000044,1,C010,P0022,R10,2024-08-08,8,10299.17,won,,
Q-2024-000045,2,C029,P0088,R04,2024-08-19,3,46887.44,lost,,
Q-2024-000046,1,C012,P0087,R12,2024-08-28,3,45581.19,won,,
Q-2024-000046,2,C012,P0047,R12,2024-08-28,627,476.81,won,,
Q-2024-000046,3,C012,P0060,R12,2024-08-28,175,479.73,lost,,
Q-2024-000047,1,C010,P0087,R03,2024-08-31,4,41995.72,won,,
Q-2024-000047,2,C010,P0035,R03,2024-08-31,24,9560.08,lost,,
Q-2024-000047,3,C010,P0040,R03,2024-08-31,6,10688.99,won,,
Q-2024-000048,1,C019,P0022,R07,2024-08-17,3,11500.83,won,,
Q-2024-000048,2,C019,P0040,R07,2024-08-17,9,11435.58,won,,
Q-2024-000049,1,C029,P0088,R05,2024-08-09,4,46933.49,won,,
Q-2024-000050,1,C020,P0078,R08,2024-08-03,5,8111.24,lost,,
Q-2024-000051,1,C040,P0034,R04,2024-08-18,5,9429.61,lost,,
Q-2024-000052,1,C039,P0050,R03,2024-08-14,787,519.25,won,,
Q-2024-000053,1,C008,P0104,R08,2024-08-04,26,2180.11,won,,
Q-2024-000053,2,C008,P0112,R08,2024-08-04,22,2374.97,lost,,
Q-2024-000053,3,C008,P0019,R08,2024-08-04,5,38555.96,lost,,
Q-2024-000054,1,C011,P0084,R11,2024-08-01,1,46559.59,won,,
Q-2024-000054,2,C011,P0080,R11,2024-08-01,10,8236.52,won,,
Q-2024-000055,1,C033,P0022,R09,2024-08-10,17,10714.24,won,,
Q-2024-000055,2,C033,P0048,R09,2024-08-10,382,411.89,won,,
Q-2024-000056,1,C036,P0014,R12,2024-08-30,5,39619.6,won,,
Q-2024-000056,2,C036,P0081,R12,2024-08-30,2,48446.37,lost,,
Q-2024-000057,1,C014,P0100,R01,2024-08-22,1,43542.1,lost,,
Q-2024-000057,2,C014,P0090,R01,2024-08-22,4,36105.11,lost,,
Q-2024-000058,1,C030,P0066,R06,2024-08-11,17,8114.38,lost,,
Q-2024-000058,2,C030,P0089,R06,2024-08-11,3,46040.96,won,,
Q-2024-000059,1,C040,P0026,R04,2024-08-19,24,9795.6,won,,
Q-2024-000060,1,C026,P0120,R02,2024-08-29,12,2524.54,won,,
Q-2024-000060,2,C026,P0048,R02,2024-08-29,616,470.13,won,,
Q-2024-000061,1,C004,P0099,R04,2024-08-14,4,48200.0,lost,,
Q-2024-000061,2,C004,P0022,R04,2024-08-14,2,10927.62,lost,,
Q-2024-000063,1,C010,P0035,R10,2024-08-14,9,9600.38,won,,
Q-2024-000064,1,C001,P0003,R01,2024-08-14,5,28233.39,won,,
Q-2024-000064,2,C001,P0015,R01,2024-08-14,5,32421.31,won,,
Q-2024-000065,1,C015,P0062,R09,2024-08-02,10,7739.77,won,,
Q-2024-000065,2,C015,P0080,R09,2024-08-02,10,8232.62,won,,
Q-2024-000065,3,C015,P0072,R09,2024-08-02,9,7014.9,won,,
Q-2024-000066,1,C028,P0058,R04,2024-08-13,200,608.72,lost,,
Q-2024-000067,1,C013,P0008,R01,2024-08-13,2,34677.87,lost,,
Q-2024-000067,2,C013,P0029,R01,2024-08-13,19,13272.99,won,,
Q-2024-000068,1,C029,P0003,R05,2024-08-15,6,29824.75,lost,,
Q-2024-000068,2,C029,P0019,R05,2024-08-15,5,33313.43,lost,,
Q-2024-000069,1,C017,P0079,R05,2024-08-13,8,7485.94,won,,
Q-2024-000070,1,C014,P0091,R02,2024-08-14,3,46216.14,won,,
Q-2024-000070,2,C014,P0083,R02,2024-08-14,2,43580.91,won,,
Q-2024-000071,1,C033,P0054,R09,2024-09-02,671,457.31,won,,
Q-2024-000072,1,C025,P0113,R03,2024-09-20,26,2189.65,won,,
Q-2024-000072,2,C025,P0076,R03,2024-09-20,5,6275.35,won,,
Q-2024-000073,1,C017,P0007,R05,2024-09-10,3,31555.4,lost,,
Q-2024-000074,1,C013,P0029,R01,2024-09-09,20,13266.84,won,,
Q-2024-000074,2,C013,P0013,R01,2024-09-09,6,32394.47,won,,
Q-2024-000075,1,C028,P0043,R04,2024-09-14,51,453.52,won,,
Q-2024-000076,1,C031,P0102,R07,2024-09-30,31,1948.9,lost,,
Q-2024-000077,1,C034,P0063,R10,2024-09-05,10,7254.76,won,,
Q-2024-000078,1,C024,P0054,R12,2024-09-15,326,431.32,lost,,
Q-2024-000079,1,C032,P0097,R08,2024-09-07,2,51700.0,won,,
Q-2024-000081,1,C011,P0091,R11,2024-09-29,2,51501.51,lost,,
Q-2024-000082,1,C035,P0046,R11,2024-09-25,297,405.65,lost,,
Q-2024-000082,2,C035,P0066,R11,2024-09-25,11,8444.41,lost,,
Q-2024-000083,1,C011,P0105,R11,2024-09-16,23,2066.83,won,,
Q-2024-000083,2,C011,P0080,R11,2024-09-16,6,8197.28,lost,,
Q-2024-000083,3,C011,P0083,R11,2024-09-16,4,41336.67,lost,,
Q-2024-000084,1,C035,P0072,R12,2024-09-18,10,8150.0,lost,,
Q-2024-000084,2,C035,P0041,R12,2024-09-18,409,446.76,lost,,
Q-2024-000085,1,C003,P0033,R03,2024-09-17,15,10772.85,won,,
Q-2024-000086,1,C033,P0054,R09,2024-09-24,637,461.76,won,,
Q-2024-000087,1,C025,P0066,R12,2024-09-11,2,8399.62,won,,
Q-2024-000088,1,C030,P0066,R06,2024-09-18,16,8121.43,won,,
Q-2024-000089,1,C028,P0001,R04,2024-09-15,8,39134.23,lost,,
Q-2024-000089,2,C028,P0043,R04,2024-09-15,393,453.86,won,,
Q-2024-000089,3,C028,P0072,R04,2024-09-15,15,9021.21,lost,,
Q-2024-000089,4,C028,P0042,R04,2024-09-15,64,489.63,lost,,
Q-2024-000090,1,C018,P0011,R06,2024-09-29,6,30452.69,won,,
Q-2024-000090,2,C018,P0111,R06,2024-09-29,6,2128.63,lost,,
Q-2024-000091,1,C017,P0068,R05,2024-09-21,5,7300.0,won,,
Q-2024-000091,2,C017,P0049,R05,2024-09-21,389,424.96,lost,,
Q-2024-000091,3,C017,P0075,R05,2024-09-21,13,6809.48,won,,
Q-2024-000091,4,C017,P0019,R05,2024-09-21,5,30162.54,won,DR-2024-0001,end_of_life_clearance
Q-2024-000092,1,C025,P0066,R01,2024-09-12,12,8430.78,lost,,
Q-2024-000092,2,C025,P0076,R01,2024-09-12,20,6100.0,lost,,
Q-2024-000092,3,C025,P0063,R01,2024-09-12,10,6659.7,won,,
Q-2024-000093,1,C006,P0086,R06,2024-09-04,3,47146.59,won,,
Q-2024-000094,1,C020,P0053,R12,2024-09-08,114,436.61,won,,
Q-2024-000094,2,C020,P0059,R12,2024-09-08,203,383.07,lost,,
Q-2024-000094,3,C020,P0061,R12,2024-09-08,5,8019.49,won,,
Q-2024-000095,1,C020,P0079,R08,2024-09-19,19,8009.32,won,,
Q-2024-000095,2,C020,P0059,R08,2024-09-19,685,383.74,won,,
Q-2024-000096,1,C004,P0029,R04,2024-09-25,8,11871.34,won,,
Q-2024-000096,2,C004,P0022,R04,2024-09-25,18,10893.56,won,,
Q-2024-000097,1,C026,P0120,R02,2024-09-24,19,2520.7,lost,,
Q-2024-000097,2,C026,P0052,R02,2024-09-24,242,538.54,won,,
Q-2024-000097,3,C026,P0048,R02,2024-09-24,722,471.3,won,,
Q-2024-000098,1,C004,P0029,R04,2024-09-16,10,11855.5,lost,,
Q-2024-000098,2,C004,P0100,R04,2024-09-16,3,51479.05,lost,,
Q-2024-000099,1,C006,P0100,R06,2024-09-01,3,47449.61,lost,,
Q-2024-000099,2,C006,P0084,R06,2024-09-01,3,47390.03,won,,
Q-2024-000099,3,C006,P0086,R06,2024-09-01,3,47241.41,lost,,
Q-2024-000100,1,C033,P0043,R07,2024-09-29,373,423.56,lost,,
Q-2024-000100,2,C033,P0046,R07,2024-09-29,461,441.71,won,,
Q-2024-000101,1,C004,P0029,R04,2024-09-07,9,11801.79,won,,
Q-2024-000102,1,C003,P0024,R03,2024-09-12,18,9764.13,lost,,
Q-2024-000102,2,C003,P0044,R03,2024-09-12,218,375.06,lost,,
Q-2024-000102,3,C003,P0026,R03,2024-09-12,17,10796.25,won,,
Q-2024-000102,4,C003,P0022,R03,2024-09-12,22,9986.25,won,,
Q-2024-000103,1,C012,P0106,R12,2024-09-13,25,2070.19,lost,,
Q-2024-000103,2,C012,P0097,R12,2024-09-13,3,53200.67,lost,,
Q-2024-000104,1,C017,P0005,R05,2024-09-22,6,30718.34,won,DR-2024-0002,qualification_pricing
Q-2024-000104,2,C017,P0001,R05,2024-09-22,7,31509.86,won,,
Q-2024-000105,1,C012,P0107,R12,2024-09-29,32,2498.48,lost,,
Q-2024-000105,2,C012,P0120,R12,2024-09-29,28,2465.78,lost,,
Q-2024-000105,3,C012,P0053,R12,2024-09-29,365,430.23,lost,,
Q-2024-000105,4,C012,P0097,R12,2024-09-29,1,53504.06,won,,
Q-2024-000106,1,C005,P0020,R05,2024-09-21,5,34258.33,won,,
Q-2024-000108,1,C002,P0073,R02,2024-09-02,3,7644.93,won,,
Q-2024-000108,2,C002,P0066,R02,2024-09-02,11,6641.16,won,DR-2024-0003,competitive_displacement
Q-2024-000109,1,C033,P0027,R09,2024-09-10,17,13172.62,won,,
Q-2024-000109,3,C033,P0022,R09,2024-09-10,14,11476.09,won,,
Q-2024-000109,4,C033,P0033,R09,2024-09-10,9,11871.36,lost,,
Q-2024-000110,1,C035,P0048,R11,2024-09-11,729,424.82,won,,
Q-2024-000110,2,C035,P0061,R11,2024-09-11,14,8672.21,won,,
Q-2024-000111,1,C040,P0024,R04,2024-09-05,17,9301.96,lost,,
Q-2024-000111,2,C040,P0029,R04,2024-09-05,20,11499.73,lost,,
Q-2024-000112,1,C017,P0056,R05,2024-09-23,464,413.32,lost,,
Q-2024-000112,2,C017,P0053,R05,2024-09-23,709,344.09,won,,
Q-2024-000113,1,C009,P0094,R09,2024-09-25,3,41020.81,won,,
Q-2024-000114,1,C038,P0065,R02,2024-09-12,7,9139.3,lost,,
Q-2024-000115,1,C017,P0056,R05,2024-09-15,742,411.87,won,,
Q-2024-000116,1,C010,P0035,R10,2024-09-27,7,9564.33,won,,
Q-2024-000117,1,C014,P0033,R02,2024-09-27,11,10403.59,lost,,
Q-2024-000117,2,C014,P0043,R02,2024-09-27,607,354.81,lost,,
Q-2024-000118,1,C018,P0011,R06,2024-09-16,6,30580.5,won,,
Q-2024-000118,2,C018,P0005,R06,2024-09-16,6,34084.54,won,,
Q-2024-000119,1,C032,P0088,R08,2024-09-02,3,53224.97,won,,
Q-2024-000119,2,C032,P0100,R08,2024-09-02,2,49500.0,lost,,
Q-2024-000120,1,C030,P0071,R06,2024-09-28,3,8719.23,won,,
Q-2024-000121,1,C009,P0099,R06,2024-09-16,2,47719.04,lost,,
Q-2024-000121,2,C009,P0068,R06,2024-09-16,8,7728.75,lost,,
Q-2024-000121,3,C009,P0091,R06,2024-09-16,2,48830.37,won,,
Q-2024-000122,1,C004,P0100,R04,2024-09-01,4,51220.17,won,,
Q-2024-000122,2,C004,P0033,R04,2024-09-01,3,11822.09,lost,,
Q-2024-000122,3,C004,P0098,R04,2024-09-01,4,53186.43,lost,,
Q-2024-000123,1,C015,P0092,R03,2024-09-08,4,46970.59,won,,
Q-2024-000124,1,C025,P0118,R01,2024-09-12,15,2248.27,won,,
Q-2024-000125,1,C030,P0090,R06,2024-09-05,4,41201.1,won,,
Q-2024-000125,2,C030,P0071,R06,2024-09-05,10,8779.24,won,,
Q-2024-000126,1,C015,P0097,R03,2024-09-16,3,49856.28,lost,,
Q-2024-000127,1,C007,P0047,R07,2024-09-15,452,420.44,won,,
Q-2024-000127,2,C007,P0076,R07,2024-09-15,20,7071.25,won,,
Q-2024-000127,3,C007,P0053,R07,2024-09-15,401,391.02,lost,,
Q-2024-000127,4,C007,P0061,R07,2024-09-15,16,8386.27,lost,,
Q-2024-000128,1,C032,P0081,R09,2024-09-09,4,47000.0,won,,
Q-2024-000128,2,C032,P0042,R09,2024-09-09,212,465.0,won,,
Q-2024-000128,3,C032,P0046,R09,2024-09-09,493,420.0,won,,
Q-2024-000129,1,C015,P0082,R03,2024-09-09,1,54439.21,won,,
Q-2024-000129,2,C015,P0080,R03,2024-09-09,4,8259.59,won,,
Q-2024-000130,1,C033,P0054,R09,2024-10-04,64,515.06,won,,
Q-2024-000130,2,C033,P0051,R09,2024-10-04,258,408.76,lost,,
Q-2024-000131,1,C026,P0111,R02,2024-10-07,23,2583.97,lost,,
Q-2024-000132,1,C003,P0044,R03,2024-10-11,377,374.85,won,,
Q-2024-000133,1,C002,P0067,R02,2024-10-08,9,7464.54,won,,
Q-2024-000134,1,C036,P0014,R12,2024-10-08,2,39644.71,lost,,
Q-2024-000134,2,C036,P0081,R12,2024-10-08,1,48371.09,won,,
Q-2024-000135,1,C021,P0107,R09,2024-10-07,37,2094.54,won,,
Q-2024-000135,2,C021,P0020,R09,2024-10-07,2,30859.54,lost,,
Q-2024-000136,1,C040,P0026,R04,2024-10-09,12,10633.14,won,,
Q-2024-000136,2,C040,P0041,R04,2024-10-09,255,380.0,won,,
Q-2024-000136,4,C040,P0053,R04,2024-10-09,550,353.65,lost,,
Q-2024-000137,1,C040,P0053,R04,2024-10-01,474,355.08,won,,
Q-2024-000137,2,C040,P0034,R04,2024-10-01,24,10036.58,won,,
Q-2024-000138,1,C005,P0020,R05,2024-10-31,3,34134.49,won,,
Q-2024-000138,2,C005,P0010,R05,2024-10-31,8,32896.62,won,,
Q-2024-000138,3,C005,P0017,R05,2024-10-31,6,30400.0,won,,
Q-2024-000139,1,C017,P0001,R05,2024-10-24,6,30428.67,won,,
Q-2024-000139,2,C017,P0048,R05,2024-10-24,312,392.98,won,,
Q-2024-000140,2,C033,P0048,R09,2024-10-21,381,468.33,lost,,
Q-2024-000140,3,C033,P0051,R09,2024-10-21,136,410.0,lost,,
Q-2024-000141,1,C006,P0086,R06,2024-10-30,4,47246.93,lost,,
Q-2024-000142,1,C002,P0066,R02,2024-10-28,9,7056.43,won,,
Q-2024-000142,2,C002,P0114,R02,2024-10-28,6,1826.18,lost,,
Q-2024-000143,1,C034,P0027,R10,2024-10-14,11,10603.73,lost,,
Q-2024-000144,1,C004,P0023,R04,2024-10-12,15,10819.06,lost,,
Q-2024-000145,1,C030,P0073,R06,2024-10-20,19,7853.02,lost,,
Q-2024-000146,1,C009,P0065,R09,2024-10-20,12,6586.17,won,,
Q-2024-000146,2,C009,P0091,R09,2024-10-20,1,44206.42,won,,
Q-2024-000147,1,C017,P0042,R05,2024-10-16,720,400.31,lost,,
Q-2024-000147,2,C017,P0001,R05,2024-10-16,1,30328.22,won,,
Q-2024-000147,3,C017,P0048,R05,2024-10-16,291,392.09,won,,
Q-2024-000148,2,C032,P0011,R08,2024-10-23,3,36352.14,lost,,
Q-2024-000148,3,C032,P0097,R08,2024-10-23,3,60909.83,won,,
Q-2024-000149,1,C011,P0091,R11,2024-10-21,4,44825.62,won,,
Q-2024-000149,2,C011,P0073,R11,2024-10-21,5,7100.16,won,,
Q-2024-000150,1,C005,P0010,R05,2024-10-27,6,33031.55,won,,
Q-2024-000150,2,C005,P0066,R05,2024-10-27,13,7299.09,lost,,
Q-2024-000150,3,C005,P0017,R05,2024-10-27,4,30337.53,won,,
Q-2024-000151,1,C003,P0044,R03,2024-10-17,790,373.55,won,,
Q-2024-000152,1,C015,P0084,R03,2024-10-26,4,51109.4,lost,,
Q-2024-000152,2,C015,P0062,R03,2024-10-26,9,6070.12,lost,,
Q-2024-000152,3,C015,P0092,R03,2024-10-26,2,46921.72,lost,,
Q-2024-000153,1,C011,P0106,R04,2024-10-07,40,1915.47,won,,
Q-2024-000153,2,C011,P0097,R04,2024-10-07,3,49846.7,lost,,
Q-2024-000154,1,C026,P0050,R02,2024-10-11,296,528.34,lost,,
Q-2024-000154,2,C026,P0059,R02,2024-10-11,537,419.89,lost,,
Q-2024-000154,3,C026,P0120,R02,2024-10-11,24,2508.96,won,,
Q-2024-000154,4,C026,P0111,R02,2024-10-11,35,2582.15,won,,
Q-2024-000155,1,C010,P0035,R10,2024-10-03,10,9566.34,won,,
Q-2024-000156,1,C017,P0007,R05,2024-10-27,6,31566.89,won,,
Q-2024-000156,2,C017,P0064,R05,2024-10-27,8,7940.44,won,DR-2024-0004,qualification_pricing
Q-2024-000157,1,C002,P0067,R02,2024-10-12,9,7485.46,won,,
Q-2024-000157,2,C002,P0114,R02,2024-10-12,40,1830.02,won,,
Q-2024-000158,1,C013,P0013,R01,2024-10-22,4,32457.41,won,,
Q-2024-000158,2,C013,P0008,R01,2024-10-22,8,34500.29,won,,
Q-2024-000158,3,C013,P0023,R01,2024-10-22,5,10881.2,lost,,
Q-2024-000159,1,C039,P0052,R03,2024-10-03,545,486.34,won,,
Q-2024-000160,1,C004,P0099,R04,2024-10-04,1,50652.63,won,,
Q-2024-000160,2,C004,P0029,R04,2024-10-04,11,10837.05,lost,,
Q-2024-000160,3,C004,P0023,R04,2024-10-04,21,10775.46,lost,,
Q-2024-000161,1,C040,P0039,R04,2024-10-03,16,11780.55,won,,
Q-2024-000161,3,C040,P0024,R04,2024-10-03,6,9304.16,won,,
Q-2024-000161,4,C040,P0057,R04,2024-10-03,463,436.2,won,,
Q-2024-000162,1,C017,P0002,R04,2024-10-11,5,35567.5,won,,
Q-2024-000163,1,C002,P0065,R02,2024-10-15,14,7070.52,won,,
Q-2024-000164,1,C009,P0091,R09,2024-10-27,2,44046.35,lost,,
Q-2024-000164,2,C009,P0095,R09,2024-10-27,4,41211.99,lost,,
Q-2024-000164,3,C009,P0094,R09,2024-10-27,4,46388.16,lost,,
Q-2024-000166,1,C007,P0047,R07,2024-10-18,466,429.63,won,,
Q-2024-000166,2,C007,P0005,R07,2024-10-18,5,35713.55,lost,,
Q-2024-000166,3,C007,P0001,R07,2024-10-18,4,31619.74,won,,
Q-2024-000167,1,C009,P0091,R09,2024-10-21,2,43900.0,lost,,
Q-2024-000167,2,C009,P0080,R09,2024-10-21,17,7459.1,won,,
Q-2024-000169,1,C007,P0061,R07,2024-10-04,13,8343.72,won,,
Q-2024-000169,2,C007,P0043,R07,2024-10-04,445,418.78,won,,
Q-2024-000170,1,C035,P0048,R11,2024-10-05,268,534.59,lost,,
Q-2024-000171,1,C033,P0033,R09,2024-10-21,15,11879.98,won,,
Q-2024-000171,2,C033,P0043,R09,2024-10-21,274,404.38,won,,
Q-2024-000172,1,C040,P0024,R04,2024-10-30,10,9325.75,won,,
Q-2024-000173,1,C023,P0050,R11,2024-10-10,216,477.65,lost,,
Q-2024-000173,2,C023,P0044,R11,2024-10-10,584,482.24,won,,
Q-2024-000174,1,C009,P0068,R07,2024-10-29,7,7718.92,lost,,
Q-2024-000175,1,C029,P0019,R05,2024-10-09,8,29889.95,lost,,
Q-2024-000175,3,C029,P0003,R05,2024-10-09,1,33310.18,won,,
Q-2024-000175,4,C029,P0088,R05,2024-10-09,1,46789.41,won,,
Q-2024-000176,2,C033,P0054,R09,2024-10-03,604,460.0,won,,
Q-2024-000176,3,C033,P0051,R09,2024-10-03,723,405.0,lost,,
Q-2024-000176,4,C033,P0041,R09,2024-10-03,306,410.44,won,,
Q-2024-000177,1,C003,P0025,R03,2024-10-25,15,10510.61,lost,,
Q-2024-000177,2,C003,P0027,R03,2024-10-25,3,11125.64,won,,
Q-2024-000178,1,C027,P0035,R03,2024-10-15,16,12087.68,won,,
Q-2024-000178,2,C027,P0036,R03,2024-10-15,23,14901.32,lost,,
Q-2024-000178,3,C027,P0039,R03,2024-10-15,8,13480.07,lost,,
Q-2024-000178,4,C027,P0072,R03,2024-10-15,5,9356.03,won,,
Q-2024-000179,1,C007,P0003,R07,2024-10-03,6,29660.66,lost,,
Q-2024-000179,2,C007,P0002,R07,2024-10-03,1,37075.69,lost,,
Q-2024-000180,1,C025,P0118,R01,2024-10-15,29,2241.21,lost,,
Q-2024-000180,2,C025,P0063,R01,2024-10-15,9,6673.65,won,,
Q-2024-000180,3,C025,P0109,R01,2024-10-15,21,2197.55,won,,
Q-2024-000181,1,C017,P0056,R05,2024-10-06,573,414.6,won,,
Q-2024-000181,2,C017,P0007,R05,2024-10-06,1,33378.22,lost,DR-2024-0005,competitive_displacement
Q-2024-000182,1,C006,P0093,R06,2024-10-08,1,47327.31,won,,
Q-2024-000183,1,C009,P0099,R09,2024-10-06,2,45023.01,lost,,
Q-2024-000184,1,C008,P0115,R08,2024-10-05,19,2323.08,won,,
Q-2024-000184,2,C008,P0073,R08,2024-10-05,9,8227.58,won,,
Q-2024-000185,1,C008,P0112,R08,2024-10-26,9,2513.16,won,,
Q-2024-000186,1,C038,P0114,R04,2024-10-28,36,2174.83,lost,,
Q-2024-000186,2,C038,P0071,R04,2024-10-28,16,9134.67,lost,,
Q-2024-000186,3,C038,P0065,R04,2024-10-28,14,9133.37,won,,
Q-2024-000187,1,C027,P0039,R03,2024-10-28,9,13509.61,won,,
Q-2024-000188,1,C010,P0034,R10,2024-10-19,18,11164.75,lost,,
Q-2024-000189,1,C037,P0091,R01,2024-10-01,2,50315.48,won,,
Q-2024-000190,1,C023,P0111,R11,2024-10-17,20,2245.78,won,,
Q-2024-000191,1,C016,P0073,R04,2024-10-16,3,8521.88,won,,
Q-2024-000191,2,C016,P0092,R04,2024-10-16,2,61382.63,won,,
Q-2024-000192,1,C004,P0033,R04,2024-10-22,11,11818.04,won,,
Q-2024-000193,1,C013,P0008,R01,2024-10-27,6,33462.07,lost,DR-2024-0006,end_of_life_clearance
Q-2024-000194,1,C035,P0054,R11,2024-10-18,163,615.55,lost,,
Q-2024-000195,2,C020,P0071,R08,2024-10-15,17,8785.14,lost,,
Q-2024-000195,3,C020,P0051,R08,2024-10-15,496,436.69,lost,,
Q-2024-000196,1,C013,P0025,R01,2024-10-06,23,12529.32,won,,
Q-2024-000196,2,C013,P0029,R01,2024-10-06,15,13330.01,lost,,
Q-2024-000197,1,C020,P0059,R08,2024-10-21,186,382.24,lost,,
Q-2024-000197,2,C020,P0049,R08,2024-10-21,216,403.23,won,,
Q-2024-000198,1,C003,P0025,R03,2024-10-05,22,10525.52,lost,,
Q-2024-000198,2,C003,P0022,R03,2024-10-05,16,10028.63,won,,
Q-2024-000198,3,C003,P0024,R03,2024-10-05,4,9776.95,lost,,
Q-2024-000199,1,C038,P0071,R04,2024-10-16,12,8479.83,lost,DR-2024-0007,competitive_displacement
Q-2024-000199,2,C038,P0065,R04,2024-10-16,17,9164.71,lost,,
Q-2024-000200,2,C004,P0022,R04,2024-11-01,10,10911.7,lost,,
Q-2024-000200,3,C004,P0099,R04,2024-11-01,2,50875.99,won,,
Q-2024-000201,1,C035,P0041,R01,2024-11-18,82,462.26,won,,
Q-2024-000201,2,C035,P0063,R01,2024-11-18,14,8443.52,won,,
Q-2024-000202,1,C023,P0081,R11,2024-11-11,3,48453.76,lost,,
Q-2024-000202,2,C023,P0050,R11,2024-11-11,142,478.39,lost,,
Q-2024-000203,1,C040,P0029,R04,2024-11-29,22,11027.69,won,,
Q-2024-000203,2,C040,P0024,R04,2024-11-29,9,9324.86,lost,,
Q-2024-000203,3,C040,P0041,R04,2024-11-29,395,395.58,lost,,
Q-2024-000204,1,C013,P0023,R01,2024-11-27,17,10933.47,won,,
Q-2024-000205,1,C001,P0015,R01,2024-11-13,1,32391.17,won,,
Q-2024-000206,1,C011,P0083,R11,2024-11-22,4,46685.17,lost,,
Q-2024-000207,1,C032,P0081,R08,2024-11-21,4,52524.14,lost,,
Q-2024-000207,2,C032,P0095,R08,2024-11-21,2,46092.13,lost,,
Q-2024-000208,1,C010,P0022,R10,2024-11-12,3,10353.51,won,,
Q-2024-000208,2,C010,P0087,R10,2024-11-12,1,41987.82,won,,
Q-2024-000208,3,C010,P0034,R10,2024-11-12,16,11245.04,won,,
Q-2024-000209,1,C037,P0019,R05,2024-11-20,8,36849.08,won,,
Q-2024-000209,2,C037,P0091,R05,2024-11-20,4,50430.54,lost,,
Q-2024-000210,1,C025,P0118,R02,2024-11-19,8,2252.45,lost,,
Q-2024-000211,1,C038,P0114,R08,2024-11-16,27,2169.16,won,,
Q-2024-000212,1,C026,P0112,R02,2024-11-30,18,2553.01,lost,,
Q-2024-000213,1,C039,P0057,R03,2024-11-11,442,495.92,won,,
Q-2024-000214,1,C027,P0034,R03,2024-11-29,23,12966.8,lost,,
Q-2024-000214,2,C027,P0077,R03,2024-11-29,16,8233.09,lost,,
Q-2024-000215,1,C040,P0053,R04,2024-11-21,439,352.91,won,,
Q-2024-000216,1,C006,P0089,R05,2024-11-17,1,49254.9,won,,
Q-2024-000217,1,C024,P0054,R12,2024-11-07,551,431.3,lost,,
Q-2024-000218,2,C004,P0100,R04,2024-11-23,4,51290.19,lost,,
Q-2024-000218,3,C004,P0029,R04,2024-11-23,5,11829.04,won,,
Q-2024-000219,1,C009,P0099,R09,2024-11-24,2,45044.75,won,,
Q-2024-000219,2,C009,P0065,R09,2024-11-24,9,7126.04,won,,
Q-2024-000220,1,C001,P0005,R01,2024-11-06,8,34034.07,won,,
Q-2024-000220,2,C001,P0042,R01,2024-11-06,674,402.22,won,,
Q-2024-000222,1,C010,P0027,R10,2024-11-12,21,12484.26,won,,
Q-2024-000223,1,C036,P0087,R12,2024-11-15,4,40726.35,won,,
Q-2024-000224,2,C008,P0005,R08,2024-11-10,8,36080.83,lost,,
Q-2024-000225,1,C004,P0031,R03,2024-11-21,6,11871.64,lost,,
Q-2024-000225,2,C004,P0098,R03,2024-11-21,2,53174.68,won,,
Q-2024-000225,3,C004,P0023,R03,2024-11-21,12,10792.59,lost,,
Q-2024-000226,1,C011,P0083,R11,2024-11-23,2,41227.36,won,,
Q-2024-000226,2,C011,P0084,R11,2024-11-23,1,46749.9,won,,
Q-2024-000226,3,C011,P0106,R11,2024-11-23,23,1902.52,lost,,
Q-2024-000226,4,C011,P0073,R11,2024-11-23,11,7981.18,lost,,
Q-2024-000227,1,C011,P0091,R11,2024-11-02,2,51386.89,won,,
Q-2024-000227,2,C011,P0083,R11,2024-11-02,4,41068.74,won,,
Q-2024-000229,2,C027,P0039,R03,2024-11-14,5,12894.55,won,,
Q-2024-000229,3,C027,P0035,R03,2024-11-14,15,12140.74,lost,,
Q-2024-000230,1,C026,P0050,R02,2024-11-22,507,528.12,lost,,
Q-2024-000230,2,C026,P0052,R02,2024-11-22,229,538.0,won,,
Q-2024-000230,3,C026,P0042,R02,2024-11-22,80,501.66,won,,
Q-2024-000231,1,C032,P0081,R11,2024-11-30,2,52349.08,won,,
Q-2024-000232,2,C040,P0029,R08,2024-11-24,3,11459.0,won,,
Q-2024-000233,1,C032,P0055,R08,2024-11-14,591,434.55,lost,,
Q-2024-000234,1,C031,P0114,R07,2024-11-11,11,1891.88,lost,,
Q-2024-000236,1,C018,P0089,R06,2024-11-06,4,54524.37,won,,
Q-2024-000236,2,C018,P0011,R06,2024-11-06,8,30615.61,won,,
Q-2024-000237,1,C037,P0056,R07,2024-11-30,527,451.65,lost,,
Q-2024-000237,2,C037,P0098,R07,2024-11-30,1,51865.38,won,,
Q-2024-000238,1,C011,P0083,R11,2024-11-05,2,41067.09,won,,
Q-2024-000239,1,C009,P0080,R09,2024-11-01,16,7464.33,lost,,
Q-2024-000239,2,C009,P0093,R09,2024-11-01,4,41184.76,won,,
Q-2024-000240,1,C036,P0013,R12,2024-11-24,6,33557.66,won,,
Q-2024-000241,1,C007,P0002,R07,2024-11-18,6,35919.74,won,,
Q-2024-000242,1,C010,P0055,R10,2024-11-28,604,347.55,lost,,
Q-2024-000242,2,C010,P0027,R10,2024-11-28,24,12519.56,won,,
Q-2024-000243,1,C024,P0073,R12,2024-11-06,11,7438.49,lost,,
Q-2024-000244,1,C009,P0068,R09,2024-11-07,12,7732.23,won,,
Q-2024-000244,2,C009,P0080,R09,2024-11-07,11,7450.0,lost,,
Q-2024-000244,3,C009,P0065,R09,2024-11-07,7,6579.95,lost,,
Q-2024-000245,1,C009,P0093,R09,2024-11-27,4,41072.5,lost,,
Q-2024-000246,1,C030,P0066,R06,2024-11-13,13,8164.91,won,,
Q-2024-000247,1,C027,P0039,R03,2024-11-14,20,13557.56,lost,,
Q-2024-000247,2,C027,P0035,R03,2024-11-14,21,12108.9,won,,
Q-2024-000247,4,C027,P0071,R03,2024-11-14,9,9165.8,won,,
Q-2024-000249,1,C017,P0005,R05,2024-11-09,2,30252.13,lost,DR-2024-0008,volume_ramp_concession
Q-2024-000250,1,C005,P0073,R05,2024-11-25,9,7178.81,won,,
Q-2024-000250,2,C005,P0017,R05,2024-11-25,7,32811.69,won,,
Q-2024-000250,3,C005,P0010,R05,2024-11-25,1,32952.5,won,,
Q-2024-000251,1,C007,P0061,R07,2024-11-04,17,8525.47,lost,,
Q-2024-000252,1,C022,P0118,R10,2024-11-09,16,2714.83,won,,
Q-2024-000253,1,C017,P0048,R05,2024-11-15,709,392.26,won,,
Q-2024-000253,2,C017,P0005,R05,2024-11-15,2,32036.35,won,,
Q-2024-000253,3,C017,P0002,R05,2024-11-15,3,31400.0,won,,
Q-2024-000254,1,C025,P0076,R01,2024-11-03,5,6281.53,won,,
Q-2024-000254,2,C025,P0108,R01,2024-11-03,18,1976.96,won,,
Q-2024-000254,3,C025,P0063,R01,2024-11-03,9,6653.96,won,,
Q-2024-000254,4,C025,P0118,R01,2024-11-03,11,2251.34,won,,
Q-2024-000255,1,C040,P0053,R04,2024-11-14,73,354.68,won,,
Q-2024-000255,2,C040,P0058,R04,2024-11-14,96,452.99,won,,
Q-2024-000255,3,C040,P0024,R04,2024-11-14,9,9314.26,lost,,
Q-2024-000255,4,C040,P0034,R04,2024-11-14,2,10066.56,won,,
Q-2024-000256,1,C007,P0002,R07,2024-11-15,3,37209.7,lost,,
Q-2024-000256,2,C007,P0061,R07,2024-11-15,6,8406.77,won,,
Q-2024-000258,1,C033,P0040,R09,2024-11-11,14,10756.07,won,,
Q-2024-000259,1,C015,P0088,R03,2024-11-10,1,43935.42,lost,,
Q-2024-000259,2,C015,P0072,R03,2024-11-10,20,7395.14,won,,
Q-2024-000259,3,C015,P0092,R03,2024-11-10,4,46918.11,lost,,
Q-2024-000259,4,C015,P0077,R03,2024-11-10,18,6646.84,won,,
Q-2024-000260,1,C012,P0053,R02,2024-11-30,723,432.83,lost,,
Q-2024-000261,1,C019,P0103,R07,2024-11-20,13,2252.97,won,,
Q-2024-000261,2,C019,P0030,R07,2024-11-20,9,12209.88,lost,,
Q-2024-000262,1,C034,P0067,R10,2024-11-11,4,7427.22,lost,,
Q-2024-000263,1,C009,P0068,R09,2024-11-17,7,7706.29,won,,
Q-2024-000264,2,C010,P0055,R09,2024-11-25,701,335.0,won,,
Q-2024-000264,3,C010,P0056,R09,2024-11-25,236,407.17,won,,
Q-2024-000265,1,C032,P0002,R01,2024-11-03,6,40357.26,won,,
Q-2024-000265,2,C032,P0011,R01,2024-11-03,3,36465.15,won,,
Q-2024-000265,3,C032,P0046,R01,2024-11-03,756,449.32,lost,,
Q-2024-000266,1,C001,P0005,R01,2024-11-03,1,33942.47,won,,
Q-2024-000267,1,C027,P0036,R03,2024-11-10,19,14938.4,lost,,
Q-2024-000268,1,C015,P0072,R06,2024-11-30,8,7430.2,lost,,
Q-2024-000269,1,C015,P0072,R03,2024-11-22,5,7421.49,won,,
Q-2024-000270,1,C003,P0022,R01,2024-11-12,20,10004.16,won,,
Q-2024-000270,2,C003,P0039,R01,2024-11-12,10,11324.55,won,,
Q-2024-000271,1,C007,P0002,R07,2024-11-25,4,36118.05,won,,
Q-2024-000272,1,C006,P0016,R06,2024-11-30,4,38904.2,lost,,
Q-2024-000273,1,C032,P0081,R08,2024-11-21,2,52540.98,won,,
Q-2024-000274,1,C031,P0108,R07,2024-11-26,14,2403.99,won,,
Q-2024-000275,1,C003,P0027,R10,2024-11-01,11,11112.0,lost,,
Q-2024-000275,2,C003,P0050,R10,2024-11-01,621,394.21,lost,,
Q-2024-000275,3,C003,P0024,R10,2024-11-01,9,9744.78,won,,
Q-2024-000276,1,C007,P0047,R07,2024-11-21,100,416.48,won,,
Q-2024-000276,2,C007,P0059,R07,2024-11-21,176,380.07,won,,
Q-2024-000277,1,C004,P0098,R04,2024-11-02,3,53183.93,won,,
Q-2024-000278,1,C027,P0079,R03,2024-11-26,11,10258.05,won,,
Q-2024-000278,2,C027,P0066,R03,2024-11-26,15,8934.66,lost,,
Q-2024-000278,3,C027,P0077,R03,2024-11-26,5,8218.83,lost,,
Q-2024-000279,1,C016,P0086,R04,2024-11-22,4,53140.12,won,,
Q-2024-000280,1,C040,P0027,R04,2024-11-26,10,10818.4,lost,,
Q-2024-000281,1,C022,P0120,R03,2024-12-22,31,2928.91,won,,
Q-2024-000282,1,C006,P0016,R12,2024-12-21,6,39174.67,won,,
Q-2024-000282,2,C006,P0014,R12,2024-12-21,7,41492.82,won,,
Q-2024-000283,1,C014,P0094,R02,2024-12-24,3,41351.42,lost,,
Q-2024-000284,1,C008,P0112,R06,2024-12-14,31,2516.45,won,,
Q-2024-000285,1,C017,P0064,R01,2024-12-06,14,8281.0,won,,
Q-2024-000286,1,C009,P0095,R09,2024-12-09,3,36739.15,lost,,
Q-2024-000286,2,C009,P0099,R09,2024-12-09,2,45020.35,won,,
Q-2024-000287,1,C010,P0022,R10,2024-12-09,2,10333.89,won,,
Q-2024-000288,1,C015,P0097,R03,2024-12-21,4,45460.15,lost,DR-2024-0009,competitive_displacement
Q-2024-000288,3,C015,P0083,R03,2024-12-21,4,47948.79,won,,
Q-2024-000289,1,C014,P0091,R02,2024-12-11,3,46076.36,lost,,
Q-2024-000289,2,C014,P0090,R02,2024-12-11,2,36135.58,won,,
Q-2024-000289,3,C014,P0100,R02,2024-12-11,3,43379.35,lost,,
Q-2024-000290,1,C013,P0029,R01,2024-12-01,10,13293.74,won,,
Q-2024-000291,1,C032,P0041,R08,2024-12-19,276,495.32,won,,
Q-2024-000292,1,C028,P0042,R03,2024-12-05,730,488.96,won,,
Q-2024-000292,2,C028,P0060,R03,2024-12-05,738,554.32,won,,
Q-2024-000292,3,C028,P0068,R03,2024-12-05,17,9110.72,won,,
Q-2024-000293,1,C032,P0097,R07,2024-12-27,1,61036.06,lost,,
Q-2024-000293,2,C032,P0095,R07,2024-12-27,2,45891.32,lost,,
Q-2024-000294,1,C030,P0089,R12,2024-12-25,2,46068.76,lost,,
Q-2024-000295,1,C004,P0033,R04,2024-12-23,21,11845.43,lost,,
Q-2024-000296,1,C011,P0083,R11,2024-12-14,1,46865.58,lost,,
Q-2024-000296,2,C011,P0106,R11,2024-12-14,8,1915.9,won,,
Q-2024-000297,1,C040,P0041,R04,2024-12-06,69,379.49,lost,,
Q-2024-000297,2,C040,P0024,R04,2024-12-06,12,8981.4,lost,,
Q-2024-000297,3,C040,P0026,R04,2024-12-06,22,10573.35,won,,
Q-2024-000298,1,C015,P0092,R03,2024-12-20,3,47006.48,won,,
Q-2024-000298,2,C015,P0088,R03,2024-12-20,4,42634.18,won,,
Q-2024-000299,1,C037,P0098,R01,2024-12-05,3,51904.76,lost,,
Q-2024-000300,1,C034,P0063,R10,2024-12-01,4,7231.49,lost,,
Q-2024-000301,1,C022,P0112,R03,2024-12-02,7,2447.05,won,,
Q-2024-000302,1,C008,P0073,R08,2024-12-04,12,8218.48,won,,
Q-2024-000303,1,C025,P0118,R01,2024-12-11,10,2239.69,won,,
Q-2024-000304,1,C017,P0007,R05,2024-12-27,1,31612.45,lost,,
Q-2024-000305,1,C017,P0056,R05,2024-12-29,382,453.9,won,,
Q-2024-000306,2,C040,P0059,R02,2024-12-10,218,320.55,won,,
Q-2024-000308,1,C004,P0098,R04,2024-12-30,4,53357.62,lost,,
Q-2024-000308,2,C004,P0037,R04,2024-12-30,12,11850.94,won,,
Q-2024-000309,2,C040,P0053,R04,2024-12-25,554,354.89,lost,,
Q-2024-000310,1,C030,P0073,R06,2024-12-23,20,7823.81,lost,,
Q-2024-000311,1,C014,P0030,R02,2024-12-24,3,9113.85,won,,
Q-2024-000312,1,C028,P0001,R04,2024-12-09,7,39265.94,won,,
Q-2024-000313,1,C027,P0035,R03,2024-12-29,24,10563.12,lost,,
Q-2024-000313,2,C027,P0077,R03,2024-12-29,4,8193.46,won,,
Q-2024-000314,1,C028,P0078,R04,2024-12-11,12,8968.21,won,,
Q-2024-000314,2,C028,P0060,R04,2024-12-11,304,553.84,lost,,
Q-2024-000315,1,C024,P0073,R09,2024-12-23,4,7396.04,lost,,
Q-2024-000316,1,C015,P0083,R03,2024-12-08,1,47928.18,won,,
Q-2024-000317,1,C028,P0042,R04,2024-12-06,293,491.16,lost,,
Q-2024-000318,1,C007,P0053,R07,2024-12-25,562,420.8,lost,,
Q-2024-000319,1,C030,P0073,R06,2024-12-16,18,7842.69,won,,
Q-2024-000320,1,C012,P0087,R12,2024-12-10,4,42343.69,lost,,
Q-2024-000321,1,C003,P0039,R03,2024-12-27,12,11395.57,won,,
Q-2024-000321,2,C003,P0027,R03,2024-12-27,2,11120.28,won,,
Q-2024-000322,1,C031,P0073,R07,2024-12-09,20,7968.76,lost,,
Q-2024-000323,2,C014,P0100,R10,2024-12-06,1,43548.0,won,,
Q-2024-000323,3,C014,P0030,R10,2024-12-06,21,9054.37,won,,
Q-2024-000324,1,C039,P0050,R12,2024-12-27,276,570.33,won,,
Q-2024-000324,2,C039,P0048,R12,2024-12-27,145,530.24,won,,
Q-2024-000325,1,C019,P0030,R07,2024-12-07,9,12200.87,won,,
Q-2024-000325,2,C019,P0021,R07,2024-12-07,22,12082.17,won,,
Q-2024-000326,1,C017,P0007,R05,2024-12-30,4,31465.15,lost,,
Q-2024-000326,2,C017,P0005,R05,2024-12-30,1,32026.04,won,,
Q-2024-000327,1,C017,P0002,R05,2024-12-30,6,34779.54,won,DR-2024-0010,competitive_displacement
Q-2024-000328,1,C001,P0005,R01,2024-12-28,4,33927.26,won,,
Q-2024-000328,2,C001,P0015,R01,2024-12-28,7,32576.92,won,,
Q-2024-000328,3,C001,P0003,R01,2024-12-28,4,28101.59,lost,,
Q-2024-000329,1,C009,P0091,R09,2024-12-15,4,49098.58,won,,
Q-2024-000329,2,C009,P0094,R09,2024-12-15,4,46468.36,lost,,
Q-2024-000329,3,C009,P0068,R09,2024-12-15,9,7712.62,lost,,
Q-2024-000329,4,C009,P0093,R09,2024-12-15,3,41200.0,lost,,
Q-2024-000330,1,C014,P0090,R11,2024-12-13,2,36229.89,lost,,
Q-2024-000330,2,C014,P0033,R11,2024-12-13,12,10417.73,won,,
Q-2024-000331,1,C010,P0040,R10,2024-12-07,20,10731.41,won,,
Q-2024-000332,1,C025,P0076,R01,2024-12-03,2,6297.45,won,,
Q-2024-000333,1,C033,P0046,R09,2024-12-19,746,395.74,won,,
Q-2024-000333,2,C033,P0040,R09,2024-12-19,3,10806.95,won,,
Q-2024-000334,1,C011,P0106,R11,2024-12-09,4,1904.22,lost,,
Q-2024-000335,1,C003,P0022,R03,2024-12-02,19,10038.33,won,,
Q-2024-000336,1,C032,P0055,R08,2024-12-07,466,434.62,won,,
Q-2024-000336,2,C032,P0098,R08,2024-12-07,3,56238.6,won,,
Q-2024-000337,1,C019,P0040,R07,2024-12-26,21,11433.74,lost,,
Q-2024-000338,1,C036,P0014,R12,2024-12-11,4,39621.53,lost,,
Q-2024-000339,1,C002,P0066,R02,2024-12-22,17,7037.73,won,,
Q-2024-000339,2,C002,P0060,R02,2024-12-22,372,506.65,won,,
Q-2024-000339,3,C002,P0067,R02,2024-12-22,6,7443.28,lost,,
Q-2024-000339,4,C002,P0071,R02,2024-12-22,15,7499.12,won,,
Q-2024-000340,1,C017,P0005,R06,2024-12-23,7,32108.03,won,,
Q-2024-000340,3,C017,P0079,R06,2024-12-23,20,7487.75,won,,
Q-2024-000341,1,C017,P0001,R05,2024-12-18,2,34365.1,won,DR-2024-0011,competitive_displacement
Q-2024-000341,2,C017,P0068,R05,2024-12-18,16,7542.96,won,,
Q-2024-000342,1,C012,P0059,R12,2024-12-30,439,387.03,lost,,
Q-2024-000343,1,C015,P0098,R03,2024-12-06,3,48592.85,won,,
Q-2024-000343,2,C015,P0072,R03,2024-12-06,15,7413.51,won,,
Q-2024-000344,1,C004,P0031,R08,2024-12-31,14,11836.35,won,,
Q-2024-000344,2,C004,P0037,R08,2024-12-31,5,11804.12,won,,
Q-2024-000345,2,C011,P0080,R11,2024-12-17,14,7650.0,won,,
Q-2024-000345,3,C011,P0084,R11,2024-12-17,3,48958.44,won,,
Q-2024-000345,4,C011,P0091,R11,2024-12-17,4,51515.61,lost,,
Q-2024-000346,1,C033,P0040,R09,2024-12-27,22,11141.03,won,,
Q-2024-000347,1,C002,P0066,R02,2024-12-18,14,7056.11,lost,,
Q-2024-000348,1,C012,P0106,R12,2024-12-23,5,2081.68,lost,,
Q-2024-000349,1,C014,P0094,R02,2024-12-23,2,41191.34,won,,
Q-2024-000349,3,C014,P0091,R02,2024-12-23,2,46136.06,lost,,
Q-2024-000350,1,C032,P0011,R08,2024-12-07,6,36337.29,won,,
Q-2024-000351,1,C007,P0053,R07,2024-12-02,160,402.55,won,,
Q-2024-000351,2,C007,P0005,R07,2024-12-02,1,35350.22,lost,,
Q-2024-000352,1,C040,P0026,R12,2024-12-13,2,10561.18,lost,,
Q-2024-000353,1,C014,P0087,R02,2024-12-14,3,38477.28,lost,,
Q-2024-000353,2,C014,P0030,R02,2024-12-14,16,9118.63,won,,
Q-2024-000354,1,C017,P0049,R05,2024-12-02,327,365.92,lost,,
Q-2024-000355,1,C005,P0010,R05,2024-12-29,4,29314.32,won,,
Q-2024-000357,1,C010,P0035,R10,2024-12-13,13,9538.15,won,,
Q-2024-000357,2,C010,P0040,R10,2024-12-13,22,10727.51,won,,
Q-2024-000358,1,C001,P0042,R01,2024-12-04,331,402.03,won,,
Q-2024-000358,2,C001,P0003,R01,2024-12-04,1,30004.04,won,DR-2024-0012,competitive_displacement
Q-2024-000360,1,C021,P0002,R09,2024-12-08,2,30665.19,won,,
Q-2024-000360,2,C021,P0107,R09,2024-12-08,37,2099.22,won,,
Q-2024-000361,1,C028,P0042,R04,2024-12-13,302,492.01,lost,,
Q-2024-000361,2,C028,P0044,R04,2024-12-13,84,548.11,lost,,
Q-2024-000362,1,C005,P0073,R05,2024-12-24,3,7162.55,lost,,
Q-2024-000363,1,C006,P0086,R06,2024-12-17,1,47225.74,won,,
Q-2024-000363,2,C006,P0014,R06,2024-12-17,5,41702.73,won,,
Q-2024-000363,3,C006,P0085,R06,2024-12-17,2,46332.4,lost,,
Q-2024-000363,4,C006,P0084,R06,2024-12-17,4,47282.06,lost,,
Q-2024-000364,1,C021,P0002,R09,2024-12-21,4,30555.31,lost,,
Q-2024-000365,1,C039,P0015,R03,2024-12-06,3,33005.11,won,,
Q-2024-000365,2,C039,P0050,R03,2024-12-06,363,520.09,won,,
Q-2025-000366,1,C030,P0073,R06,2025-01-02,16,7869.24,won,,
Q-2025-000366,2,C030,P0090,R06,2025-01-02,1,41238.01,lost,,
Q-2025-000367,1,C011,P0083,R11,2025-01-08,4,46690.85,won,,
Q-2025-000367,2,C011,P0080,R11,2025-01-08,18,8222.38,won,,
Q-2025-000367,3,C011,P0106,R11,2025-01-08,19,1915.08,won,,
Q-2025-000368,1,C012,P0107,R01,2025-01-18,24,2508.16,lost,,
Q-2025-000369,1,C029,P0088,R05,2025-01-23,3,46780.9,won,,
Q-2025-000370,1,C001,P0003,R01,2025-01-29,2,28260.68,lost,,
Q-2025-000371,1,C012,P0087,R12,2025-01-12,1,42729.38,won,,
Q-2025-000372,1,C009,P0095,R09,2025-01-03,3,41132.56,won,,
Q-2025-000372,2,C009,P0091,R09,2025-01-03,2,44041.88,lost,,
Q-2025-000372,3,C009,P0094,R09,2025-01-03,1,46244.38,won,,
Q-2025-000372,4,C009,P0068,R09,2025-01-03,10,7688.53,won,,
Q-2025-000373,1,C030,P0066,R06,2025-01-26,12,8135.88,won,,
Q-2025-000373,2,C030,P0073,R06,2025-01-26,16,7859.17,won,,
Q-2025-000374,1,C004,P0100,R04,2025-01-12,2,51166.03,won,,
Q-2025-000374,2,C004,P0031,R04,2025-01-12,11,11868.59,won,,
Q-2025-000374,3,C004,P0033,R04,2025-01-12,21,11871.04,lost,,
Q-2025-000375,1,C024,P0041,R12,2025-01-20,454,417.09,won,,
Q-2025-000375,2,C024,P0054,R12,2025-01-20,765,431.24,lost,,
Q-2025-000376,1,C008,P0005,R08,2025-01-10,8,36016.58,lost,,
Q-2025-000377,1,C011,P0084,R11,2025-01-24,3,49182.12,lost,,
Q-2025-000377,2,C011,P0106,R11,2025-01-24,13,1910.83,lost,,
Q-2025-000378,2,C010,P0089,R10,2025-01-28,1,44816.25,won,,
Q-2025-000379,1,C013,P0008,R04,2025-01-12,6,34671.73,won,,
Q-2025-000380,1,C011,P0083,R10,2025-01-04,1,40811.6,won,,
Q-2025-000381,1,C024,P0024,R12,2025-01-24,22,10035.87,won,,
Q-2025-000381,2,C024,P0078,R12,2025-01-24,5,7468.38,lost,,
Q-2025-000382,1,C012,P0107,R12,2025-01-03,23,2500.01,lost,,
Q-2025-000383,1,C014,P0083,R02,2025-01-17,2,43461.52,lost,,
Q-2025-000384,1,C037,P0019,R01,2025-01-23,8,38746.29,lost,,
Q-2025-000384,2,C037,P0056,R01,2025-01-23,714,449.01,won,,
Q-2025-000385,1,C017,P0053,R05,2025-01-06,455,382.07,won,,
Q-2025-000386,1,C003,P0033,R03,2025-01-22,5,10783.4,lost,,
Q-2025-000386,2,C003,P0060,R03,2025-01-22,743,415.12,won,,
Q-2025-000386,3,C003,P0025,R03,2025-01-22,2,10552.97,won,,
Q-2025-000386,4,C003,P0024,R03,2025-01-22,20,9770.5,lost,,
Q-2025-000387,1,C040,P0059,R04,2025-01-20,271,347.99,won,,
Q-2025-000387,2,C040,P0041,R04,2025-01-20,515,393.0,won,,
Q-2025-000388,1,C015,P0083,R03,2025-01-22,3,47997.87,won,,
Q-2025-000388,2,C015,P0097,R03,2025-01-22,3,49773.9,won,,
Q-2025-000389,1,C015,P0062,R03,2025-01-24,3,7781.16,won,,
Q-2025-000390,1,C009,P0065,R09,2025-01-15,11,6500.0,lost,,
Q-2025-000390,2,C009,P0080,R09,2025-01-15,8,7493.68,lost,,
Q-2025-000390,3,C009,P0095,R09,2025-01-15,4,41324.23,lost,,
Q-2025-000391,1,C009,P0095,R09,2025-01-05,2,41228.09,won,,
Q-2025-000392,1,C037,P0056,R01,2025-01-22,204,448.97,won,,
Q-2025-000392,2,C037,P0019,R01,2025-01-22,8,38963.21,won,,
Q-2025-000392,3,C037,P0098,R01,2025-01-22,1,51941.22,lost,,
Q-2025-000393,1,C006,P0100,R06,2025-01-25,4,47237.24,won,,
Q-2025-000394,1,C004,P0100,R04,2025-01-16,2,51282.74,lost,,
Q-2025-000396,1,C014,P0033,R02,2025-01-08,12,10408.63,won,,
Q-2025-000396,2,C014,P0094,R02,2025-01-08,4,41312.08,won,,
Q-2025-000396,4,C014,P0030,R02,2025-01-08,10,9066.75,won,,
Q-2025-000397,1,C002,P0066,R02,2025-01-01,3,7048.26,won,,
Q-2025-000397,2,C002,P0114,R02,2025-01-01,34,1825.34,lost,,
Q-2025-000397,3,C002,P0060,R02,2025-01-01,655,509.08,lost,,
Q-2025-000398,1,C032,P0088,R08,2025-01-27,1,53087.94,lost,,
Q-2025-000398,2,C032,P0042,R08,2025-01-27,354,479.57,lost,,
Q-2025-000399,1,C033,P0041,R09,2025-01-22,283,411.18,lost,,
Q-2025-000400,1,C040,P0027,R04,2025-01-06,20,10846.25,won,,
Q-2025-000401,1,C004,P0033,R04,2025-01-02,14,11841.65,won,,
Q-2025-000401,2,C004,P0023,R04,2025-01-02,15,10790.88,won,,
Q-2025-000401,3,C004,P0037,R04,2025-01-02,19,11851.8,won,,
Q-2025-000401,4,C004,P0099,R04,2025-01-02,1,50776.16,won,,
Q-2025-000402,1,C013,P0025,R01,2025-01-11,19,12499.89,won,,
Q-2025-000403,1,C016,P0049,R04,2025-01-08,343,452.28,won,DR-2025-0013,end_of_life_clearance
Q-2025-000403,2,C016,P0064,R04,2025-01-08,4,9645.47,lost,,
Q-2025-000403,3,C016,P0065,R04,2025-01-08,10,7889.91,won,,
Q-2025-000403,4,C016,P0086,R04,2025-01-08,3,56277.62,won,DR-2025-0014,volume_ramp_concession
Q-2025-000404,1,C013,P0008,R01,2025-01-22,2,34703.23,won,,
Q-2025-000404,2,C013,P0022,R01,2025-01-22,24,11653.37,won,,
Q-2025-000405,1,C015,P0072,R03,2025-01-21,5,7421.84,lost,,
Q-2025-000405,2,C015,P0088,R03,2025-01-21,3,44135.71,won,,
Q-2025-000406,1,C025,P0076,R07,2025-01-06,16,6269.21,lost,,
Q-2025-000407,1,C032,P0053,R08,2025-01-26,210,457.31,won,,
Q-2025-000408,1,C036,P0003,R12,2025-01-12,2,32424.93,lost,,
Q-2025-000409,1,C039,P0057,R03,2025-01-21,725,495.84,won,,
Q-2025-000410,1,C036,P0003,R12,2025-01-27,2,32514.15,won,,
Q-2025-000410,2,C036,P0069,R12,2025-01-27,5,8261.32,won,,
Q-2025-000410,3,C036,P0097,R12,2025-01-27,4,51314.77,won,,
Q-2025-000412,1,C016,P0046,R04,2025-01-26,636,474.97,lost,,
Q-2025-000412,2,C016,P0073,R04,2025-01-26,17,8511.88,won,,
Q-2025-000413,1,C025,P0109,R01,2025-01-03,35,2200.38,lost,,
Q-2025-000413,2,C025,P0076,R01,2025-01-03,19,6295.9,lost,,
Q-2025-000414,1,C040,P0031,R04,2025-01-21,12,8820.37,won,,
Q-2025-000415,1,C033,P0054,R12,2025-01-07,453,515.92,won,,
Q-2025-000416,1,C017,P0019,R05,2025-01-30,1,30400.0,won,,
Q-2025-000417,1,C010,P0056,R10,2025-01-03,654,521.23,won,,
Q-2025-000417,2,C010,P0022,R10,2025-01-03,18,10313.75,won,,
Q-2025-000417,3,C010,P0087,R10,2025-01-03,3,41911.03,lost,,
Q-2025-000417,4,C010,P0081,R10,2025-01-03,3,42279.86,lost,,
Q-2025-000418,1,C005,P0073,R05,2025-01-13,20,7159.18,lost,,
Q-2025-000418,2,C005,P0066,R05,2025-01-13,6,7330.88,lost,,
Q-2025-000418,3,C005,P0010,R05,2025-01-13,4,32854.45,lost,,
Q-2025-000418,4,C005,P0044,R05,2025-01-13,791,350.73,won,,
Q-2025-000419,1,C039,P0016,R03,2025-01-20,7,38813.22,won,,
Q-2025-000420,1,C024,P0073,R12,2025-01-14,16,7415.23,won,,
Q-2025-000421,1,C033,P0040,R09,2025-01-20,3,11095.13,lost,,
Q-2025-000421,2,C033,P0042,R09,2025-01-20,673,410.0,lost,,
Q-2025-000422,1,C009,P0065,R09,2025-01-03,16,6562.83,lost,,
Q-2025-000422,2,C009,P0068,R09,2025-01-03,6,7710.37,lost,,
Q-2025-000423,1,C031,P0004,R03,2025-01-30,2,37103.91,lost,,
Q-2025-000424,1,C017,P0019,R05,2025-01-01,2,33746.8,won,DR-2025-0015,end_of_life_clearance
Q-2025-000425,1,C006,P0084,R04,2025-01-30,1,47237.64,won,,
Q-2025-000426,1,C011,P0080,R11,2025-01-10,16,8238.54,lost,,
Q-2025-000426,2,C011,P0091,R11,2025-01-10,2,51368.76,won,,
Q-2025-000427,1,C020,P0061,R08,2025-02-15,16,8038.86,lost,,
Q-2025-000427,2,C020,P0059,R08,2025-02-15,257,383.34,won,,
Q-2025-000427,3,C020,P0048,R08,2025-02-15,684,561.02,lost,,
Q-2025-000427,4,C020,P0053,R08,2025-02-15,772,437.55,won,,
Q-2025-000428,1,C024,P0078,R12,2025-02-01,2,7476.67,won,,
Q-2025-000428,2,C024,P0073,R12,2025-02-01,15,6750.0,won,,
Q-2025-000429,1,C026,P0112,R02,2025-02-26,37,2553.03,won,,
Q-2025-000429,2,C026,P0052,R02,2025-02-26,318,538.72,won,,
Q-2025-000429,3,C026,P0042,R02,2025-02-26,751,502.48,lost,,
Q-2025-000429,4,C026,P0120,R02,2025-02-26,29,2513.26,won,,
Q-2025-000430,1,C017,P0079,R05,2025-02-08,13,6823.47,won,,
Q-2025-000430,2,C017,P0005,R05,2025-02-08,1,30610.91,won,,
Q-2025-000430,3,C017,P0007,R05,2025-02-08,3,30347.79,won,,
Q-2025-000431,1,C009,P0094,R09,2025-02-05,3,41135.79,won,,
Q-2025-000431,2,C009,P0068,R09,2025-02-05,16,7729.25,won,,
Q-2025-000431,3,C009,P0091,R09,2025-02-05,1,44407.65,lost,,
Q-2025-000432,1,C034,P0081,R10,2025-02-20,1,39775.01,lost,,
Q-2025-000432,2,C034,P0082,R10,2025-02-20,3,51402.57,won,,
Q-2025-000432,3,C034,P0063,R10,2025-02-20,6,7258.09,won,,
Q-2025-000433,1,C015,P0072,R03,2025-02-09,14,7433.93,lost,,
Q-2025-000434,1,C004,P0029,R04,2025-02-20,5,11836.63,won,,
Q-2025-000435,1,C012,P0087,R12,2025-02-13,2,45361.69,lost,,
Q-2025-000435,2,C012,P0114,R12,2025-02-13,36,2457.54,lost,,
Q-2025-000436,2,C030,P0089,R06,2025-02-04,2,46016.56,lost,,
Q-2025-000436,3,C030,P0071,R06,2025-02-04,13,8736.52,won,,
Q-2025-000437,1,C036,P0007,R12,2025-02-11,8,31526.03,lost,,
Q-2025-000438,1,C032,P0053,R08,2025-02-05,647,400.0,won,,
Q-2025-000438,2,C032,P0081,R08,2025-02-05,1,46100.0,won,,
Q-2025-000439,1,C011,P0073,R08,2025-02-09,9,7956.11,lost,,
Q-2025-000441,1,C022,P0017,R05,2025-02-28,8,41891.36,won,,
Q-2025-000442,1,C015,P0088,R03,2025-02-16,3,43505.43,won,,
Q-2025-000442,2,C015,P0098,R03,2025-02-16,3,48306.11,won,,
Q-2025-000443,1,C004,P0037,R04,2025-02-07,2,11792.87,won,,
Q-2025-000443,2,C004,P0022,R04,2025-02-07,3,10942.47,lost,,
Q-2025-000444,1,C040,P0058,R07,2025-02-07,418,451.69,won,,
Q-2025-000444,2,C040,P0053,R07,2025-02-07,408,353.33,lost,,
Q-2025-000445,1,C038,P0071,R02,2025-02-17,3,9175.45,lost,,
Q-2025-000446,1,C009,P0094,R09,2025-02-24,2,40989.68,won,,
Q-2025-000446,2,C009,P0093,R09,2025-02-24,3,41169.46,lost,,
Q-2025-000447,1,C012,P0099,R10,2025-02-01,1,54688.74,lost,,
Q-2025-000448,1,C012,P0107,R12,2025-02-24,13,2220.15,won,,
Q-2025-000449,1,C018,P0011,R02,2025-02-25,5,30448.67,won,,
Q-2025-000450,1,C003,P0060,R03,2025-02-12,240,414.37,lost,,
Q-2025-000450,2,C003,P0027,R03,2025-02-12,21,13020.62,lost,,
Q-2025-000450,3,C003,P0033,R03,2025-02-12,8,10707.33,lost,,
Q-2025-000450,4,C003,P0026,R03,2025-02-12,2,10804.84,won,,
Q-2025-000451,1,C006,P0011,R06,2025-02-22,6,33907.44,won,,
Q-2025-000452,1,C020,P0059,R05,2025-02-01,663,381.42,lost,,
Q-2025-000453,1,C015,P0098,R03,2025-02-25,4,48549.83,won,,
Q-2025-000455,1,C036,P0013,R12,2025-02-18,6,29786.33,lost,,
Q-2025-000455,2,C036,P0001,R12,2025-02-18,4,30487.01,won,,
Q-2025-000456,1,C014,P0030,R02,2025-02-12,11,9100.25,lost,,
Q-2025-000456,2,C014,P0033,R02,2025-02-12,7,10417.2,won,,
Q-2025-000457,1,C007,P0065,R07,2025-02-19,16,7491.07,won,,
Q-2025-000457,2,C007,P0002,R07,2025-02-19,1,35955.47,won,,
Q-2025-000458,1,C017,P0068,R05,2025-02-17,20,7573.11,won,,
Q-2025-000459,1,C040,P0031,R04,2025-02-08,20,9059.71,won,,
Q-2025-000459,3,C040,P0034,R04,2025-02-08,13,10063.44,won,,
Q-2025-000459,4,C040,P0058,R04,2025-02-08,93,452.96,lost,,
Q-2025-000460,1,C015,P0098,R06,2025-02-11,4,48625.74,lost,,
Q-2025-000461,1,C016,P0092,R04,2025-02-27,4,61307.98,won,,
Q-2025-000462,1,C005,P0010,R05,2025-02-01,1,32913.7,lost,,
Q-2025-000462,2,C005,P0058,R05,2025-02-01,652,442.04,won,,
Q-2025-000463,1,C035,P0061,R11,2025-02-17,6,8666.35,lost,,
Q-2025-000464,1,C032,P0098,R08,2025-02-18,2,52208.18,lost,,
Q-2025-000464,2,C032,P0044,R08,2025-02-18,413,545.85,lost,,
Q-2025-000465,1,C014,P0030,R10,2025-02-16,4,9076.95,lost,,
Q-2025-000465,2,C014,P0090,R10,2025-02-16,2,36134.58,won,,
Q-2025-000465,3,C014,P0087,R10,2025-02-16,3,38529.75,won,,
Q-2025-000466,1,C004,P0023,R04,2025-02-18,7,10759.19,lost,,
Q-2025-000467,1,C019,P0021,R07,2025-02-24,4,12125.97,lost,,
Q-2025-000467,2,C019,P0040,R07,2025-02-24,20,11429.87,won,,
Q-2025-000468,1,C002,P0071,R02,2025-02-06,8,7469.33,won,,
Q-2025-000468,2,C002,P0067,R02,2025-02-06,6,7495.82,lost,,
Q-2025-000469,1,C040,P0059,R04,2025-02-23,375,347.12,lost,,
Q-2025-000470,1,C005,P0017,R05,2025-02-26,7,30485.39,won,,
Q-2025-000470,2,C005,P0020,R05,2025-02-26,1,34159.41,won,,
Q-2025-000471,1,C040,P0057,R04,2025-02-01,282,435.91,won,,
Q-2025-000472,1,C002,P0067,R02,2025-02-02,12,7462.51,won,,
Q-2025-000472,2,C002,P0066,R02,2025-02-02,8,7083.79,won,,
Q-2025-000472,3,C002,P0071,R02,2025-02-02,4,7495.72,lost,,
Q-2025-000473,1,C001,P0042,R01,2025-02-07,489,401.43,won,,
Q-2025-000473,2,C001,P0003,R01,2025-02-07,4,28104.31,lost,,
Q-2025-000474,1,C004,P0022,R04,2025-02-13,9,10929.37,won,,
Q-2025-000475,1,C014,P0087,R02,2025-02-24,3,38578.23,won,,
Q-2025-000475,2,C014,P0043,R02,2025-02-24,371,355.83,won,,
Q-2025-000475,3,C014,P0033,R02,2025-02-24,14,10351.1,won,,
Q-2025-000475,4,C014,P0030,R02,2025-02-24,21,9070.64,lost,,
Q-2025-000476,1,C013,P0013,R01,2025-02-25,1,32336.15,lost,,
Q-2025-000477,1,C037,P0091,R01,2025-02-24,3,50170.02,won,,
Q-2025-000478,1,C011,P0106,R11,2025-02-12,25,1912.23,won,,
Q-2025-000479,1,C009,P0091,R01,2025-02-17,3,48893.23,lost,,
Q-2025-000479,2,C009,P0094,R01,2025-02-17,1,46275.77,lost,,
Q-2025-000479,3,C009,P0095,R01,2025-02-17,1,41238.34,lost,,
Q-2025-000479,4,C009,P0093,R01,2025-02-17,3,47166.37,lost,,
Q-2025-000480,1,C015,P0098,R03,2025-02-02,2,48375.73,won,,
Q-2025-000481,2,C007,P0010,R07,2025-02-26,3,34067.99,won,,
Q-2025-000481,3,C007,P0043,R07,2025-02-26,687,427.84,won,,
Q-2025-000481,4,C007,P0012,R07,2025-02-26,1,36679.86,won,,
Q-2025-000482,1,C024,P0078,R12,2025-02-22,7,7506.31,lost,,
Q-2025-000483,1,C039,P0060,R03,2025-02-23,344,597.86,won,,
Q-2025-000484,1,C024,P0024,R12,2025-02-18,5,10052.56,lost,,
Q-2025-000484,2,C024,P0060,R12,2025-02-18,182,498.76,lost,,
Q-2025-000485,1,C001,P0042,R01,2025-02-27,471,401.53,won,,
Q-2025-000485,2,C001,P0003,R01,2025-02-27,3,28203.64,lost,,
Q-2025-000485,4,C001,P0015,R01,2025-02-27,1,32514.78,won,,
Q-2025-000486,1,C007,P0043,R12,2025-02-02,800,423.56,won,,
Q-2025-000487,1,C007,P0065,R07,2025-03-25,8,7575.06,won,,
Q-2025-000487,2,C007,P0059,R07,2025-03-25,260,386.34,lost,,
Q-2025-000487,3,C007,P0001,R07,2025-03-25,6,31426.09,lost,,
Q-2025-000488,1,C030,P0073,R06,2025-03-25,18,7867.01,lost,,
Q-2025-000488,2,C030,P0066,R06,2025-03-25,17,8141.09,lost,,
Q-2025-000489,1,C027,P0077,R03,2025-03-25,18,8190.55,lost,,
Q-2025-000489,2,C027,P0034,R03,2025-03-25,14,13009.54,lost,,
Q-2025-000490,1,C004,P0033,R04,2025-03-06,8,11855.23,won,,
Q-2025-000490,2,C004,P0031,R04,2025-03-06,12,11877.2,won,,
Q-2025-000490,3,C004,P0023,R04,2025-03-06,11,10765.67,won,,
Q-2025-000491,1,C009,P0093,R09,2025-03-28,3,41200.0,lost,,
Q-2025-000492,1,C001,P0005,R01,2025-03-04,5,33970.82,lost,,
Q-2025-000493,1,C017,P0064,R05,2025-03-13,19,8253.4,lost,,
Q-2025-000493,2,C017,P0049,R05,2025-03-13,746,424.73,lost,,
Q-2025-000493,3,C017,P0079,R05,2025-03-13,9,7479.06,won,,
Q-2025-000494,1,C019,P0103,R07,2025-03-27,15,2262.41,lost,,
Q-2025-000494,2,C019,P0022,R07,2025-03-27,11,11552.06,lost,,
Q-2025-000494,3,C019,P0030,R07,2025-03-27,2,12250.97,won,,
Q-2025-000495,1,C034,P0081,R10,2025-03-22,4,39771.05,won,,
Q-2025-000495,2,C034,P0023,R10,2025-03-22,6,9547.32,lost,,
Q-2025-000496,1,C032,P0098,R08,2025-03-22,4,51311.9,lost,DR-2025-0016,end_of_life_clearance
Q-2025-000496,3,C032,P0046,R08,2025-03-22,591,448.13,won,,
Q-2025-000496,4,C032,P0097,R08,2025-03-22,2,61185.95,won,,
Q-2025-000497,1,C002,P0071,R01,2025-03-29,3,7477.83,lost,,
Q-2025-000497,2,C002,P0060,R01,2025-03-29,674,506.37,won,,
Q-2025-000498,1,C033,P0022,R09,2025-03-19,18,11540.24,won,,
Q-2025-000498,2,C033,P0028,R09,2025-03-19,24,13206.83,won,,
Q-2025-000499,1,C024,P0024,R07,2025-03-29,20,10040.88,won,,
Q-2025-000499,2,C024,P0073,R07,2025-03-29,9,7438.64,won,,
Q-2025-000499,3,C024,P0060,R07,2025-03-29,656,496.92,won,,
Q-2025-000500,1,C039,P0050,R06,2025-03-02,147,571.22,won,,
Q-2025-000501,1,C024,P0060,R12,2025-03-06,65,499.37,won,,
Q-2025-000501,2,C024,P0054,R12,2025-03-06,766,432.41,lost,,
Q-2025-000502,1,C027,P0071,R03,2025-03-22,14,9166.78,lost,,
Q-2025-000503,1,C026,P0120,R02,2025-03-28,4,2518.76,lost,,
Q-2025-000503,2,C026,P0042,R02,2025-03-28,643,499.36,lost,,
Q-2025-000503,3,C026,P0112,R02,2025-03-28,19,2550.29,lost,,
Q-2025-000504,1,C022,P0118,R10,2025-03-20,34,2721.5,won,,
Q-2025-000505,1,C011,P0083,R11,2025-03-12,3,41270.12,lost,,
Q-2025-000506,1,C012,P0059,R12,2025-03-04,536,387.71,lost,,
Q-2025-000507,1,C037,P0098,R02,2025-03-11,2,52017.05,won,,
Q-2025-000508,1,C030,P0089,R05,2025-03-06,1,46192.54,won,,
Q-2025-000508,3,C030,P0066,R05,2025-03-06,6,8152.01,lost,,
Q-2025-000509,2,C011,P0105,R11,2025-03-10,17,2077.71,won,,
Q-2025-000510,1,C009,P0091,R09,2025-03-25,2,43947.29,won,,
Q-2025-000510,2,C009,P0080,R09,2025-03-25,16,8346.85,lost,,
Q-2025-000510,3,C009,P0099,R09,2025-03-25,2,44700.0,lost,,
Q-2025-000510,4,C009,P0094,R09,2025-03-25,1,46500.0,lost,,
Q-2025-000511,1,C020,P0079,R04,2025-03-30,11,8015.67,lost,,
Q-2025-000511,2,C020,P0071,R04,2025-03-30,4,8790.19,won,,
Q-2025-000512,1,C025,P0066,R01,2025-03-06,9,8387.42,won,,
Q-2025-000512,2,C025,P0113,R01,2025-03-06,21,2196.0,lost,,
Q-2025-000512,3,C025,P0108,R01,2025-03-06,17,1986.23,lost,,
Q-2025-000513,1,C028,P0060,R04,2025-03-24,140,555.99,won,,
Q-2025-000514,1,C023,P0055,R11,2025-03-06,367,433.66,won,,
Q-2025-000514,2,C023,P0050,R11,2025-03-06,543,477.28,won,,
Q-2025-000515,1,C017,P0068,R05,2025-03-06,18,7336.13,won,,
Q-2025-000516,1,C027,P0036,R03,2025-03-04,6,14900.28,lost,,
Q-2025-000517,1,C027,P0071,R09,2025-03-21,4,9206.81,won,,
Q-2025-000518,1,C027,P0071,R03,2025-03-20,13,9159.57,lost,,
Q-2025-000518,2,C027,P0077,R03,2025-03-20,20,8224.73,won,,
Q-2025-000519,1,C011,P0073,R11,2025-03-29,2,7970.48,won,,
Q-2025-000519,3,C011,P0097,R11,2025-03-29,2,49813.7,won,,
Q-2025-000520,1,C012,P0060,R12,2025-03-07,195,480.89,lost,,
Q-2025-000520,2,C012,P0107,R12,2025-03-07,17,2504.51,lost,,
Q-2025-000520,3,C012,P0097,R12,2025-03-07,1,53381.07,won,,
Q-2025-000521,1,C009,P0080,R09,2025-03-27,3,7409.05,won,,
Q-2025-000521,2,C009,P0093,R09,2025-03-27,4,41375.06,won,,
Q-2025-000522,1,C034,P0081,R10,2025-03-03,4,39727.61,won,,
Q-2025-000523,1,C020,P0051,R08,2025-03-21,173,436.5,lost,,
Q-2025-000523,2,C020,P0071,R08,2025-03-21,2,8792.79,won,,
Q-2025-000523,4,C020,P0048,R08,2025-03-21,208,562.44,lost,,
Q-2025-000524,1,C027,P0036,R03,2025-03-04,20,14892.12,lost,,
Q-2025-000524,2,C027,P0079,R03,2025-03-04,20,10201.98,won,,
Q-2025-000525,1,C025,P0113,R01,2025-03-23,25,2188.19,won,,
Q-2025-000526,1,C001,P0015,R01,2025-03-09,1,32360.54,won,,
Q-2025-000527,1,C012,P0059,R12,2025-03-30,242,369.58,won,,
Q-2025-000528,1,C033,P0031,R09,2025-03-20,19,10372.91,won,,
Q-2025-000529,1,C014,P0100,R12,2025-03-31,1,43266.4,lost,,
Q-2025-000530,1,C032,P0046,R08,2025-03-30,550,449.0,won,,
Q-2025-000531,1,C011,P0073,R02,2025-03-18,10,7949.41,lost,,
Q-2025-000532,1,C033,P0041,R09,2025-03-22,504,415.14,lost,,
Q-2025-000533,1,C011,P0080,R11,2025-03-16,14,8248.43,won,,
Q-2025-000534,1,C001,P0042,R01,2025-03-21,346,402.79,won,,
Q-2025-000534,2,C001,P0005,R01,2025-03-21,1,33998.23,lost,,
Q-2025-000535,1,C029,P0097,R05,2025-03-30,1,47294.55,won,,
Q-2025-000535,2,C029,P0019,R05,2025-03-30,7,33428.32,won,,
Q-2025-000536,1,C011,P0105,R11,2025-03-06,34,2072.62,won,,
Q-2025-000537,1,C035,P0048,R11,2025-03-30,503,534.87,lost,,
Q-2025-000537,2,C035,P0046,R11,2025-03-30,211,513.79,lost,,
Q-2025-000538,1,C010,P0089,R10,2025-03-26,2,44819.11,won,,
Q-2025-000539,1,C036,P0001,R12,2025-03-05,3,30393.26,won,,
Q-2025-000539,2,C036,P0003,R12,2025-03-05,5,32365.4,won,,
Q-2025-000539,3,C036,P0014,R12,2025-03-05,6,39645.86,won,,
Q-2025-000540,1,C027,P0036,R03,2025-03-29,7,14911.14,won,,
Q-2025-000541,1,C025,P0108,R01,2025-03-27,6,1981.56,won,,
Q-2025-000542,1,C030,P0065,R07,2025-03-31,2,7328.42,lost,,
Q-2025-000543,1,C036,P0014,R12,2025-03-09,6,39591.52,lost,,
Q-2025-000543,2,C036,P0003,R12,2025-03-09,2,32379.0,won,,
Q-2025-000543,3,C036,P0069,R12,2025-03-09,4,7667.18,lost,,
Q-2025-000543,4,C036,P0094,R12,2025-03-09,2,48289.82,lost,,
Q-2025-000544,1,C004,P0033,R04,2025-03-06,21,11834.53,won,,
Q-2025-000544,2,C004,P0022,R04,2025-03-06,21,10877.21,won,,
Q-2025-000545,1,C033,P0042,R05,2025-03-21,312,465.0,won,,
Q-2025-000546,1,C023,P0110,R04,2025-03-06,28,2024.92,won,,
Q-2025-000547,1,C019,P0030,R07,2025-03-27,7,12249.14,won,,
Q-2025-000548,1,C004,P0023,R01,2025-03-07,8,10796.65,won,,
Q-2025-000549,1,C015,P0083,R03,2025-04-04,3,47973.82,won,,
Q-2025-000550,1,C017,P0079,R06,2025-04-21,8,7480.08,won,,
Q-2025-000551,1,C018,P0011,R08,2025-04-15,8,29163.18,won,,
Q-2025-000552,1,C027,P0039,R03,2025-04-16,8,13483.7,lost,,
Q-2025-000553,1,C007,P0076,R02,2025-04-06,7,6933.76,won,,
Q-2025-000553,2,C007,P0047,R02,2025-04-06,425,437.62,lost,,
Q-2025-000553,3,C007,P0010,R02,2025-04-06,5,34988.52,won,,
Q-2025-000553,4,C007,P0059,R02,2025-04-06,437,375.87,won,,
Q-2025-000554,1,C007,P0003,R07,2025-04-26,7,31515.26,won,,
Q-2025-000555,1,C035,P0054,R11,2025-04-30,460,475.0,won,,
Q-2025-000555,2,C035,P0061,R11,2025-04-30,5,8658.73,lost,,
Q-2025-000556,1,C031,P0004,R07,2025-04-21,7,37191.42,lost,,
Q-2025-000556,2,C031,P0015,R07,2025-04-21,6,32381.71,won,,
Q-2025-000556,3,C031,P0114,R07,2025-04-21,37,1898.69,lost,,
Q-2025-000557,1,C004,P0031,R09,2025-04-10,13,10850.0,lost,,
Q-2025-000557,2,C004,P0033,R09,2025-04-10,5,10850.0,lost,,
Q-2025-000557,3,C004,P0029,R09,2025-04-10,4,10950.0,won,,
Q-2025-000558,1,C027,P0066,R03,2025-04-02,10,8951.11,lost,,
Q-2025-000558,2,C027,P0034,R03,2025-04-02,8,12986.18,won,,
Q-2025-000558,3,C027,P0077,R03,2025-04-02,8,8219.67,won,,
Q-2025-000559,1,C004,P0099,R04,2025-04-16,2,50731.4,won,,
Q-2025-000560,1,C009,P0099,R01,2025-04-15,3,47560.91,won,,
Q-2025-000561,1,C017,P0056,R05,2025-04-24,734,411.27,won,,
Q-2025-000561,2,C017,P0005,R05,2025-04-24,2,32109.53,lost,,
Q-2025-000561,3,C017,P0079,R05,2025-04-24,6,7454.02,lost,,
Q-2025-000561,4,C017,P0068,R05,2025-04-24,20,7538.68,lost,,
Q-2025-000562,1,C034,P0040,R10,2025-04-18,7,9877.2,won,,
Q-2025-000562,2,C034,P0023,R10,2025-04-18,23,9546.34,won,,
Q-2025-000563,1,C012,P0084,R12,2025-04-26,1,55940.28,lost,,
Q-2025-000563,2,C012,P0087,R12,2025-04-26,2,45657.85,won,,
Q-2025-000564,1,C029,P0096,R05,2025-04-26,2,36735.57,won,,
Q-2025-000565,1,C040,P0059,R04,2025-04-14,246,347.84,lost,,
Q-2025-000565,2,C040,P0026,R04,2025-04-14,12,9900.0,won,,
Q-2025-000566,1,C032,P0100,R08,2025-04-08,1,54894.03,won,,
Q-2025-000566,2,C032,P0081,R08,2025-04-08,2,52301.66,won,,
Q-2025-000566,3,C032,P0046,R08,2025-04-08,797,451.35,lost,,
Q-2025-000566,4,C032,P0011,R08,2025-04-08,1,36220.8,won,,
Q-2025-000567,1,C023,P0111,R08,2025-04-10,13,2244.4,won,,
Q-2025-000568,1,C004,P0031,R11,2025-04-29,14,10853.93,won,,
Q-2025-000569,1,C016,P0089,R04,2025-04-10,4,54796.23,won,,
Q-2025-000570,1,C029,P0019,R05,2025-04-17,3,33310.58,won,,
Q-2025-000571,1,C011,P0091,R03,2025-04-26,1,51449.3,won,,
Q-2025-000572,1,C015,P0072,R03,2025-04-25,12,7427.63,won,,
Q-2025-000572,2,C015,P0080,R03,2025-04-25,8,8270.79,won,,
Q-2025-000572,3,C015,P0097,R03,2025-04-25,2,49799.96,lost,,
Q-2025-000573,1,C031,P0004,R07,2025-04-02,4,37110.29,lost,,
Q-2025-000573,2,C031,P0015,R07,2025-04-02,6,32427.71,won,,
Q-2025-000574,1,C003,P0022,R03,2025-04-02,2,10034.01,lost,,
Q-2025-000574,2,C003,P0039,R03,2025-04-02,20,11367.49,won,,
Q-2025-000575,1,C015,P0092,R03,2025-04-01,2,47057.53,lost,,
Q-2025-000575,2,C015,P0082,R03,2025-04-01,1,54213.84,won,,
Q-2025-000575,3,C015,P0062,R03,2025-04-01,20,7775.64,won,,
Q-2025-000576,1,C040,P0041,R04,2025-04-23,200,394.97,lost,,
Q-2025-000577,1,C019,P0030,R07,2025-04-11,16,12206.54,lost,,
Q-2025-000577,2,C019,P0103,R07,2025-04-11,27,2261.62,lost,,
Q-2025-000577,3,C019,P0040,R07,2025-04-11,2,11489.78,won,,
Q-2025-000578,1,C001,P0015,R01,2025-04-18,4,32470.18,won,,
Q-2025-000578,2,C001,P0003,R01,2025-04-18,7,28140.79,won,,
Q-2025-000579,1,C027,P0035,R03,2025-04-20,9,12115.01,won,,
Q-2025-000579,2,C027,P0072,R03,2025-04-20,16,9380.01,won,,
Q-2025-000580,1,C006,P0093,R06,2025-04-13,2,47479.03,lost,,
Q-2025-000581,1,C031,P0078,R07,2025-04-30,6,7364.83,won,,
Q-2025-000581,2,C031,P0004,R07,2025-04-30,8,37311.45,won,,
Q-2025-000582,1,C004,P0023,R04,2025-04-08,10,10798.83,won,,
Q-2025-000582,2,C004,P0031,R04,2025-04-08,20,10876.88,lost,,
Q-2025-000583,1,C032,P0055,R08,2025-04-05,504,432.4,won,,
Q-2025-000583,2,C032,P0046,R08,2025-04-05,662,448.72,lost,,
Q-2025-000584,1,C029,P0097,R04,2025-04-13,4,47494.82,lost,,
Q-2025-000585,1,C039,P0050,R03,2025-04-27,325,572.23,lost,,
Q-2025-000585,2,C039,P0057,R03,2025-04-27,716,495.09,lost,,
Q-2025-000585,3,C039,P0015,R03,2025-04-27,1,32957.77,won,,
Q-2025-000585,4,C039,P0049,R03,2025-04-27,599,456.79,won,,
Q-2025-000586,1,C011,P0105,R11,2025-04-28,40,2027.84,lost,DR-2025-0017,volume_ramp_concession
Q-2025-000587,1,C027,P0072,R03,2025-04-21,12,9354.22,won,,
Q-2025-000588,1,C032,P0002,R08,2025-04-23,2,40245.47,lost,,
Q-2025-000588,2,C032,P0053,R08,2025-04-23,385,459.5,lost,,
Q-2025-000589,1,C027,P0077,R03,2025-04-28,7,8215.17,lost,,
Q-2025-000589,2,C027,P0071,R03,2025-04-28,15,9183.75,won,,
Q-2025-000590,1,C007,P0059,R07,2025-04-11,423,376.02,lost,,
Q-2025-000590,2,C007,P0047,R07,2025-04-11,387,431.3,won,,
Q-2025-000590,3,C007,P0010,R07,2025-04-11,6,33604.29,lost,,
Q-2025-000590,4,C007,P0003,R07,2025-04-11,7,30300.5,won,,
Q-2025-000591,1,C038,P0071,R02,2025-04-06,2,9162.08,won,,
Q-2025-000591,2,C038,P0073,R02,2025-04-06,16,9151.2,lost,,
Q-2025-000591,3,C038,P0065,R02,2025-04-06,8,9135.41,lost,,
Q-2025-000592,1,C011,P0084,R11,2025-04-14,2,48942.17,won,,
Q-2025-000593,1,C014,P0100,R02,2025-04-09,2,43481.92,lost,,
Q-2025-000593,3,C014,P0030,R02,2025-04-09,23,9058.63,won,,
Q-2025-000594,1,C031,P0108,R07,2025-04-09,17,2399.62,lost,,
Q-2025-000595,1,C040,P0058,R04,2025-04-25,629,453.39,won,,
Q-2025-000595,2,C040,P0024,R04,2025-04-25,6,9283.5,lost,,
Q-2025-000595,3,C040,P0045,R04,2025-04-25,371,401.26,won,,
Q-2025-000595,4,C040,P0039,R04,2025-04-25,14,11803.94,lost,,
Q-2025-000596,1,C037,P0002,R01,2025-04-05,7,35221.22,lost,,
Q-2025-000596,2,C037,P0006,R01,2025-04-05,4,30886.53,won,,
Q-2025-000596,3,C037,P0019,R01,2025-04-05,3,38898.95,won,,
Q-2025-000597,1,C032,P0098,R08,2025-04-07,2,56306.8,won,,
Q-2025-000598,1,C006,P0091,R06,2025-04-23,4,58742.63,lost,,
Q-2025-000598,2,C006,P0089,R06,2025-04-23,3,49484.22,lost,,
Q-2025-000598,3,C006,P0005,R06,2025-04-23,7,36743.21,won,,
Q-2025-000599,1,C028,P0048,R04,2025-04-22,445,484.3,won,,
Q-2025-000599,2,C028,P0041,R04,2025-04-22,652,533.07,won,,
Q-2025-000599,3,C028,P0043,R04,2025-04-22,340,455.08,lost,,
Q-2025-000600,1,C027,P0077,R03,2025-04-12,17,8244.18,won,,
Q-2025-000601,1,C011,P0097,R08,2025-04-13,4,49982.57,won,,
Q-2025-000601,2,C011,P0106,R08,2025-04-13,28,1908.05,lost,,
Q-2025-000602,1,C032,P0098,R08,2025-04-29,2,56329.21,won,,
Q-2025-000603,1,C033,P0054,R09,2025-04-10,413,516.72,lost,,
Q-2025-000603,2,C033,P0031,R09,2025-04-10,22,10287.66,won,,
Q-2025-000604,1,C032,P0098,R08,2025-04-08,3,56247.59,won,,
Q-2025-000604,2,C032,P0046,R08,2025-04-08,532,449.67,won,,
Q-2025-000605,1,C004,P0037,R04,2025-04-26,22,11813.27,won,,
Q-2025-000606,1,C039,P0057,R03,2025-04-20,757,498.22,won,,
Q-2025-000607,1,C008,P0116,R08,2025-05-06,5,2183.42,won,,
Q-2025-000608,1,C028,P0048,R01,2025-05-07,384,484.66,won,,
Q-2025-000608,2,C028,P0078,R01,2025-05-07,4,8904.06,lost,,
Q-2025-000609,1,C016,P0089,R04,2025-05-05,2,54762.85,won,,
Q-2025-000609,2,C016,P0086,R04,2025-05-05,1,53501.17,lost,,
Q-2025-000610,1,C026,P0042,R02,2025-05-25,209,499.88,won,,
Q-2025-000611,1,C040,P0057,R04,2025-05-28,702,435.98,won,,
Q-2025-000611,2,C040,P0026,R04,2025-05-28,18,10560.25,won,,
Q-2025-000611,3,C040,P0045,R04,2025-05-28,405,399.71,won,,
Q-2025-000612,1,C034,P0027,R10,2025-05-23,6,10654.52,won,,
Q-2025-000613,1,C032,P0055,R07,2025-05-22,327,433.36,lost,,
Q-2025-000613,2,C032,P0100,R07,2025-05-22,3,54541.5,lost,,
Q-2025-000613,3,C032,P0041,R07,2025-05-22,671,494.2,lost,,
Q-2025-000614,1,C017,P0064,R05,2025-05-05,17,8589.55,lost,DR-2025-0018,volume_ramp_concession
Q-2025-000615,1,C004,P0100,R04,2025-05-31,3,51313.72,won,,
Q-2025-000615,2,C004,P0022,R04,2025-05-31,4,10349.85,lost,,
Q-2025-000616,1,C003,P0025,R07,2025-05-31,20,10547.57,lost,,
Q-2025-000616,2,C003,P0024,R07,2025-05-31,9,9755.55,won,,
Q-2025-000617,1,C004,P0037,R12,2025-05-04,6,11856.89,won,,
Q-2025-000617,2,C004,P0022,R12,2025-05-04,7,10298.42,won,,
Q-2025-000618,1,C011,P0084,R03,2025-05-21,1,48932.17,won,,
Q-2025-000619,1,C002,P0067,R02,2025-05-03,10,7463.18,won,,
Q-2025-000620,1,C023,P0044,R11,2025-05-16,748,481.83,won,,
Q-2025-000620,2,C023,P0081,R11,2025-05-16,3,48465.89,lost,,
Q-2025-000621,1,C022,P0011,R10,2025-05-10,6,36443.05,lost,,
Q-2025-000622,1,C032,P0095,R08,2025-05-08,1,46007.5,lost,,
Q-2025-000623,1,C007,P0076,R07,2025-05-15,4,6815.94,won,,
Q-2025-000624,1,C029,P0088,R05,2025-05-02,1,56365.32,won,,
Q-2025-000624,2,C029,P0096,R05,2025-05-02,4,35753.99,won,,
Q-2025-000624,3,C029,P0003,R05,2025-05-02,8,33355.27,won,,
Q-2025-000625,1,C023,P0052,R11,2025-05-06,169,503.2,won,,
Q-2025-000625,2,C023,P0055,R11,2025-05-06,543,435.65,lost,,
Q-2025-000625,3,C023,P0060,R11,2025-05-06,711,435.57,lost,,
Q-2025-000626,1,C032,P0097,R06,2025-05-02,2,51403.13,lost,,
Q-2025-000627,1,C019,P0030,R07,2025-05-29,15,12230.62,won,,
Q-2025-000627,2,C019,P0022,R07,2025-05-29,3,11487.96,lost,,
Q-2025-000628,1,C023,P0044,R11,2025-05-16,716,481.16,lost,,
Q-2025-000628,2,C023,P0060,R11,2025-05-16,501,491.32,won,,
Q-2025-000628,3,C023,P0110,R11,2025-05-16,28,2035.91,won,,
Q-2025-000628,4,C023,P0055,R11,2025-05-16,280,435.0,won,,
Q-2025-000629,1,C012,P0114,R11,2025-05-10,8,2455.0,lost,,
Q-2025-000629,2,C012,P0097,R11,2025-05-10,3,49262.9,lost,,
Q-2025-000629,3,C012,P0120,R11,2025-05-10,15,2351.21,won,,
Q-2025-000630,1,C012,P0053,R12,2025-05-31,575,390.0,won,,
Q-2025-000630,2,C012,P0114,R12,2025-05-31,17,2465.56,won,,
Q-2025-000631,1,C040,P0041,R04,2025-05-26,566,394.97,won,,
Q-2025-000631,2,C040,P0039,R04,2025-05-26,6,12797.59,won,,
Q-2025-000632,1,C040,P0026,R04,2025-05-17,2,10564.13,won,,
Q-2025-000632,2,C040,P0031,R04,2025-05-17,3,9079.34,won,,
Q-2025-000633,1,C026,P0112,R06,2025-05-07,38,2551.43,won,,
Q-2025-000633,2,C026,P0120,R06,2025-05-07,34,2510.59,won,,
Q-2025-000634,1,C032,P0098,R08,2025-05-15,4,56145.38,lost,,
Q-2025-000634,2,C032,P0041,R08,2025-05-15,576,455.0,won,,
Q-2025-000635,1,C011,P0105,R11,2025-05-20,5,2062.01,lost,,
Q-2025-000635,2,C011,P0084,R11,2025-05-20,1,46333.74,lost,,
Q-2025-000635,3,C011,P0106,R11,2025-05-20,27,1913.42,won,,
Q-2025-000635,4,C011,P0091,R11,2025-05-20,4,51201.23,won,,
Q-2025-000636,1,C014,P0100,R02,2025-05-05,4,47782.08,won,,
Q-2025-000636,2,C014,P0086,R02,2025-05-05,4,40763.69,won,,
Q-2025-000636,3,C014,P0043,R02,2025-05-05,752,355.28,lost,,
Q-2025-000637,1,C034,P0063,R10,2025-05-30,2,7267.7,won,,
Q-2025-000638,1,C023,P0055,R11,2025-05-21,310,485.76,won,,
Q-2025-000638,2,C023,P0052,R11,2025-05-21,500,501.94,won,,
Q-2025-000639,1,C011,P0083,R01,2025-05-23,4,46841.15,won,,
Q-2025-000639,2,C011,P0073,R01,2025-05-23,17,7982.03,won,,
Q-2025-000639,3,C011,P0091,R01,2025-05-23,2,44876.4,lost,,
Q-2025-000639,4,C011,P0105,R01,2025-05-23,39,2065.41,won,,
Q-2025-000640,1,C017,P0001,R05,2025-05-12,6,30088.3,won,,
Q-2025-000640,2,C017,P0053,R05,2025-05-12,421,383.95,lost,,
Q-2025-000641,1,C014,P0043,R02,2025-05-20,285,354.5,lost,,
Q-2025-000642,1,C032,P0044,R08,2025-05-08,125,545.86,won,,
Q-2025-000643,1,C037,P0091,R01,2025-05-23,2,50260.77,won,,
Q-2025-000643,2,C037,P0019,R01,2025-05-23,1,38739.34,won,,
Q-2025-000644,1,C004,P0029,R04,2025-05-13,19,11819.97,won,,
Q-2025-000644,2,C004,P0037,R04,2025-05-13,18,11865.23,lost,,
Q-2025-000645,1,C008,P0019,R08,2025-05-25,5,38546.95,won,,
Q-2025-000646,1,C011,P0080,R11,2025-05-14,18,7579.98,won,,
Q-2025-000647,1,C027,P0079,R03,2025-05-10,18,10257.19,won,,
Q-2025-000648,1,C040,P0024,R01,2025-05-17,9,9343.19,won,,
Q-2025-000648,2,C040,P0057,R01,2025-05-17,415,436.41,won,,
Q-2025-000649,1,C020,P0048,R08,2025-05-14,423,562.04,lost,,
Q-2025-000650,1,C009,P0094,R09,2025-05-03,1,46474.81,won,,
Q-2025-000650,2,C009,P0093,R09,2025-05-03,3,41153.68,won,,
Q-2025-000651,1,C019,P0022,R07,2025-05-04,18,11539.51,lost,,
Q-2025-000651,2,C019,P0040,R07,2025-05-04,11,11484.62,lost,,
Q-2025-000651,3,C019,P0103,R07,2025-05-04,36,2260.79,lost,,
Q-2025-000651,4,C019,P0021,R07,2025-05-04,8,12097.16,won,,
Q-2025-000652,1,C038,P0073,R02,2025-05-02,14,9138.1,lost,,
Q-2025-000652,2,C038,P0071,R02,2025-05-02,6,9133.78,lost,,
Q-2025-000652,3,C038,P0114,R02,2025-05-02,6,2171.17,won,,
Q-2025-000652,4,C038,P0065,R02,2025-05-02,13,9176.83,lost,,
Q-2025-000653,1,C020,P0066,R08,2025-05-13,5,7995.33,won,,
Q-2025-000654,1,C034,P0023,R10,2025-05-22,4,9533.53,won,,
Q-2025-000655,1,C030,P0065,R06,2025-05-08,17,7318.28,lost,,
Q-2025-000655,2,C030,P0066,R06,2025-05-08,8,8161.66,won,,
Q-2025-000656,1,C027,P0039,R07,2025-05-19,19,13498.36,lost,,
Q-2025-000656,2,C027,P0036,R07,2025-05-19,16,14899.68,won,,
Q-2025-000657,1,C032,P0097,R08,2025-05-12,4,61009.13,won,,
Q-2025-000657,2,C032,P0051,R08,2025-05-12,355,481.88,won,,
Q-2025-000658,1,C019,P0022,R07,2025-05-25,5,10506.44,lost,,
Q-2025-000658,2,C019,P0103,R07,2025-05-25,6,2262.46,won,,
Q-2025-000659,1,C039,P0018,R03,2025-05-25,7,32518.68,won,,
Q-2025-000660,1,C038,P0065,R02,2025-05-04,4,9144.29,won,,
Q-2025-000661,1,C016,P0091,R04,2025-05-01,4,61291.02,won,,
Q-2025-000662,1,C006,P0089,R06,2025-05-10,1,49179.32,lost,,
Q-2025-000662,2,C006,P0016,R06,2025-05-10,4,39037.06,won,,
Q-2025-000662,3,C006,P0093,R06,2025-05-10,2,47346.4,won,,
Q-2025-000662,4,C006,P0017,R06,2025-05-10,3,36525.77,lost,,
Q-2025-000663,1,C017,P0049,R05,2025-05-06,651,370.02,won,,
Q-2025-000664,1,C027,P0079,R03,2025-05-18,15,10244.24,won,,
Q-2025-000665,1,C009,P0080,R09,2025-05-16,20,7450.0,lost,,
Q-2025-000665,2,C009,P0094,R09,2025-05-16,4,46441.05,won,,
Q-2025-000666,1,C001,P0005,R01,2025-05-23,6,34073.4,won,,
Q-2025-000667,1,C034,P0097,R02,2025-06-29,2,43875.99,won,,
Q-2025-000667,2,C034,P0082,R02,2025-06-29,3,51231.39,lost,,
Q-2025-000668,1,C033,P0043,R09,2025-06-14,698,423.89,won,,
Q-2025-000669,1,C009,P0068,R06,2025-06-06,7,7717.9,lost,,
Q-2025-000669,2,C009,P0080,R06,2025-06-06,2,8338.71,lost,,
Q-2025-000669,3,C009,P0091,R06,2025-06-06,4,48880.96,won,,
Q-2025-000670,1,C034,P0023,R10,2025-06-19,19,9552.67,won,,
Q-2025-000671,1,C029,P0088,R05,2025-06-30,3,56197.61,lost,,
Q-2025-000672,1,C025,P0066,R01,2025-06-24,19,8424.51,won,,
Q-2025-000673,1,C009,P0068,R09,2025-06-27,15,7200.0,won,,
Q-2025-000673,2,C009,P0099,R09,2025-06-27,4,44852.73,won,,
Q-2025-000674,1,C021,P0003,R09,2025-06-12,7,27551.91,won,,
Q-2025-000675,1,C015,P0082,R03,2025-06-14,4,54287.1,won,,
Q-2025-000675,2,C015,P0062,R03,2025-06-14,6,7775.32,lost,,
Q-2025-000676,1,C010,P0087,R10,2025-06-09,1,41926.01,won,,
Q-2025-000676,2,C010,P0035,R10,2025-06-09,7,9607.99,won,,
Q-2025-000676,3,C010,P0055,R10,2025-06-09,95,362.5,lost,,
Q-2025-000677,1,C033,P0048,R09,2025-06-23,208,413.2,won,,
Q-2025-000678,1,C012,P0059,R02,2025-06-23,511,388.53,lost,,
Q-2025-000678,2,C012,P0053,R02,2025-06-23,340,433.1,lost,,
Q-2025-000679,1,C032,P0044,R09,2025-06-20,112,424.92,won,,
Q-2025-000679,2,C032,P0051,R09,2025-06-20,250,480.97,won,,
Q-2025-000680,1,C030,P0090,R06,2025-06-27,2,41295.55,won,,
Q-2025-000681,1,C021,P0020,R09,2025-06-26,3,30686.1,won,,
Q-2025-000681,2,C021,P0003,R09,2025-06-26,8,27688.58,won,,
Q-2025-000681,3,C021,P0107,R09,2025-06-26,38,2092.33,won,,
Q-2025-000682,1,C033,P0022,R09,2025-06-01,16,10820.85,won,,
Q-2025-000683,1,C007,P0053,R07,2025-06-20,257,397.36,won,,
Q-2025-000683,2,C007,P0043,R07,2025-06-20,447,423.51,lost,,
Q-2025-000683,3,C007,P0009,R07,2025-06-20,2,34772.51,lost,,
Q-2025-000683,4,C007,P0065,R07,2025-06-20,5,7529.53,won,,
Q-2025-000684,1,C024,P0054,R12,2025-06-13,596,433.32,won,,
Q-2025-000684,2,C024,P0060,R12,2025-06-13,520,499.18,lost,,
Q-2025-000684,3,C024,P0073,R12,2025-06-13,6,6787.35,won,,
Q-2025-000684,4,C024,P0024,R12,2025-06-13,12,10686.13,won,,
Q-2025-000685,1,C015,P0084,R03,2025-06-07,1,44159.34,won,,
Q-2025-000686,1,C009,P0099,R09,2025-06-17,3,45368.28,won,,
Q-2025-000686,2,C009,P0094,R09,2025-06-17,2,55608.85,won,,
Q-2025-000687,1,C002,P0060,R02,2025-06-04,528,506.89,won,,
Q-2025-000687,2,C002,P0073,R02,2025-06-04,13,7684.65,won,,
Q-2025-000688,1,C009,P0099,R09,2025-06-05,2,47815.48,lost,,
Q-2025-000688,2,C009,P0080,R09,2025-06-05,5,7450.0,lost,,
Q-2025-000689,1,C015,P0097,R03,2025-06-27,4,49974.16,won,,
Q-2025-000690,1,C032,P0041,R08,2025-06-06,773,496.51,lost,,
Q-2025-000690,2,C032,P0009,R08,2025-06-06,1,35933.02,won,,
Q-2025-000690,3,C032,P0011,R08,2025-06-06,1,36418.36,won,,
Q-2025-000691,1,C035,P0054,R11,2025-06-19,389,614.24,won,,
Q-2025-000691,2,C035,P0066,R11,2025-06-19,20,9255.74,won,,
Q-2025-000691,3,C035,P0047,R11,2025-06-19,549,459.24,won,,
Q-2025-000692,1,C016,P0073,R05,2025-06-26,11,8517.63,won,,
Q-2025-000693,1,C014,P0090,R06,2025-06-04,4,36296.69,won,,
Q-2025-000694,1,C037,P0098,R01,2025-06-07,1,52052.47,lost,,
Q-2025-000694,2,C037,P0006,R01,2025-06-07,7,30921.68,lost,,
Q-2025-000694,3,C037,P0056,R01,2025-06-07,243,450.44,lost,,
Q-2025-000695,1,C006,P0093,R06,2025-06-19,3,47251.63,lost,,
Q-2025-000695,2,C006,P0095,R06,2025-06-19,1,47440.73,won,,
Q-2025-000696,1,C038,P0071,R02,2025-06-04,10,9138.72,won,,
Q-2025-000697,1,C011,P0073,R11,2025-06-10,18,7946.61,lost,,
Q-2025-000698,1,C040,P0029,R05,2025-06-16,7,11029.77,lost,,
Q-2025-000698,2,C040,P0024,R05,2025-06-16,6,9281.5,won,,
Q-2025-000698,3,C040,P0058,R05,2025-06-16,229,406.3,won,,
Q-2025-000699,1,C027,P0039,R03,2025-06-16,6,13556.09,won,,
Q-2025-000699,2,C027,P0034,R03,2025-06-16,20,12981.33,won,,
Q-2025-000700,1,C013,P0029,R01,2025-06-16,18,13346.87,won,,
Q-2025-000700,2,C013,P0008,R01,2025-06-16,7,34652.65,lost,,
Q-2025-000701,1,C001,P0018,R01,2025-06-10,8,32376.58,lost,,
Q-2025-000702,1,C040,P0059,R04,2025-06-04,398,347.89,won,,
Q-2025-000702,2,C040,P0026,R04,2025-06-04,17,10614.47,won,,
Q-2025-000702,3,C040,P0053,R04,2025-06-04,301,340.22,won,,
Q-2025-000703,1,C016,P0092,R04,2025-06-12,2,60175.72,lost,DR-2025-0019,volume_ramp_concession
Q-2025-000704,1,C030,P0066,R06,2025-06-09,20,8155.77,lost,,
Q-2025-000704,2,C030,P0096,R06,2025-06-09,2,36650.02,lost,,
Q-2025-000704,3,C030,P0065,R06,2025-06-09,18,7321.63,won,,
Q-2025-000704,4,C030,P0073,R06,2025-06-09,15,7832.9,won,,
Q-2025-000705,1,C003,P0039,R03,2025-06-13,2,11382.69,lost,,
Q-2025-000705,2,C003,P0022,R03,2025-06-13,5,10032.72,won,,
Q-2025-000706,1,C033,P0033,R03,2025-06-24,20,11835.6,lost,,
Q-2025-000706,2,C033,P0041,R03,2025-06-24,95,467.24,won,,
Q-2025-000706,3,C033,P0054,R03,2025-06-24,433,549.11,won,,
Q-2025-000707,1,C018,P0089,R06,2025-06-21,4,54291.72,won,,
Q-2025-000708,1,C032,P0098,R08,2025-06-12,4,56178.64,won,,
Q-2025-000708,2,C032,P0051,R08,2025-06-12,597,481.84,lost,,
Q-2025-000708,3,C032,P0002,R08,2025-06-12,1,40265.94,lost,,
Q-2025-000710,1,C017,P0079,R05,2025-06-01,6,7472.54,won,,
Q-2025-000710,2,C017,P0049,R05,2025-06-01,454,425.21,won,,
Q-2025-000710,3,C017,P0042,R05,2025-06-01,712,397.32,won,,
Q-2025-000711,1,C027,P0034,R03,2025-06-02,13,12947.48,lost,,
Q-2025-000711,2,C027,P0025,R03,2025-06-02,11,13910.53,won,DR-2025-0020,competitive_displacement
Q-2025-000712,1,C040,P0034,R04,2025-06-13,19,9492.88,won,,
Q-2025-000713,1,C004,P0033,R04,2025-06-18,18,12736.68,won,DR-2025-0021,end_of_life_clearance
Q-2025-000713,2,C004,P0022,R04,2025-06-18,4,10893.08,lost,,
Q-2025-000714,1,C040,P0058,R04,2025-06-10,199,453.9,lost,,
Q-2025-000714,2,C040,P0045,R04,2025-06-10,348,394.16,won,,
Q-2025-000715,1,C004,P0029,R04,2025-06-20,10,11877.86,lost,,
Q-2025-000715,2,C004,P0033,R04,2025-06-20,3,11858.72,won,,
Q-2025-000715,3,C004,P0037,R04,2025-06-20,7,11805.6,won,,
Q-2025-000715,4,C004,P0023,R04,2025-06-20,18,10825.97,lost,,
Q-2025-000716,1,C032,P0081,R08,2025-06-04,3,52640.99,won,,
Q-2025-000717,1,C033,P0022,R09,2025-06-27,10,10750.52,won,,
Q-2025-000718,1,C026,P0059,R02,2025-06-02,158,420.47,won,,
Q-2025-000719,1,C011,P0084,R11,2025-06-11,4,49009.83,lost,,
Q-2025-000719,2,C011,P0091,R11,2025-06-11,2,44942.13,lost,,
Q-2025-000720,1,C016,P0065,R03,2025-06-01,5,7937.39,lost,,
Q-2025-000721,1,C013,P0023,R01,2025-06-27,2,10930.0,won,,
Q-2025-000722,1,C010,P0081,R10,2025-06-13,3,42200.49,won,,
Q-2025-000722,2,C010,P0034,R10,2025-06-13,4,11222.04,lost,,
Q-2025-000723,1,C013,P0013,R06,2025-06-23,5,32389.23,won,,
Q-2025-000723,2,C013,P0029,R06,2025-06-23,24,13295.29,won,,
Q-2025-000723,3,C013,P0022,R06,2025-06-23,5,11675.92,won,,
Q-2025-000724,1,C003,P0044,R01,2025-06-19,331,374.7,won,,
Q-2025-000725,1,C035,P0047,R11,2025-06-17,140,459.98,lost,,
Q-2025-000725,2,C035,P0048,R11,2025-06-17,651,534.42,lost,,
Q-2025-000726,1,C004,P0029,R10,2025-06-25,15,11831.98,lost,,
Q-2025-000727,1,C037,P0002,R01,2025-07-30,3,35316.14,lost,,
Q-2025-000727,2,C037,P0098,R01,2025-07-30,4,51754.47,won,,
Q-2025-000727,3,C037,P0019,R01,2025-07-30,8,38879.24,lost,,
Q-2025-000728,1,C012,P0053,R12,2025-07-22,132,504.13,won,,
Q-2025-000729,1,C002,P0065,R02,2025-07-03,4,7074.94,won,,
Q-2025-000730,1,C017,P0019,R05,2025-07-24,6,30510.94,won,,
Q-2025-000731,1,C010,P0087,R05,2025-07-15,3,41884.9,won,,
Q-2025-000732,1,C026,P0059,R02,2025-07-27,459,421.51,lost,,
Q-2025-000732,2,C026,P0050,R02,2025-07-27,71,526.47,lost,,
Q-2025-000732,3,C026,P0048,R02,2025-07-27,202,472.15,won,,
Q-2025-000733,1,C001,P0015,R01,2025-07-16,7,28865.48,lost,,
Q-2025-000733,2,C001,P0018,R01,2025-07-16,3,32591.77,won,,
Q-2025-000734,1,C040,P0027,R04,2025-07-15,4,10843.82,lost,,
Q-2025-000734,2,C040,P0059,R04,2025-07-15,77,346.97,won,,
Q-2025-000734,3,C040,P0057,R04,2025-07-15,324,435.11,won,,
Q-2025-000735,1,C009,P0095,R09,2025-07-01,4,41149.73,lost,,
Q-2025-000735,2,C009,P0068,R09,2025-07-01,6,7735.64,lost,,
Q-2025-000735,3,C009,P0080,R09,2025-07-01,18,7400.0,lost,,
Q-2025-000736,1,C005,P0049,R05,2025-07-15,273,443.25,won,,
Q-2025-000736,2,C005,P0009,R05,2025-07-15,5,29502.8,won,,
Q-2025-000736,3,C005,P0073,R05,2025-07-15,10,6731.85,won,,
Q-2025-000737,1,C004,P0022,R04,2025-07-10,17,10932.71,lost,,
Q-2025-000738,1,C017,P0079,R05,2025-07-09,2,6838.66,won,,
Q-2025-000738,2,C017,P0048,R05,2025-07-09,341,395.4,lost,,
Q-2025-000739,1,C008,P0104,R08,2025-07-20,7,2177.83,won,,
Q-2025-000739,2,C008,P0009,R08,2025-07-20,7,32501.01,won,,
Q-2025-000740,1,C014,P0094,R02,2025-07-10,2,41284.25,lost,,
Q-2025-000741,1,C003,P0024,R03,2025-07-04,14,9746.74,won,,
Q-2025-000741,2,C003,P0027,R03,2025-07-04,11,12931.55,lost,,
Q-2025-000741,3,C003,P0022,R03,2025-07-04,20,10040.05,won,,
Q-2025-000742,1,C011,P0073,R07,2025-07-15,4,7991.93,lost,,
Q-2025-000742,2,C011,P0091,R07,2025-07-15,4,51356.95,lost,,
Q-2025-000743,1,C006,P0005,R06,2025-07-21,7,36908.13,lost,,
Q-2025-000743,2,C006,P0084,R06,2025-07-21,3,47231.31,won,,
Q-2025-000744,1,C005,P0066,R05,2025-07-15,5,7310.59,lost,,
Q-2025-000745,1,C001,P0005,R01,2025-07-27,7,33956.44,won,,
Q-2025-000746,1,C001,P0003,R01,2025-07-05,2,28187.33,won,,
Q-2025-000747,1,C006,P0020,R06,2025-07-05,7,38758.29,lost,,
Q-2025-000747,2,C006,P0086,R06,2025-07-05,1,47200.03,lost,,
Q-2025-000747,3,C006,P0089,R06,2025-07-05,3,49221.33,won,,
Q-2025-000748,1,C002,P0065,R02,2025-07-09,18,7100.41,lost,,
Q-2025-000748,2,C002,P0107,R02,2025-07-09,32,2241.39,lost,,
Q-2025-000749,1,C008,P0106,R08,2025-07-12,30,2025.41,won,,
Q-2025-000749,2,C008,P0073,R08,2025-07-12,6,8233.27,won,,
Q-2025-000750,1,C029,P0096,R05,2025-07-20,3,37662.93,won,,
Q-2025-000750,2,C029,P0097,R05,2025-07-20,4,47455.14,won,,
Q-2025-000751,1,C006,P0093,R06,2025-07-15,4,47444.8,won,,
Q-2025-000752,1,C040,P0053,R04,2025-07-01,648,353.18,lost,,
Q-2025-000753,1,C006,P0091,R06,2025-07-05,3,58540.93,won,,
Q-2025-000754,1,C004,P0031,R04,2025-07-03,21,11852.66,won,,
Q-2025-000754,2,C004,P0022,R04,2025-07-03,13,10300.0,lost,,
Q-2025-000755,1,C033,P0054,R09,2025-07-14,67,516.02,won,,
Q-2025-000756,1,C021,P0114,R09,2025-07-06,28,2200.09,lost,,
Q-2025-000757,1,C039,P0060,R03,2025-07-12,217,599.63,won,,
Q-2025-000758,1,C007,P0010,R07,2025-07-17,2,34943.74,won,,
Q-2025-000759,1,C003,P0033,R03,2025-07-17,16,10757.79,lost,,
Q-2025-000759,2,C003,P0027,R03,2025-07-17,24,12982.63,won,,
Q-2025-000760,1,C023,P0110,R11,2025-07-18,17,2028.1,won,,
Q-2025-000761,1,C010,P0089,R10,2025-07-02,2,44791.45,lost,,
Q-2025-000762,1,C018,P0005,R06,2025-07-27,2,34183.15,won,,
Q-2025-000762,2,C018,P0089,R06,2025-07-27,2,54327.41,won,,
Q-2025-000762,3,C018,P0008,R06,2025-07-27,6,33930.59,won,,
Q-2025-000762,4,C018,P0011,R06,2025-07-27,1,30529.12,lost,,
Q-2025-000763,1,C032,P0011,R08,2025-07-07,5,36328.72,won,,
Q-2025-000764,1,C004,P0099,R04,2025-07-10,3,50742.49,won,,
Q-2025-000765,1,C040,P0027,R04,2025-07-13,16,10838.23,lost,,
Q-2025-000766,1,C014,P0094,R02,2025-07-06,4,41316.83,won,,
Q-2025-000766,2,C014,P0043,R02,2025-07-06,182,356.3,lost,,
Q-2025-000767,1,C004,P0099,R04,2025-07-22,4,50905.73,won,,
Q-2025-000768,1,C008,P0103,R06,2025-07-09,12,2419.07,lost,,
Q-2025-000769,1,C004,P0037,R04,2025-07-14,22,11790.13,won,,
Q-2025-000770,1,C016,P0091,R04,2025-07-05,1,61269.06,won,,
Q-2025-000770,2,C016,P0062,R04,2025-07-05,5,8676.37,won,,
Q-2025-000771,1,C038,P0073,R02,2025-07-12,20,9141.64,won,,
Q-2025-000772,1,C007,P0005,R07,2025-07-12,7,36909.1,won,,
Q-2025-000773,1,C021,P0017,R09,2025-07-06,7,33046.99,lost,DR-2025-0022,competitive_displacement
Q-2025-000773,2,C021,P0114,R09,2025-07-06,35,2192.13,lost,,
Q-2025-000774,1,C006,P0086,R06,2025-07-19,2,47384.41,won,,
Q-2025-000775,1,C038,P0114,R12,2025-07-30,8,2166.03,lost,,
Q-2025-000775,2,C038,P0105,R12,2025-07-30,25,2207.2,won,,
Q-2025-000776,1,C027,P0077,R01,2025-07-20,13,8192.43,lost,,
Q-2025-000776,2,C027,P0034,R01,2025-07-20,13,12989.83,lost,,
Q-2025-000777,1,C038,P0066,R02,2025-07-02,5,9132.36,lost,,
Q-2025-000778,1,C034,P0063,R10,2025-07-28,17,7255.56,won,,
Q-2025-000779,1,C004,P0037,R04,2025-07-29,11,11805.38,won,,
Q-2025-000779,2,C004,P0031,R04,2025-07-29,7,11819.49,won,,
Q-2025-000779,3,C004,P0033,R04,2025-07-29,15,11839.19,won,,
Q-2025-000779,4,C004,P0023,R04,2025-07-29,24,10821.17,won,,
Q-2025-000780,1,C009,P0091,R09,2025-07-12,1,49090.89,won,,
Q-2025-000781,1,C008,P0001,R08,2025-07-23,7,36588.23,won,,
Q-2025-000781,2,C008,P0019,R08,2025-07-23,7,38570.75,won,,
Q-2025-000782,1,C011,P0073,R11,2025-07-29,3,7948.75,won,,
Q-2025-000782,2,C011,P0091,R11,2025-07-29,1,44826.13,won,,
Q-2025-000783,1,C001,P0042,R01,2025-07-21,568,402.44,won,,
Q-2025-000784,1,C040,P0041,R04,2025-07-14,108,382.59,lost,,
Q-2025-000784,2,C040,P0026,R04,2025-07-14,20,10621.59,won,,
Q-2025-000785,1,C011,P0084,R11,2025-07-23,2,49005.97,won,,
Q-2025-000785,2,C011,P0080,R11,2025-07-23,2,7608.0,won,,
Q-2025-000786,1,C015,P0062,R04,2025-07-22,20,7737.86,lost,,
Q-2025-000787,1,C026,P0120,R02,2025-07-17,28,2514.65,won,,
Q-2025-000787,2,C026,P0042,R02,2025-07-17,431,502.37,lost,,
Q-2025-000787,3,C026,P0050,R02,2025-07-17,260,529.71,lost,,
Q-2025-000788,1,C011,P0106,R11,2025-07-21,17,1909.68,won,,
Q-2025-000789,1,C030,P0073,R06,2025-07-11,5,7841.22,won,,
Q-2025-000790,1,C015,P0083,R09,2025-07-19,4,47867.56,lost,,
Q-2025-000790,3,C015,P0082,R09,2025-07-19,3,54075.17,won,,
Q-2025-000790,4,C015,P0080,R09,2025-07-19,11,8256.6,lost,,
Q-2025-000791,1,C027,P0072,R03,2025-07-11,8,9374.69,won,,
Q-2025-000792,1,C017,P0007,R05,2025-07-04,1,30200.0,lost,,
Q-2025-000792,2,C017,P0075,R05,2025-07-04,2,6797.0,lost,,
Q-2025-000793,1,C002,P0114,R02,2025-08-16,36,1827.86,lost,,
Q-2025-000793,2,C002,P0071,R02,2025-08-16,11,7484.98,won,,
Q-2025-000794,1,C004,P0099,R10,2025-08-25,4,50769.02,lost,,
Q-2025-000795,1,C030,P0073,R06,2025-08-05,13,7864.64,won,,
Q-2025-000795,2,C030,P0089,R06,2025-08-05,4,46173.22,won,,
Q-2025-000795,3,C030,P0090,R06,2025-08-05,1,41193.02,won,,
Q-2025-000795,4,C030,P0065,R06,2025-08-05,16,7331.2,won,,
Q-2025-000796,1,C030,P0096,R06,2025-08-22,3,38445.79,won,,
Q-2025-000797,1,C005,P0066,R05,2025-08-18,5,7308.04,won,,
Q-2025-000798,1,C040,P0031,R04,2025-08-26,20,8703.34,lost,,
Q-2025-000799,1,C017,P0002,R05,2025-08-10,1,31480.0,lost,,
Q-2025-000800,1,C008,P0106,R08,2025-08-13,20,2022.98,lost,,
Q-2025-000801,1,C015,P0092,R03,2025-08-31,4,47151.8,won,,
Q-2025-000801,2,C015,P0082,R03,2025-08-31,1,54183.45,won,,
Q-2025-000801,3,C015,P0098,R03,2025-08-31,4,48539.24,lost,,
Q-2025-000801,4,C015,P0077,R03,2025-08-31,13,6636.85,won,,
Q-2025-000802,1,C011,P0097,R11,2025-08-02,2,44730.86,won,,
Q-2025-000803,1,C001,P0003,R01,2025-08-29,2,28184.61,lost,,
Q-2025-000804,1,C040,P0039,R04,2025-08-16,6,12781.04,won,,
Q-2025-000805,1,C027,P0034,R02,2025-08-10,15,12943.28,lost,,
Q-2025-000805,2,C027,P0072,R02,2025-08-10,2,9396.63,lost,,
Q-2025-000805,3,C027,P0079,R02,2025-08-10,8,10208.27,won,,
Q-2025-000806,1,C005,P0073,R10,2025-08-02,19,7174.97,won,,
Q-2025-000806,2,C005,P0009,R10,2025-08-02,5,28652.8,lost,,
Q-2025-000806,3,C005,P0017,R10,2025-08-02,1,32776.16,lost,,
Q-2025-000806,4,C005,P0066,R10,2025-08-02,13,7320.72,won,,
Q-2025-000807,1,C003,P0060,R09,2025-08-15,486,382.57,won,,
Q-2025-000808,1,C040,P0045,R01,2025-08-25,759,412.69,won,,
Q-2025-000809,1,C025,P0116,R01,2025-08-22,11,1896.74,lost,,
Q-2025-000809,2,C025,P0076,R01,2025-08-22,5,6313.35,won,,
Q-2025-000809,3,C025,P0113,R01,2025-08-22,12,2194.46,lost,,
Q-2025-000809,4,C025,P0109,R01,2025-08-22,19,2190.39,won,,
Q-2025-000810,1,C003,P0024,R03,2025-08-24,3,9765.1,lost,,
Q-2025-000811,1,C017,P0002,R12,2025-08-19,4,33555.57,lost,DR-2025-0023,end_of_life_clearance
Q-2025-000811,2,C017,P0045,R12,2025-08-19,86,419.22,won,,
Q-2025-000812,1,C025,P0076,R01,2025-08-18,11,6300.14,won,,
Q-2025-000812,2,C025,P0113,R01,2025-08-18,29,2203.53,lost,,
Q-2025-000812,4,C025,P0116,R01,2025-08-18,15,1889.36,lost,,
Q-2025-000813,1,C032,P0088,R08,2025-08-11,1,53335.39,lost,,
Q-2025-000814,2,C011,P0073,R11,2025-08-31,2,7118.44,won,,
Q-2025-000815,1,C017,P0045,R08,2025-08-07,662,407.37,lost,,
Q-2025-000816,1,C031,P0069,R12,2025-08-04,19,7891.79,won,,
Q-2025-000817,1,C006,P0011,R06,2025-08-14,4,34568.12,lost,,
Q-2025-000817,2,C006,P0093,R06,2025-08-14,4,47420.6,won,,
Q-2025-000818,1,C011,P0080,R11,2025-08-15,17,8234.31,won,,
Q-2025-000819,1,C012,P0099,R12,2025-08-17,3,54305.43,won,,
Q-2025-000820,1,C011,P0073,R05,2025-08-18,16,7975.28,lost,,
Q-2025-000821,1,C007,P0001,R07,2025-08-12,5,31236.64,won,,
Q-2025-000822,1,C027,P0035,R03,2025-08-05,13,12086.65,won,,
Q-2025-000822,2,C027,P0036,R03,2025-08-05,7,14916.1,won,,
Q-2025-000822,3,C027,P0039,R03,2025-08-05,3,12660.38,won,,
Q-2025-000823,1,C004,P0037,R04,2025-08-16,8,11799.67,lost,,
Q-2025-000824,1,C011,P0097,R11,2025-08-17,4,49789.49,lost,,
Q-2025-000825,1,C006,P0086,R06,2025-08-18,1,47180.98,won,,
Q-2025-000825,2,C006,P0085,R06,2025-08-18,2,46092.93,lost,,
Q-2025-000826,1,C019,P0030,R07,2025-08-18,12,12239.84,lost,,
Q-2025-000827,1,C008,P0106,R08,2025-08-10,39,2022.83,lost,,
Q-2025-000827,2,C008,P0077,R08,2025-08-10,6,9227.76,won,,
Q-2025-000827,3,C008,P0001,R08,2025-08-10,2,30942.99,won,,
Q-2025-000829,1,C028,P0001,R04,2025-08-14,2,39227.11,lost,,
Q-2025-000830,1,C006,P0093,R06,2025-08-23,4,47415.08,won,,
Q-2025-000830,2,C006,P0014,R06,2025-08-23,2,41700.74,won,,
Q-2025-000831,1,C013,P0025,R01,2025-08-12,8,12551.0,lost,,
Q-2025-000831,2,C013,P0022,R01,2025-08-12,8,11665.31,won,,
Q-2025-000832,1,C016,P0091,R04,2025-08-31,1,61399.86,won,,
Q-2025-000833,1,C001,P0015,R01,2025-08-24,4,32463.61,won,,
Q-2025-000834,1,C002,P0067,R02,2025-08-17,10,7443.83,won,,
Q-2025-000834,2,C002,P0060,R02,2025-08-17,149,506.57,won,,
Q-2025-000835,1,C027,P0036,R03,2025-08-11,20,14926.15,lost,,
Q-2025-000835,2,C027,P0037,R03,2025-08-11,4,12256.06,lost,,
Q-2025-000836,1,C031,P0102,R07,2025-08-23,5,1948.83,lost,,
Q-2025-000837,1,C034,P0074,R10,2025-08-19,3,7692.85,won,,
Q-2025-000838,1,C032,P0041,R08,2025-08-19,719,496.15,won,,
Q-2025-000839,1,C004,P0029,R04,2025-08-27,9,11845.22,won,,
Q-2025-000839,2,C004,P0098,R04,2025-08-27,1,53142.96,lost,,
Q-2025-000840,1,C030,P0089,R06,2025-08-03,4,46235.18,won,,
Q-2025-000840,2,C030,P0065,R06,2025-08-03,18,7308.26,won,,
Q-2025-000840,3,C030,P0066,R06,2025-08-03,5,8131.37,won,,
Q-2025-000841,1,C013,P0023,R04,2025-08-08,6,10935.98,won,,
Q-2025-000841,2,C013,P0008,R04,2025-08-08,2,34494.29,won,,
Q-2025-000842,1,C025,P0063,R01,2025-08-07,13,7513.86,won,,
Q-2025-000842,2,C025,P0076,R01,2025-08-07,10,6307.84,won,,
Q-2025-000843,1,C011,P0091,R11,2025-08-10,4,51181.9,won,,
Q-2025-000843,2,C011,P0084,R11,2025-08-10,3,49124.0,lost,,
Q-2025-000843,3,C011,P0097,R11,2025-08-10,2,49855.62,won,,
Q-2025-000844,1,C037,P0091,R01,2025-08-05,1,50312.93,lost,,
Q-2025-000844,2,C037,P0013,R01,2025-08-05,3,32464.03,lost,,
Q-2025-000845,1,C024,P0060,R12,2025-08-29,332,398.53,won,,
Q-2025-000845,2,C024,P0024,R12,2025-08-29,5,10661.16,won,,
Q-2025-000845,3,C024,P0078,R12,2025-08-29,4,7469.02,won,,
Q-2025-000845,4,C024,P0054,R12,2025-08-29,220,432.45,lost,,
Q-2025-000846,1,C033,P0028,R09,2025-08-15,6,13215.46,won,,
Q-2025-000847,1,C014,P0090,R02,2025-08-27,2,36133.56,lost,,
Q-2025-000848,1,C013,P0013,R01,2025-08-18,4,32491.53,won,,
Q-2025-000848,2,C013,P0025,R01,2025-08-18,4,12509.71,lost,,
Q-2025-000848,3,C013,P0008,R01,2025-08-18,4,34721.18,won,,
Q-2025-000848,4,C013,P0022,R01,2025-08-18,5,11627.89,won,,
Q-2025-000849,1,C017,P0045,R05,2025-08-07,92,404.99,won,,
Q-2025-000849,2,C017,P0079,R05,2025-08-07,10,7459.84,won,,
Q-2025-000850,1,C039,P0050,R03,2025-08-31,513,573.46,lost,,
Q-2025-000851,1,C032,P0044,R08,2025-08-02,781,546.28,won,,
Q-2025-000851,2,C032,P0095,R08,2025-08-02,3,46058.82,won,,
Q-2025-000852,1,C027,P0066,R03,2025-08-30,17,8907.32,lost,,
Q-2025-000853,1,C011,P0084,R11,2025-08-09,4,49098.38,won,,
Q-2025-000853,2,C011,P0083,R11,2025-08-09,2,46945.72,won,,
Q-2025-000853,3,C011,P0073,R11,2025-08-09,20,7990.11,lost,,
Q-2025-000853,4,C011,P0080,R11,2025-08-09,7,7607.5,won,,
Q-2025-000854,1,C030,P0071,R06,2025-08-07,8,8755.56,won,,
Q-2025-000855,1,C040,P0053,R04,2025-08-13,612,354.9,won,,
Q-2025-000855,2,C040,P0045,R04,2025-08-13,245,389.67,won,,
Q-2025-000855,3,C040,P0031,R04,2025-08-13,23,8936.17,won,,
Q-2025-000856,1,C036,P0081,R12,2025-08-12,4,52827.76,won,,
Q-2025-000856,2,C036,P0094,R12,2025-08-12,2,44600.0,won,,
Q-2025-000857,1,C003,P0039,R03,2025-08-06,10,11354.41,lost,,
Q-2025-000857,2,C003,P0060,R03,2025-08-06,445,415.16,lost,,
Q-2025-000857,3,C003,P0033,R03,2025-08-06,21,10726.66,won,,
Q-2025-000857,4,C003,P0044,R03,2025-08-06,541,372.46,won,,
Q-2025-000858,1,C019,P0021,R07,2025-08-16,23,12143.7,lost,,
Q-2025-000859,1,C009,P0068,R09,2025-08-08,13,7276.39,won,,
Q-2025-000860,1,C021,P0003,R04,2025-08-23,4,27650.6,lost,,
Q-2025-000861,1,C008,P0005,R08,2025-08-18,6,35832.24,lost,,
Q-2025-000862,1,C032,P0098,R08,2025-08-23,2,56240.39,won,,
Q-2025-000863,1,C004,P0023,R04,2025-08-21,23,10814.34,lost,,
Q-2025-000864,1,C001,P0015,R01,2025-08-27,7,32445.49,won,,
Q-2025-000864,2,C001,P0003,R01,2025-08-27,1,28114.91,won,,
Q-2025-000864,3,C001,P0042,R01,2025-08-27,106,402.55,won,,
Q-2025-000865,1,C011,P0073,R11,2025-08-19,18,7050.0,won,,
Q-2025-000865,2,C011,P0091,R11,2025-08-19,1,51431.81,won,,
Q-2025-000866,1,C024,P0078,R12,2025-08-12,20,7503.36,won,,
Q-2025-000867,1,C026,P0112,R01,2025-09-27,14,2556.84,won,,
Q-2025-000867,2,C026,P0052,R01,2025-09-27,687,538.5,won,,
Q-2025-000867,3,C026,P0050,R01,2025-09-27,286,622.47,won,,
Q-2025-000868,1,C011,P0083,R11,2025-09-20,1,41039.3,won,,
Q-2025-000869,1,C001,P0005,R12,2025-09-17,6,34007.02,lost,,
Q-2025-000869,2,C001,P0018,R12,2025-09-17,3,32547.18,won,,
Q-2025-000869,3,C001,P0015,R12,2025-09-17,4,32369.63,lost,,
Q-2025-000870,1,C031,P0004,R07,2025-09-26,8,37265.21,lost,,
Q-2025-000870,2,C031,P0008,R07,2025-09-26,1,32341.0,won,,
Q-2025-000870,3,C031,P0102,R07,2025-09-26,26,1951.53,won,,
Q-2025-000870,4,C031,P0073,R07,2025-09-26,6,8000.0,won,,
Q-2025-000871,1,C001,P0042,R01,2025-09-04,776,400.91,won,,
Q-2025-000871,2,C001,P0005,R01,2025-09-04,1,33931.3,won,,
Q-2025-000871,3,C001,P0015,R01,2025-09-04,4,32520.32,won,,
Q-2025-000872,1,C027,P0066,R03,2025-09-05,7,8945.75,lost,,
Q-2025-000872,2,C027,P0034,R03,2025-09-05,22,14622.84,lost,,
Q-2025-000872,3,C027,P0036,R03,2025-09-05,7,14959.48,lost,,
Q-2025-000873,1,C027,P0034,R03,2025-09-15,17,14698.71,won,,
Q-2025-000873,2,C027,P0072,R03,2025-09-15,9,9395.54,won,,
Q-2025-000874,1,C026,P0059,R02,2025-09-02,736,420.24,lost,,
Q-2025-000875,1,C040,P0059,R04,2025-09-15,469,325.0,won,,
Q-2025-000876,1,C009,P0080,R09,2025-09-17,9,8373.79,lost,,
Q-2025-000876,2,C009,P0095,R09,2025-09-17,1,41133.08,won,,
Q-2025-000877,1,C017,P0042,R05,2025-09-01,509,468.87,won,,
Q-2025-000877,2,C017,P0079,R05,2025-09-01,20,6809.52,lost,,
Q-2025-000878,1,C001,P0018,R01,2025-09-03,6,32458.64,lost,,
Q-2025-000878,2,C001,P0042,R01,2025-09-03,523,400.24,won,,
Q-2025-000879,1,C026,P0112,R02,2025-09-15,23,2561.11,won,,
Q-2025-000880,1,C027,P0025,R03,2025-09-21,14,14218.21,won,,
Q-2025-000881,1,C024,P0054,R12,2025-09-03,770,405.0,won,,
Q-2025-000881,2,C024,P0073,R12,2025-09-03,20,7384.02,lost,,
Q-2025-000882,1,C013,P0022,R01,2025-09-01,9,11693.65,won,,
Q-2025-000882,2,C013,P0008,R01,2025-09-01,1,34667.37,won,,
Q-2025-000882,3,C013,P0023,R01,2025-09-01,8,10893.34,lost,,
Q-2025-000883,1,C007,P0047,R07,2025-09-28,430,415.38,lost,,
Q-2025-000884,1,C005,P0058,R12,2025-09-28,577,441.56,won,,
Q-2025-000884,2,C005,P0009,R12,2025-09-28,4,29179.88,won,,
Q-2025-000884,3,C005,P0020,R12,2025-09-28,5,34227.7,lost,,
Q-2025-000885,1,C027,P0035,R03,2025-09-20,20,12077.4,lost,,
Q-2025-000885,2,C027,P0039,R03,2025-09-20,6,12904.39,lost,,
Q-2025-000886,1,C026,P0112,R02,2025-09-07,33,2553.57,won,,
Q-2025-000887,1,C034,P0040,R10,2025-09-08,4,10826.9,won,,
Q-2025-000887,2,C034,P0074,R10,2025-09-08,2,7732.27,won,,
Q-2025-000888,1,C040,P0041,R04,2025-09-22,700,433.16,won,,
Q-2025-000889,1,C011,P0106,R11,2025-09-22,10,1897.4,won,,
Q-2025-000890,1,C028,P0016,R04,2025-09-18,5,42383.74,won,,
Q-2025-000891,1,C018,P0011,R06,2025-09-10,3,30617.79,lost,,
Q-2025-000891,2,C018,P0089,R06,2025-09-10,1,54460.3,won,,
Q-2025-000891,3,C018,P0111,R06,2025-09-10,32,2125.97,lost,,
Q-2025-000892,1,C030,P0089,R06,2025-09-11,4,45955.4,won,,
Q-2025-000892,2,C030,P0096,R06,2025-09-11,4,36466.95,lost,,
Q-2025-000893,1,C040,P0034,R04,2025-09-02,23,10012.11,won,,
Q-2025-000893,2,C040,P0057,R04,2025-09-02,748,435.87,won,,
Q-2025-000895,1,C008,P0003,R08,2025-09-04,2,32417.43,lost,,
Q-2025-000896,1,C004,P0022,R04,2025-09-01,9,10873.81,won,,
Q-2025-000896,2,C004,P0031,R04,2025-09-01,13,11807.71,won,,
Q-2025-000896,3,C004,P0033,R04,2025-09-01,14,11791.58,lost,,
Q-2025-000897,1,C028,P0058,R04,2025-09-12,106,606.26,won,,
Q-2025-000898,1,C003,P0027,R03,2025-09-10,15,13003.25,won,,
Q-2025-000899,1,C018,P0008,R06,2025-09-22,1,33935.35,lost,,
Q-2025-000899,2,C018,P0111,R06,2025-09-22,13,2122.12,lost,,
Q-2025-000900,1,C029,P0097,R05,2025-09-26,1,47322.12,won,,
Q-2025-000901,1,C017,P0048,R05,2025-09-05,775,414.29,won,,
Q-2025-000902,1,C037,P0056,R01,2025-09-29,712,449.99,lost,,
Q-2025-000903,1,C016,P0065,R04,2025-09-30,16,7915.62,won,,
Q-2025-000903,2,C016,P0086,R04,2025-09-30,3,53172.93,lost,,
Q-2025-000904,1,C017,P0007,R05,2025-09-13,1,31553.08,won,,
Q-2025-000904,2,C017,P0019,R05,2025-09-13,2,31479.37,won,,
Q-2025-000905,1,C031,P0114,R06,2025-09-14,18,1899.79,won,,
Q-2025-000907,1,C011,P0083,R11,2025-09-20,2,46813.68,lost,,
Q-2025-000908,1,C027,P0039,R03,2025-09-28,7,12826.0,lost,,
Q-2025-000908,2,C027,P0034,R03,2025-09-28,7,12886.52,lost,,
Q-2025-000908,3,C027,P0037,R03,2025-09-28,14,12153.93,won,,
Q-2025-000909,1,C033,P0042,R09,2025-09-26,722,411.46,lost,,
Q-2025-000909,2,C033,P0046,R09,2025-09-26,219,441.56,lost,,
Q-2025-000909,3,C033,P0051,R09,2025-09-26,690,451.42,lost,,
Q-2025-000910,1,C008,P0077,R08,2025-09-23,2,9224.07,lost,,
Q-2025-000911,1,C037,P0006,R01,2025-09-16,2,31010.25,lost,,
Q-2025-000911,2,C037,P0013,R01,2025-09-16,5,30050.79,lost,,
Q-2025-000911,3,C037,P0056,R01,2025-09-16,665,450.65,won,,
Q-2025-000912,1,C005,P0020,R05,2025-09-09,4,34039.91,won,,
Q-2025-000912,2,C005,P0058,R05,2025-09-09,192,439.77,won,,
Q-2025-000913,1,C034,P0063,R03,2025-09-19,19,7257.35,lost,,
Q-2025-000914,1,C018,P0005,R06,2025-09-22,2,34116.96,won,,
Q-2025-000915,1,C022,P0016,R10,2025-09-12,5,39885.53,won,,
Q-2025-000916,1,C033,P0028,R09,2025-09-08,13,13157.21,lost,,
Q-2025-000916,2,C033,P0022,R09,2025-09-08,2,10708.26,lost,,
Q-2025-000917,1,C004,P0098,R01,2025-09-04,2,61670.57,lost,,
Q-2025-000917,2,C004,P0100,R01,2025-09-04,2,51196.66,lost,,
Q-2025-000917,3,C004,P0023,R01,2025-09-04,24,10753.02,won,,
Q-2025-000918,1,C035,P0066,R11,2025-09-02,19,9271.5,won,,
Q-2025-000919,1,C022,P0016,R10,2025-09-08,3,39970.62,lost,,
Q-2025-000919,2,C022,P0112,R10,2025-09-08,21,2447.04,won,,
Q-2025-000920,1,C013,P0029,R01,2025-09-27,16,13361.61,won,,
Q-2025-000921,1,C033,P0040,R09,2025-09-01,17,10783.35,won,,
Q-2025-000921,2,C033,P0045,R09,2025-09-01,456,415.0,lost,,
Q-2025-000921,3,C033,P0041,R09,2025-09-01,261,425.61,lost,DR-2025-0024,qualification_pricing
Q-2025-000922,1,C015,P0080,R03,2025-09-28,16,8274.28,won,,
Q-2025-000923,1,C009,P0094,R09,2025-09-21,3,46543.22,won,,
Q-2025-000924,1,C007,P0010,R07,2025-09-17,6,34920.15,won,,
Q-2025-000924,2,C007,P0053,R07,2025-09-17,309,395.95,won,,
Q-2025-000925,1,C035,P0045,R11,2025-09-04,716,426.12,won,,
Q-2025-000926,1,C011,P0106,R11,2025-09-18,31,2016.4,lost,,
Q-2025-000927,1,C013,P0013,R01,2025-09-01,6,32276.54,lost,,
Q-2025-000927,2,C013,P0025,R01,2025-09-01,15,12572.89,won,,
Q-2025-000928,1,C007,P0001,R07,2025-09-08,3,32437.35,won,,
Q-2025-000928,2,C007,P0065,R07,2025-09-08,4,7629.99,lost,,
Q-2025-000928,3,C007,P0012,R07,2025-09-08,6,34906.98,lost,,
Q-2025-000929,1,C008,P0106,R08,2025-09-17,19,2030.16,lost,,
Q-2025-000929,2,C008,P0001,R08,2025-09-17,6,36584.68,lost,,
Q-2025-000930,1,C040,P0039,R04,2025-09-24,16,11812.36,won,,
Q-2025-000930,2,C040,P0057,R04,2025-09-24,418,434.79,lost,,
Q-2025-000930,3,C040,P0034,R04,2025-09-24,20,9458.52,lost,,
Q-2025-000931,1,C023,P0052,R11,2025-09-30,65,500.69,won,,
Q-2025-000931,2,C023,P0085,R11,2025-09-30,2,39710.65,lost,,
Q-2025-000931,3,C023,P0044,R11,2025-09-30,735,482.37,lost,,
Q-2025-000932,1,C035,P0047,R11,2025-09-03,195,462.18,won,,
Q-2025-000933,1,C040,P0057,R04,2025-09-12,574,435.33,won,,
Q-2025-000934,1,C006,P0086,R06,2025-09-13,1,47366.97,lost,,
Q-2025-000934,2,C006,P0084,R06,2025-09-13,4,47267.3,lost,,
Q-2025-000935,1,C033,P0022,R09,2025-09-24,3,10693.01,lost,,
Q-2025-000936,1,C039,P0060,R12,2025-09-17,238,596.62,lost,,
Q-2025-000936,2,C039,P0052,R12,2025-09-17,478,514.13,won,,
Q-2025-000937,1,C040,P0041,R04,2025-09-07,711,431.02,won,,
Q-2025-000937,2,C040,P0031,R04,2025-09-07,24,9139.06,won,,
Q-2025-000937,3,C040,P0053,R04,2025-09-07,172,330.43,won,,
Q-2025-000938,1,C008,P0077,R08,2025-09-06,5,9222.16,lost,,
Q-2025-000938,2,C008,P0115,R08,2025-09-06,29,2265.23,won,,
Q-2025-000938,3,C008,P0116,R08,2025-09-06,21,2176.14,lost,,
Q-2025-000939,1,C022,P0017,R10,2025-10-25,7,42034.63,won,,
Q-2025-000939,2,C022,P0101,R10,2025-10-25,11,2474.83,won,,
Q-2025-000940,1,C014,P0087,R02,2025-10-15,1,38709.84,won,,
Q-2025-000940,2,C014,P0033,R02,2025-10-15,17,10425.34,won,,
Q-2025-000941,1,C011,P0084,R11,2025-10-27,4,48982.05,won,,
Q-2025-000941,2,C011,P0080,R11,2025-10-27,15,8226.04,won,,
Q-2025-000942,1,C017,P0042,R05,2025-10-22,575,470.36,won,,
Q-2025-000942,2,C017,P0075,R05,2025-10-22,4,7757.16,lost,,
Q-2025-000943,1,C006,P0005,R06,2025-10-09,3,36908.71,won,,
Q-2025-000944,1,C034,P0063,R10,2025-10-14,13,7223.2,won,,
Q-2025-000945,1,C017,P0019,R03,2025-10-10,5,31554.46,lost,,
Q-2025-000945,2,C017,P0064,R03,2025-10-10,6,8275.12,won,,
Q-2025-000946,1,C029,P0003,R01,2025-10-24,1,33321.24,won,,
Q-2025-000946,2,C029,P0088,R01,2025-10-24,3,61753.36,won,,
Q-2025-000946,3,C029,P0096,R01,2025-10-24,1,36081.11,lost,,
Q-2025-000947,1,C002,P0073,R02,2025-10-22,8,7656.1,won,,
Q-2025-000947,2,C002,P0065,R02,2025-10-22,11,7051.33,won,,
Q-2025-000947,3,C002,P0067,R02,2025-10-22,12,7486.29,won,,
Q-2025-000947,4,C002,P0066,R02,2025-10-22,4,7082.47,lost,,
Q-2025-000948,1,C006,P0091,R06,2025-10-31,1,58624.08,won,,
Q-2025-000948,2,C006,P0017,R06,2025-10-31,6,36332.4,won,,
Q-2025-000949,1,C025,P0113,R01,2025-10-22,13,2203.06,won,,
Q-2025-000950,1,C038,P0105,R02,2025-10-06,6,2205.93,lost,,
Q-2025-000950,2,C038,P0066,R02,2025-10-06,18,9183.19,lost,,
Q-2025-000951,1,C029,P0019,R05,2025-10-27,7,33432.23,won,,
Q-2025-000952,1,C036,P0097,R12,2025-10-08,4,51174.22,won,,
Q-2025-000953,1,C028,P0044,R04,2025-10-09,577,549.27,won,,
Q-2025-000953,2,C028,P0060,R04,2025-10-09,623,553.24,won,,
Q-2025-000953,3,C028,P0001,R04,2025-10-09,8,39197.71,lost,,
Q-2025-000954,1,C037,P0091,R01,2025-10-24,3,50394.3,lost,,
Q-2025-000955,1,C011,P0105,R11,2025-10-24,28,2074.52,won,,
Q-2025-000955,2,C011,P0091,R11,2025-10-24,2,44943.8,lost,,
Q-2025-000956,1,C027,P0071,R03,2025-10-21,16,9178.5,won,,
Q-2025-000957,1,C006,P0089,R06,2025-10-01,2,49232.74,lost,,
Q-2025-000957,2,C006,P0020,R06,2025-10-01,4,38679.41,won,,
Q-2025-000958,1,C002,P0105,R02,2025-10-09,4,2140.68,lost,,
Q-2025-000959,1,C023,P0055,R11,2025-10-05,127,436.17,lost,,
Q-2025-000960,1,C013,P0013,R01,2025-10-22,5,32286.12,lost,,
Q-2025-000960,2,C013,P0022,R01,2025-10-22,8,11647.21,lost,,
Q-2025-000960,3,C013,P0025,R01,2025-10-22,19,12564.87,lost,,
Q-2025-000961,1,C011,P0105,R11,2025-10-07,23,2063.49,lost,,
Q-2025-000962,1,C020,P0053,R08,2025-10-29,122,437.88,won,,
Q-2025-000962,2,C020,P0045,R08,2025-10-29,472,467.23,lost,,
Q-2025-000963,1,C025,P0108,R01,2025-10-28,39,1980.24,won,,
Q-2025-000964,1,C027,P0072,R03,2025-10-07,14,9393.4,won,,
Q-2025-000965,1,C029,P0003,R02,2025-10-20,6,33476.2,lost,,
Q-2025-000966,1,C006,P0084,R06,2025-10-08,2,47135.75,lost,,
Q-2025-000967,1,C015,P0098,R03,2025-10-05,4,48392.66,won,,
Q-2025-000967,2,C015,P0077,R03,2025-10-05,13,6615.75,won,,
Q-2025-000967,3,C015,P0092,R03,2025-10-05,1,46877.67,lost,,
Q-2025-000968,2,C010,P0087,R12,2025-10-06,3,41868.52,won,,
Q-2025-000968,3,C010,P0055,R12,2025-10-06,64,361.81,lost,,
Q-2025-000969,1,C017,P0049,R05,2025-10-22,494,375.0,lost,,
Q-2025-000970,1,C033,P0041,R09,2025-10-29,131,410.0,won,,
Q-2025-000971,1,C033,P0041,R09,2025-10-17,197,410.0,won,,
Q-2025-000972,1,C017,P0005,R05,2025-10-23,6,30392.8,won,DR-2025-0025,end_of_life_clearance
Q-2025-000972,2,C017,P0056,R05,2025-10-23,445,452.6,lost,,
Q-2025-000973,1,C025,P0076,R01,2025-10-07,5,6281.8,won,,
Q-2025-000974,1,C027,P0077,R03,2025-10-09,8,8705.56,lost,DR-2025-0026,qualification_pricing
Q-2025-000974,2,C027,P0037,R03,2025-10-09,8,12206.64,lost,,
Q-2025-000974,3,C027,P0036,R03,2025-10-09,4,14889.16,lost,,
Q-2025-000975,1,C002,P0107,R01,2025-10-26,40,2643.16,won,,
Q-2025-000975,2,C002,P0105,R01,2025-10-26,27,2134.16,won,,
Q-2025-000976,1,C021,P0114,R09,2025-10-20,6,2199.83,won,,
Q-2025-000976,2,C021,P0017,R09,2025-10-20,3,35582.34,won,,
Q-2025-000977,1,C017,P0053,R05,2025-10-24,95,383.86,lost,,
Q-2025-000978,1,C011,P0091,R11,2025-10-13,4,51370.81,won,,
Q-2025-000979,1,C017,P0042,R05,2025-10-26,343,399.47,won,,
Q-2025-000980,1,C032,P0051,R08,2025-10-24,794,481.83,lost,,
Q-2025-000980,2,C032,P0088,R08,2025-10-24,2,49461.38,won,DR-2025-0027,volume_ramp_concession
Q-2025-000981,1,C009,P0093,R09,2025-10-02,1,47411.19,won,,
Q-2025-000981,2,C009,P0065,R09,2025-10-02,6,6571.56,won,,
Q-2025-000981,3,C009,P0091,R09,2025-10-02,3,44140.68,won,,
Q-2025-000982,1,C029,P0003,R05,2025-10-26,1,33476.91,won,,
Q-2025-000982,2,C029,P0096,R05,2025-10-26,2,36190.29,won,,
Q-2025-000983,1,C019,P0030,R07,2025-10-16,17,10950.0,lost,,
Q-2025-000984,1,C001,P0003,R01,2025-10-19,2,28257.8,won,,
Q-2025-000985,1,C004,P0099,R04,2025-10-31,2,47706.91,won,,
Q-2025-000985,2,C004,P0098,R04,2025-10-31,2,61744.81,won,,
Q-2025-000986,1,C004,P0023,R04,2025-10-02,17,10787.96,won,,
Q-2025-000987,1,C021,P0105,R01,2025-10-05,37,1836.86,won,,
Q-2025-000988,1,C013,P0013,R01,2025-10-01,5,32313.51,lost,,
Q-2025-000988,2,C013,P0022,R01,2025-10-01,15,10280.69,won,,
Q-2025-000989,1,C004,P0100,R02,2025-10-05,1,51253.87,won,,
Q-2025-000990,1,C013,P0008,R01,2025-10-29,1,37585.67,won,DR-2025-0028,competitive_displacement
Q-2025-000991,1,C006,P0016,R06,2025-10-22,5,44212.06,won,,
Q-2025-000991,2,C006,P0017,R06,2025-10-22,3,36379.83,won,,
Q-2025-000991,3,C006,P0014,R06,2025-10-22,7,41641.19,won,,
Q-2025-000992,1,C015,P0080,R03,2025-10-04,6,8248.51,won,,
Q-2025-000993,1,C020,P0051,R08,2025-10-03,641,436.28,won,,
Q-2025-000994,1,C006,P0086,R06,2025-10-23,1,47470.29,lost,,
Q-2025-000994,2,C006,P0100,R06,2025-10-23,2,47144.7,lost,,
Q-2025-000995,1,C032,P0046,R06,2025-10-16,195,448.32,won,,
Q-2025-000995,2,C032,P0088,R06,2025-10-16,3,53314.14,won,,
Q-2025-000996,1,C039,P0001,R03,2025-10-30,4,34199.26,lost,,
Q-2025-000996,2,C039,P0060,R03,2025-10-30,798,597.06,won,,
Q-2025-000996,3,C039,P0015,R03,2025-10-30,5,33010.48,won,,
Q-2025-000997,1,C007,P0043,R07,2025-10-04,631,427.63,won,,
Q-2025-000997,2,C007,P0065,R07,2025-10-04,20,7518.82,won,,
Q-2025-000997,3,C007,P0009,R07,2025-10-04,8,34264.22,lost,,
Q-2025-000998,1,C002,P0065,R11,2025-10-02,19,7069.1,won,,
Q-2025-000998,2,C002,P0107,R11,2025-10-02,34,2245.09,won,,
Q-2025-000999,1,C013,P0008,R01,2025-10-03,4,34679.83,won,,
Q-2025-001000,1,C010,P0087,R10,2025-10-09,3,41802.59,lost,,
Q-2025-001000,2,C010,P0055,R10,2025-10-09,620,363.42,won,,
Q-2025-001000,3,C010,P0081,R10,2025-10-09,4,42327.48,won,,
Q-2025-001000,4,C010,P0089,R10,2025-10-09,2,44580.74,won,,
Q-2025-001001,1,C018,P0111,R06,2025-10-20,24,2116.87,lost,,
Q-2025-001001,2,C018,P0008,R06,2025-10-20,8,33764.57,lost,,
Q-2025-001002,1,C017,P0064,R05,2025-10-01,8,8523.98,won,DR-2025-0029,end_of_life_clearance
Q-2025-001003,1,C040,P0059,R04,2025-10-05,721,387.02,won,,
Q-2025-001003,2,C040,P0041,R04,2025-10-05,569,395.0,won,,
Q-2025-001003,3,C040,P0058,R04,2025-10-05,404,454.17,won,,
Q-2025-001004,1,C011,P0073,R11,2025-10-17,4,7946.59,won,,
Q-2025-001005,1,C010,P0056,R11,2025-10-23,487,544.48,lost,,
Q-2025-001006,1,C020,P0079,R08,2025-10-13,10,8004.59,won,,
Q-2025-001006,2,C020,P0061,R08,2025-10-13,3,7997.93,lost,,
Q-2025-001006,3,C020,P0053,R08,2025-10-13,199,437.6,lost,,
Q-2025-001006,4,C020,P0049,R08,2025-10-13,168,420.12,lost,,
Q-2025-001007,1,C027,P0035,R03,2025-10-07,24,12081.88,lost,,
Q-2025-001007,2,C027,P0077,R03,2025-10-07,8,8230.89,won,,
Q-2025-001008,1,C008,P0001,R08,2025-10-22,7,36727.39,won,,
Q-2025-001009,1,C015,P0082,R03,2025-10-15,3,54094.66,won,,
Q-2025-001009,2,C015,P0062,R03,2025-10-15,20,7740.36,won,,
Q-2025-001009,3,C015,P0097,R03,2025-10-15,3,49980.76,won,,
Q-2025-001010,1,C031,P0102,R07,2025-10-14,20,1961.63,lost,,
Q-2025-001010,2,C031,P0015,R07,2025-10-14,7,32584.92,won,,
Q-2025-001010,3,C031,P0008,R07,2025-10-14,8,32354.92,won,,
Q-2025-001010,4,C031,P0073,R07,2025-10-14,19,7950.0,won,,
Q-2025-001011,1,C005,P0044,R05,2025-10-14,188,369.24,won,,
Q-2025-001011,2,C005,P0073,R05,2025-10-14,10,7180.47,won,,
Q-2025-001011,3,C005,P0020,R05,2025-10-14,8,29797.75,won,,
Q-2025-001012,1,C027,P0025,R03,2025-10-21,13,14302.17,lost,,
Q-2025-001013,1,C030,P0096,R06,2025-10-31,3,37416.29,won,,
Q-2025-001014,1,C014,P0033,R02,2025-10-06,15,10999.29,lost,DR-2025-0030,qualification_pricing
Q-2025-001015,1,C034,P0074,R10,2025-10-12,16,7737.19,won,,
Q-2025-001015,2,C034,P0082,R10,2025-10-12,1,51314.21,lost,,
Q-2025-001015,3,C034,P0040,R10,2025-10-12,7,9948.95,lost,,
Q-2025-001016,1,C009,P0099,R09,2025-10-25,4,47819.45,won,,
Q-2025-001017,1,C024,P0060,R12,2025-10-17,72,496.91,lost,,
Q-2025-001018,1,C004,P0033,R04,2025-10-22,16,12369.73,lost,,
Q-2025-001018,2,C004,P0023,R04,2025-10-22,12,10812.09,won,,
Q-2025-001019,1,C012,P0053,R12,2025-10-30,259,503.45,won,,
Q-2025-001020,1,C003,P0026,R03,2025-10-01,7,11127.11,lost,,
Q-2025-001020,2,C003,P0025,R03,2025-10-01,12,9807.53,lost,,
Q-2025-001021,1,C004,P0033,R07,2025-10-14,10,12334.75,won,,
Q-2025-001021,2,C004,P0100,R07,2025-10-14,1,51174.79,won,,
Q-2025-001022,1,C030,P0066,R06,2025-10-12,3,8137.5,won,,
Q-2025-001023,1,C015,P0083,R03,2025-10-24,3,47884.62,won,,
Q-2025-001023,2,C015,P0088,R03,2025-10-24,4,43427.34,won,,
Q-2025-001024,1,C003,P0022,R03,2025-10-26,13,10009.83,lost,,
Q-2025-001025,1,C036,P0019,R12,2025-10-22,7,37620.06,won,,
Q-2025-001025,2,C036,P0097,R12,2025-10-22,4,51207.7,lost,,
Q-2025-001026,1,C012,P0053,R12,2025-11-10,670,502.85,lost,,
Q-2025-001027,1,C021,P0017,R09,2025-11-17,3,35582.2,won,,
Q-2025-001028,1,C032,P0081,R08,2025-11-15,4,58562.4,lost,,
Q-2025-001028,2,C032,P0095,R08,2025-11-15,2,46163.64,won,,
Q-2025-001028,3,C032,P0097,R08,2025-11-15,4,61220.39,lost,,
Q-2025-001029,1,C004,P0037,R04,2025-11-23,16,11838.25,won,,
Q-2025-001030,1,C033,P0027,R07,2025-11-14,12,14369.2,won,,
Q-2025-001030,2,C033,P0032,R07,2025-11-14,15,10338.79,won,,
Q-2025-001030,3,C033,P0040,R07,2025-11-14,16,11134.82,won,,
Q-2025-001030,4,C033,P0048,R07,2025-11-14,327,466.1,lost,,
Q-2025-001031,1,C017,P0019,R05,2025-11-25,3,31533.62,lost,,
Q-2025-001032,1,C009,P0093,R09,2025-11-19,3,47103.17,won,,
Q-2025-001033,1,C032,P0100,R08,2025-11-11,4,54630.16,lost,,
Q-2025-001033,2,C032,P0009,R08,2025-11-11,3,34311.33,lost,,
Q-2025-001033,3,C032,P0042,R08,2025-11-11,87,479.95,won,,
Q-2025-001034,1,C032,P0011,R08,2025-11-03,1,36334.69,won,,
Q-2025-001034,2,C032,P0055,R08,2025-11-03,196,420.74,won,DR-2025-0031,volume_ramp_concession
Q-2025-001034,3,C032,P0042,R08,2025-11-03,782,482.95,lost,,
Q-2025-001034,4,C032,P0095,R08,2025-11-03,2,45943.75,won,,
Q-2025-001035,1,C006,P0084,R06,2025-11-21,4,47145.98,lost,,
Q-2025-001035,2,C006,P0017,R06,2025-11-21,2,36419.18,lost,,
Q-2025-001035,3,C006,P0020,R06,2025-11-21,5,38500.43,lost,,
Q-2025-001036,1,C017,P0001,R05,2025-11-10,5,30200.0,won,,
Q-2025-001036,2,C017,P0079,R05,2025-11-10,13,7466.5,won,,
Q-2025-001037,1,C011,P0083,R11,2025-11-14,1,46719.91,lost,,
Q-2025-001037,2,C011,P0106,R11,2025-11-14,30,2027.73,won,,
Q-2025-001037,3,C011,P0073,R11,2025-11-14,6,7977.15,lost,,
Q-2025-001038,1,C019,P0103,R07,2025-11-29,12,2262.05,lost,,
Q-2025-001038,2,C019,P0021,R07,2025-11-29,6,12131.94,lost,,
Q-2025-001039,1,C027,P0071,R03,2025-11-06,20,8849.28,won,,
Q-2025-001040,1,C033,P0027,R09,2025-11-17,20,13207.27,won,,
Q-2025-001040,2,C033,P0045,R09,2025-11-17,527,409.03,won,,
Q-2025-001041,1,C009,P0099,R09,2025-11-05,1,45000.0,won,,
Q-2025-001042,1,C029,P0097,R05,2025-11-03,1,47296.77,won,,
Q-2025-001043,1,C027,P0036,R03,2025-11-25,11,14961.89,won,,
Q-2025-001044,1,C032,P0098,R08,2025-11-19,4,56367.02,lost,,
Q-2025-001045,1,C010,P0027,R10,2025-11-07,8,13684.11,lost,,
Q-2025-001045,2,C010,P0056,R10,2025-11-07,691,547.35,lost,,
Q-2025-001046,1,C002,P0107,R02,2025-11-22,40,2450.21,won,DR-2025-0032,competitive_displacement
Q-2025-001046,2,C002,P0071,R02,2025-11-22,17,7477.9,won,,
Q-2025-001046,3,C002,P0073,R02,2025-11-22,10,7663.14,won,,
Q-2025-001047,1,C021,P0020,R05,2025-11-15,3,30837.13,lost,,
Q-2025-001048,1,C019,P0030,R01,2025-11-06,5,12221.55,won,,
Q-2025-001049,1,C037,P0013,R01,2025-11-08,8,34379.21,lost,,
Q-2025-001049,2,C037,P0091,R01,2025-11-08,4,50168.8,lost,,
Q-2025-001050,1,C034,P0067,R10,2025-11-13,14,7435.63,won,,
Q-2025-001050,2,C034,P0027,R10,2025-11-13,18,10601.09,lost,,
Q-2025-001050,3,C034,P0082,R10,2025-11-13,1,51141.59,lost,,
Q-2025-001051,1,C004,P0100,R04,2025-11-18,3,51393.03,won,,
Q-2025-001051,2,C004,P0098,R04,2025-11-18,3,61783.57,won,,
Q-2025-001052,1,C022,P0017,R10,2025-11-11,3,41997.9,lost,,
Q-2025-001052,2,C022,P0118,R10,2025-11-11,6,2827.32,lost,,
Q-2025-001052,3,C022,P0011,R10,2025-11-11,7,37525.72,won,,
Q-2025-001053,1,C019,P0040,R07,2025-11-11,18,11473.82,won,,
Q-2025-001054,1,C040,P0027,R01,2025-11-13,9,10845.92,lost,,
Q-2025-001054,2,C040,P0041,R01,2025-11-13,266,432.69,lost,,
Q-2025-001055,1,C021,P0114,R09,2025-11-21,35,1850.0,lost,,
Q-2025-001056,1,C014,P0094,R09,2025-11-10,1,41237.94,lost,,
Q-2025-001057,1,C040,P0057,R04,2025-11-02,110,434.49,won,,
Q-2025-001057,2,C040,P0026,R04,2025-11-02,23,10585.62,won,,
Q-2025-001057,3,C040,P0039,R04,2025-11-02,5,12810.13,lost,,
Q-2025-001058,1,C011,P0097,R11,2025-11-09,3,44790.82,won,,
Q-2025-001058,2,C011,P0091,R11,2025-11-09,4,51328.18,won,,
Q-2025-001058,3,C011,P0080,R11,2025-11-09,5,8210.36,won,,
Q-2025-001059,1,C005,P0044,R05,2025-11-14,569,370.61,won,,
Q-2025-001059,2,C005,P0049,R05,2025-11-14,297,440.69,lost,,
Q-2025-001059,3,C005,P0010,R05,2025-11-14,3,29185.08,lost,,
Q-2025-001059,4,C005,P0058,R05,2025-11-14,671,468.17,won,,
Q-2025-001060,1,C029,P0097,R05,2025-11-13,4,47487.66,won,,
Q-2025-001060,2,C029,P0003,R05,2025-11-13,5,33309.66,lost,,
Q-2025-001061,1,C032,P0041,R08,2025-11-04,212,495.14,won,,
Q-2025-001061,2,C032,P0095,R08,2025-11-04,2,45890.43,won,,
Q-2025-001061,3,C032,P0042,R08,2025-11-04,223,480.33,won,,
Q-2025-001062,1,C036,P0097,R12,2025-11-17,2,51389.81,lost,,
Q-2025-001063,1,C002,P0066,R02,2025-11-25,8,7042.55,won,,
Q-2025-001064,1,C027,P0036,R03,2025-11-27,17,14920.56,lost,,
Q-2025-001065,1,C018,P0111,R06,2025-11-04,5,2127.36,won,,
Q-2025-001066,1,C009,P0091,R09,2025-11-29,2,49088.51,won,,
Q-2025-001067,1,C035,P0066,R11,2025-11-10,2,9267.29,lost,,
Q-2025-001067,2,C035,P0061,R11,2025-11-10,19,8379.16,won,,
Q-2025-001068,1,C027,P0072,R03,2025-11-02,2,9379.14,won,,
Q-2025-001068,2,C027,P0034,R03,2025-11-02,17,14631.8,lost,,
Q-2025-001069,1,C040,P0057,R04,2025-11-19,146,436.52,won,,
Q-2025-001070,1,C040,P0053,R04,2025-11-22,639,331.92,won,,
Q-2025-001071,1,C032,P0042,R08,2025-11-03,552,482.24,won,,
Q-2025-001072,1,C017,P0056,R01,2025-11-13,342,453.63,won,,
Q-2025-001073,1,C003,P0044,R02,2025-11-04,782,373.49,won,,
Q-2025-001073,2,C003,P0033,R02,2025-11-04,8,10745.14,won,,
Q-2025-001073,3,C003,P0039,R02,2025-11-04,24,11369.46,won,,
Q-2025-001074,1,C017,P0019,R05,2025-11-20,3,30565.77,won,,
Q-2025-001074,2,C017,P0075,R05,2025-11-20,5,6824.71,won,,
Q-2025-001074,3,C017,P0064,R05,2025-11-20,2,7625.75,won,,
Q-2025-001074,4,C017,P0007,R05,2025-11-20,7,31502.07,won,,
Q-2025-001075,1,C007,P0065,R08,2025-11-05,7,7157.61,lost,,
Q-2025-001076,1,C040,P0031,R04,2025-11-13,5,8904.25,won,,
Q-2025-001076,2,C040,P0029,R04,2025-11-13,19,11506.58,won,,
Q-2025-001077,1,C007,P0047,R07,2025-11-21,70,411.36,lost,,
Q-2025-001078,1,C004,P0099,R04,2025-11-12,4,50831.1,lost,,
Q-2025-001079,1,C006,P0017,R06,2025-11-28,8,36469.42,lost,,
Q-2025-001080,1,C032,P0100,R01,2025-11-08,3,54589.38,lost,,
Q-2025-001080,2,C032,P0011,R01,2025-11-08,1,36372.34,won,,
Q-2025-001080,3,C032,P0046,R01,2025-11-08,191,448.21,won,,
Q-2025-001081,1,C018,P0111,R06,2025-11-01,37,2119.5,won,,
Q-2025-001082,1,C025,P0113,R01,2025-11-10,30,2199.11,lost,,
Q-2025-001082,2,C025,P0063,R01,2025-11-10,7,7555.39,lost,,
Q-2025-001083,1,C002,P0114,R02,2025-11-10,30,2191.22,won,,
Q-2025-001083,2,C002,P0060,R02,2025-11-10,407,396.52,won,,
Q-2025-001084,1,C008,P0019,R08,2025-11-10,7,38584.13,lost,,
Q-2025-001085,1,C030,P0090,R06,2025-11-19,2,41127.25,won,,
Q-2025-001085,2,C030,P0065,R06,2025-11-19,3,7349.93,won,,
Q-2025-001085,3,C030,P0071,R06,2025-11-19,9,8737.12,won,,
Q-2025-001085,4,C030,P0066,R06,2025-11-19,17,8154.98,lost,,
Q-2025-001086,1,C003,P0060,R03,2025-11-20,591,415.17,won,,
Q-2025-001086,2,C003,P0050,R03,2025-11-20,236,394.09,won,,
Q-2025-001087,1,C032,P0002,R12,2025-11-03,7,40093.87,lost,,
Q-2025-001088,1,C028,P0078,R04,2025-11-08,4,9202.37,lost,,
Q-2025-001088,2,C028,P0001,R04,2025-11-08,3,39276.93,lost,,
Q-2025-001088,3,C028,P0042,R04,2025-11-08,264,490.1,won,,
Q-2025-001088,4,C028,P0072,R04,2025-11-08,19,9030.72,won,,
Q-2025-001089,1,C019,P0103,R07,2025-11-08,18,2253.48,lost,,
Q-2025-001090,1,C020,P0066,R08,2025-11-29,11,8003.44,won,,
Q-2025-001091,1,C021,P0107,R09,2025-11-23,25,2188.58,won,,
Q-2025-001091,2,C021,P0002,R09,2025-11-23,4,34238.81,won,,
Q-2025-001092,1,C004,P0033,R04,2025-11-18,21,12337.99,won,,
Q-2025-001092,2,C004,P0100,R04,2025-11-18,1,44848.95,lost,,
Q-2025-001093,1,C040,P0059,R04,2025-11-12,93,386.53,won,,
Q-2025-001094,1,C011,P0084,R11,2025-11-22,3,49120.26,lost,,
Q-2025-001094,2,C011,P0091,R11,2025-11-22,2,51435.09,lost,,
Q-2025-001095,1,C013,P0008,R01,2025-11-24,3,34728.95,won,,
Q-2025-001096,1,C018,P0089,R06,2025-11-07,2,54469.46,won,,
Q-2025-001096,2,C018,P0005,R06,2025-11-07,6,34089.32,lost,,
Q-2025-001096,3,C018,P0008,R06,2025-11-07,5,33919.43,lost,,
Q-2025-001096,4,C018,P0111,R06,2025-11-07,15,2124.07,won,,
Q-2025-001097,1,C011,P0091,R11,2025-11-22,3,51324.65,lost,,
Q-2025-001098,1,C040,P0026,R04,2025-11-12,13,9800.0,lost,,
Q-2025-001099,1,C015,P0084,R03,2025-11-09,4,55914.72,lost,,
Q-2025-001100,1,C007,P0002,R07,2025-11-22,1,36333.26,won,,
Q-2025-001101,1,C016,P0073,R04,2025-11-08,14,8501.17,won,,
Q-2025-001101,2,C016,P0091,R04,2025-11-08,4,61203.11,won,,
Q-2025-001101,3,C016,P0048,R04,2025-11-08,425,459.39,won,,
Q-2025-001102,1,C033,P0048,R09,2025-11-20,438,408.22,won,,
Q-2025-001102,2,C033,P0042,R09,2025-11-20,693,410.71,won,,
Q-2025-001103,1,C009,P0068,R09,2025-11-14,5,7763.05,lost,,
Q-2025-001103,2,C009,P0091,R09,2025-11-14,4,48842.97,won,,
Q-2025-001103,3,C009,P0080,R09,2025-11-14,19,7459.46,lost,,
Q-2025-001104,1,C017,P0048,R11,2025-11-27,551,390.79,lost,DR-2025-0033,end_of_life_clearance
Q-2025-001105,1,C039,P0046,R03,2025-11-14,786,477.08,lost,,
Q-2025-001105,2,C039,P0060,R03,2025-11-14,62,595.94,lost,,
Q-2025-001105,3,C039,P0015,R03,2025-11-14,7,32952.04,won,,
Q-2025-001106,1,C003,P0026,R03,2025-11-23,17,11122.64,won,,
Q-2025-001106,2,C003,P0044,R03,2025-11-23,382,373.5,won,,
Q-2025-001106,3,C003,P0033,R03,2025-11-23,11,10781.81,lost,,
Q-2025-001106,4,C003,P0024,R03,2025-11-23,14,9775.36,won,,
Q-2025-001107,1,C040,P0041,R04,2025-12-02,461,432.42,won,,
Q-2025-001107,2,C040,P0039,R04,2025-12-02,8,12824.25,won,,
Q-2025-001108,1,C013,P0029,R01,2025-12-29,23,13361.69,won,,
Q-2025-001108,2,C013,P0023,R01,2025-12-29,7,10906.5,won,,
Q-2025-001108,3,C013,P0013,R01,2025-12-29,4,30011.6,lost,DR-2025-0034,qualification_pricing
Q-2025-001109,1,C040,P0058,R04,2025-12-30,541,451.28,open,,
Q-2025-001110,1,C039,P0015,R03,2025-12-21,1,32919.84,lost,,
Q-2025-001111,1,C019,P0040,R07,2025-12-01,4,11447.96,won,,
Q-2025-001111,2,C019,P0030,R07,2025-12-01,22,12256.49,lost,,
Q-2025-001112,1,C011,P0084,R11,2025-12-30,3,48967.81,lost,,
Q-2025-001112,2,C011,P0070,R11,2025-12-30,11,7647.57,lost,,
Q-2025-001113,1,C011,P0091,R11,2025-12-25,3,51348.53,won,,
Q-2025-001113,2,C011,P0105,R11,2025-12-25,4,2073.09,won,,
Q-2025-001113,3,C011,P0106,R11,2025-12-25,34,1900.0,won,,
Q-2025-001113,4,C011,P0097,R11,2025-12-25,2,49640.68,lost,,
Q-2025-001114,1,C032,P0002,R08,2025-12-01,4,40340.86,won,,
Q-2025-001114,2,C032,P0097,R08,2025-12-01,2,60833.5,won,,
Q-2025-001114,3,C032,P0098,R08,2025-12-01,4,56212.93,won,,
Q-2025-001114,4,C032,P0088,R08,2025-12-01,3,53416.53,won,,
Q-2025-001115,1,C028,P0043,R04,2025-12-18,548,453.36,lost,,
Q-2025-001116,1,C034,P0081,R10,2025-12-13,2,39876.84,won,,
Q-2025-001116,2,C034,P0082,R10,2025-12-13,3,47111.71,won,DR-2025-0035,qualification_pricing
Q-2025-001116,3,C034,P0097,R10,2025-12-13,3,44125.12,lost,,
Q-2025-001117,1,C032,P0098,R08,2025-12-02,4,56110.61,won,,
Q-2025-001117,2,C032,P0051,R08,2025-12-02,634,482.47,lost,,
Q-2025-001118,1,C039,P0015,R03,2025-12-17,1,32893.09,won,,
Q-2025-001118,2,C039,P0052,R03,2025-12-17,308,517.07,won,,
Q-2025-001118,3,C039,P0050,R03,2025-12-17,596,590.61,won,,
Q-2025-001118,4,C039,P0001,R03,2025-12-17,8,34126.67,won,,
Q-2025-001119,1,C007,P0009,R07,2025-12-04,3,36150.63,won,,
Q-2025-001119,2,C007,P0010,R07,2025-12-04,2,33069.48,won,,
Q-2025-001120,1,C033,P0041,R09,2025-12-25,353,411.05,won,,
Q-2025-001121,1,C001,P0005,R01,2025-12-02,3,34053.5,won,,
Q-2025-001122,1,C021,P0107,R09,2025-12-02,15,2175.83,won,,
Q-2025-001123,1,C006,P0091,R06,2025-12-21,4,61880.95,lost,,
Q-2025-001123,2,C006,P0016,R06,2025-12-21,2,44107.73,won,,
Q-2025-001124,1,C005,P0017,R05,2025-12-27,6,30395.84,won,,
Q-2025-001125,1,C022,P0016,R10,2025-12-24,7,40114.65,lost,,
Q-2025-001126,1,C016,P0091,R04,2025-12-04,4,61386.2,won,,
Q-2025-001127,1,C012,P0084,R12,2025-12-23,1,62019.16,won,,
Q-2025-001128,1,C006,P0084,R06,2025-12-29,4,47276.53,lost,,
Q-2025-001129,1,C032,P0041,R08,2025-12-02,95,495.51,lost,,
Q-2025-001130,1,C034,P0097,R10,2025-12-10,1,44017.89,lost,,
Q-2025-001131,1,C027,P0034,R03,2025-12-31,18,14664.33,won,,
Q-2025-001132,1,C005,P0009,R05,2025-12-08,2,29063.12,won,,
Q-2025-001133,1,C011,P0097,R05,2025-12-24,2,49850.46,won,,
Q-2025-001133,2,C011,P0080,R05,2025-12-24,13,7655.94,won,,
Q-2025-001134,1,C032,P0088,R08,2025-12-03,1,51005.65,lost,,
Q-2025-001135,1,C019,P0103,R07,2025-12-13,27,2266.88,won,,
Q-2025-001136,1,C018,P0089,R06,2025-12-27,1,54422.51,lost,,
Q-2025-001136,2,C018,P0005,R06,2025-12-27,8,34048.2,won,,
Q-2025-001136,3,C018,P0011,R06,2025-12-27,1,30468.69,won,,
Q-2025-001137,1,C032,P0097,R08,2025-12-18,3,51794.49,won,,
Q-2025-001137,2,C032,P0009,R08,2025-12-18,2,35612.2,lost,,
Q-2025-001138,1,C003,P0027,R03,2025-12-27,5,9850.25,lost,,
Q-2025-001138,2,C003,P0026,R03,2025-12-27,18,11133.26,open,,
Q-2025-001138,3,C003,P0024,R03,2025-12-27,2,9780.79,won,,
Q-2025-001138,4,C003,P0039,R03,2025-12-27,7,11359.59,won,,
Q-2025-001139,1,C019,P0103,R07,2025-12-15,31,2255.43,won,,
Q-2025-001140,1,C032,P0088,R08,2025-12-27,3,51431.91,lost,,
Q-2025-001140,2,C032,P0041,R08,2025-12-27,352,493.68,won,,
Q-2025-001140,3,C032,P0051,R08,2025-12-27,520,480.94,lost,,
Q-2025-001141,1,C014,P0091,R02,2025-12-06,2,46183.61,won,,
Q-2025-001142,1,C033,P0041,R09,2025-12-31,293,411.2,won,,
Q-2025-001142,2,C033,P0054,R09,2025-12-31,470,514.09,won,,
Q-2025-001143,1,C017,P0007,R05,2025-12-30,4,30384.19,won,,
Q-2025-001144,1,C027,P0037,R03,2025-12-25,13,12308.34,won,,
Q-2025-001145,1,C035,P0041,R11,2025-12-25,346,462.89,won,,
Q-2025-001146,1,C031,P0108,R07,2025-12-31,27,1887.95,lost,,
Q-2025-001146,2,C031,P0004,R07,2025-12-31,8,37219.41,lost,,
Q-2025-001146,3,C031,P0008,R07,2025-12-31,6,32488.68,won,,
Q-2025-001147,1,C023,P0052,R08,2025-12-31,111,536.39,won,,
Q-2025-001147,2,C023,P0050,R08,2025-12-31,197,478.43,lost,,
Q-2025-001148,1,C033,P0041,R09,2025-12-09,780,410.54,lost,,
Q-2025-001148,2,C033,P0051,R09,2025-12-09,612,448.92,lost,,
Q-2025-001148,3,C033,P0048,R09,2025-12-09,298,415.0,won,,
Q-2025-001148,4,C033,P0032,R09,2025-12-09,20,10008.95,lost,,
Q-2025-001149,1,C010,P0056,R07,2025-12-07,225,546.87,lost,,
Q-2025-001150,1,C011,P0084,R11,2025-12-18,3,46276.31,won,,
Q-2025-001150,2,C011,P0097,R11,2025-12-18,4,44902.93,lost,,
Q-2025-001150,3,C011,P0073,R11,2025-12-18,15,7033.91,won,,
Q-2025-001150,4,C011,P0080,R11,2025-12-18,17,7641.66,won,,
Q-2025-001151,1,C026,P0059,R02,2025-12-20,250,421.63,won,,
Q-2025-001151,2,C026,P0111,R02,2025-12-20,7,2886.19,lost,,
Q-2025-001152,1,C012,P0059,R12,2025-12-04,444,386.61,won,,
Q-2025-001153,1,C012,P0060,R12,2025-12-24,399,459.01,won,,
Q-2025-001153,2,C012,P0059,R12,2025-12-24,377,402.84,won,DR-2025-0036,competitive_displacement
Q-2025-001154,1,C019,P0022,R07,2025-12-27,19,11497.73,won,,
Q-2025-001155,1,C021,P0002,R09,2025-12-11,8,34343.61,won,,
Q-2025-001156,1,C032,P0041,R08,2025-12-18,437,455.0,won,,
Q-2025-001156,2,C032,P0055,R08,2025-12-18,501,391.39,won,,
Q-2025-001156,3,C032,P0011,R08,2025-12-18,6,36221.49,won,,
Q-2025-001157,1,C010,P0027,R02,2025-12-04,9,13609.39,won,,
Q-2025-001157,2,C010,P0022,R02,2025-12-04,23,10286.07,won,,
Q-2025-001158,1,C025,P0116,R09,2025-12-29,13,1771.59,won,DR-2025-0037,qualification_pricing
Q-2025-001158,2,C025,P0109,R09,2025-12-29,20,2202.34,lost,,
Q-2025-001158,3,C025,P0108,R09,2025-12-29,28,1983.75,lost,,
Q-2025-001159,1,C015,P0072,R03,2025-12-25,16,7419.15,won,,
Q-2025-001160,1,C016,P0064,R04,2025-12-08,4,9621.91,won,,
Q-2025-001161,1,C021,P0020,R01,2025-12-09,8,30840.88,lost,,
Q-2025-001161,2,C021,P0002,R01,2025-12-09,2,34203.9,won,,
Q-2025-001161,3,C021,P0105,R01,2025-12-09,28,1838.16,won,,
Q-2025-001161,4,C021,P0003,R01,2025-12-09,8,27679.76,won,,
Q-2025-001162,1,C004,P0031,R04,2025-12-26,12,12380.82,won,,
Q-2025-001162,2,C004,P0098,R04,2025-12-26,4,61622.84,won,,
Q-2025-001162,3,C004,P0029,R04,2025-12-26,10,12394.45,won,,
Q-2025-001163,1,C028,P0001,R04,2025-12-05,1,39020.81,lost,,
Q-2025-001163,2,C028,P0078,R04,2025-12-05,18,9238.7,lost,,
Q-2025-001164,1,C022,P0112,R10,2025-12-01,8,2445.94,won,,
Q-2025-001165,1,C032,P0097,R08,2025-12-16,1,61117.37,won,,
Q-2025-001166,1,C032,P0097,R08,2025-12-23,3,51272.33,won,,
Q-2025-001166,2,C032,P0009,R08,2025-12-23,5,34324.32,won,,
Q-2025-001167,1,C035,P0043,R11,2025-12-13,294,531.6,won,,
Q-2025-001167,2,C035,P0072,R11,2025-12-13,11,10260.2,lost,,
Q-2025-001168,1,C014,P0087,R02,2025-12-27,1,38497.43,lost,,
Q-2025-001169,1,C009,P0065,R09,2025-12-03,14,7145.42,won,,
Q-2025-001169,2,C009,P0080,R09,2025-12-03,4,8337.76,lost,,
Q-2025-001169,3,C009,P0093,R09,2025-12-03,3,41339.84,won,,
Q-2025-001170,1,C026,P0042,R02,2025-12-10,133,501.32,lost,,
Q-2025-001170,2,C026,P0112,R02,2025-12-10,26,2557.22,won,,
Q-2025-001170,3,C026,P0052,R02,2025-12-10,174,537.99,won,,
Q-2025-001170,4,C026,P0059,R02,2025-12-10,411,420.56,lost,,
Q-2025-001171,1,C009,P0065,R10,2025-12-31,17,7137.21,won,,
Q-2025-001171,2,C009,P0095,R10,2025-12-31,3,41246.76,won,,
Q-2025-001171,3,C009,P0093,R10,2025-12-31,1,47219.57,won,,
Q-2025-001172,1,C037,P0056,R01,2025-12-08,139,451.29,won,,
Q-2025-001172,2,C037,P0002,R01,2025-12-08,2,35187.05,lost,,
Q-2025-001172,3,C037,P0091,R01,2025-12-08,2,50076.48,won,,
Q-2025-001173,1,C002,P0060,R02,2025-12-18,146,508.15,won,,
Q-2025-001174,1,C009,P0080,R04,2025-12-18,3,8379.91,won,,
Q-2025-001175,1,C019,P0030,R07,2025-12-05,8,12250.73,lost,,
Q-2025-001176,1,C001,P0005,R01,2025-12-20,5,33889.3,won,,
Q-2025-001177,1,C006,P0095,R05,2025-12-28,4,47274.78,lost,,
Q-2025-001177,2,C006,P0091,R05,2025-12-28,4,61730.43,won,,
Q-2025-001177,3,C006,P0005,R05,2025-12-28,5,34120.03,won,,
Q-2025-001177,4,C006,P0020,R05,2025-12-28,1,38676.8,lost,,
Q-2025-001178,1,C027,P0079,R03,2025-12-20,15,10213.44,won,,
Q-2025-001179,1,C032,P0011,R08,2025-12-20,1,36422.34,won,,
Q-2025-001180,1,C027,P0077,R03,2025-12-31,19,8242.94,won,,
Q-2025-001180,2,C027,P0035,R03,2025-12-31,17,12068.49,won,,
Q-2025-001181,1,C008,P0005,R12,2025-12-24,3,35947.18,lost,,
Q-2025-001182,1,C033,P0048,R09,2025-12-12,76,410.0,won,,
Q-2025-001183,1,C021,P0002,R09,2025-12-02,1,34265.91,won,,
Q-2025-001183,2,C021,P0105,R09,2025-12-02,17,1840.53,won,,
Q-2025-001183,3,C021,P0020,R09,2025-12-02,3,30811.39,won,,
Q-2025-001184,1,C035,P0063,R11,2025-12-23,16,8461.77,open,,
Q-2025-001184,2,C035,P0041,R11,2025-12-23,579,460.23,won,,
Q-2025-001185,1,C009,P0080,R09,2025-12-05,15,8327.86,won,,
Q-2025-001185,2,C009,P0065,R09,2025-12-05,15,6563.89,lost,,
Q-2025-001185,3,C009,P0099,R09,2025-12-05,2,44802.08,lost,,
Q-2025-001186,1,C032,P0041,R08,2025-12-13,148,493.49,won,,
Q-2025-001186,2,C032,P0095,R08,2025-12-13,2,46198.03,won,,
Q-2025-001187,1,C028,P0060,R04,2025-12-05,621,556.12,won,,
Q-2026-001188,1,C016,P0099,R04,2026-01-27,1,61477.14,won,,
Q-2026-001188,2,C016,P0091,R04,2026-01-27,4,61585.44,lost,,
Q-2026-001188,3,C016,P0092,R04,2026-01-27,1,61194.65,won,,
Q-2026-001189,1,C040,P0039,R03,2026-01-31,19,12863.31,won,,
Q-2026-001190,1,C007,P0001,R07,2026-01-31,1,33035.85,won,,
Q-2026-001190,2,C007,P0065,R07,2026-01-31,10,7667.02,won,,
Q-2026-001190,3,C007,P0010,R07,2026-01-31,4,35319.5,won,,
Q-2026-001191,1,C011,P0091,R12,2026-01-30,4,51191.01,won,,
Q-2026-001192,1,C033,P0054,R09,2026-01-19,355,516.26,won,,
Q-2026-001193,1,C040,P0024,R04,2026-01-17,18,9281.29,won,,
Q-2026-001194,1,C027,P0036,R03,2026-01-22,15,14927.65,won,,
Q-2026-001194,2,C027,P0066,R03,2026-01-22,16,8931.14,lost,,
Q-2026-001195,1,C019,P0040,R07,2026-01-04,15,11481.05,won,,
Q-2026-001196,1,C015,P0070,R03,2026-01-15,19,7551.06,open,,
Q-2026-001196,2,C015,P0083,R03,2026-01-15,3,47883.28,won,,
Q-2026-001196,3,C015,P0098,R03,2026-01-15,1,48496.78,won,,
Q-2026-001197,1,C018,P0005,R06,2026-01-01,7,34120.11,won,,
Q-2026-001197,2,C018,P0089,R06,2026-01-01,2,54369.7,won,,
Q-2026-001197,3,C018,P0011,R06,2026-01-01,4,30518.36,lost,,
Q-2026-001198,1,C026,P0048,R02,2026-01-25,561,473.14,won,,
Q-2026-001198,2,C026,P0059,R02,2026-01-25,636,422.29,lost,,
Q-2026-001199,1,C005,P0017,R05,2026-01-14,4,30400.0,open,,
Q-2026-001200,1,C005,P0058,R05,2026-01-24,740,440.34,won,,
Q-2026-001201,1,C024,P0073,R12,2026-01-15,18,7435.09,won,,
Q-2026-001202,1,C017,P0053,R06,2026-01-08,112,346.23,won,,
Q-2026-001203,1,C030,P0065,R06,2026-01-01,3,7320.74,won,,
Q-2026-001203,2,C030,P0073,R06,2026-01-01,15,7832.32,open,,
Q-2026-001204,1,C006,P0095,R06,2026-01-23,3,47409.42,won,,
Q-2026-001204,2,C006,P0005,R06,2026-01-23,1,36711.59,lost,,
Q-2026-001204,3,C006,P0093,R06,2026-01-23,2,47170.66,lost,,
Q-2026-001205,1,C033,P0033,R09,2026-01-22,6,14881.28,lost,,
Q-2026-001206,1,C006,P0095,R06,2026-01-31,3,47367.93,lost,,
Q-2026-001207,1,C039,P0060,R03,2026-01-15,430,596.99,lost,,
Q-2026-001207,2,C039,P0052,R03,2026-01-15,316,516.47,won,,
Q-2026-001208,1,C021,P0020,R09,2026-01-10,7,30781.33,lost,,
Q-2026-001209,1,C028,P0072,R04,2026-01-20,9,9041.65,lost,,
Q-2026-001210,1,C028,P0072,R04,2026-01-04,5,9076.67,lost,,
Q-2026-001211,1,C019,P0040,R07,2026-01-16,18,11461.89,lost,,
Q-2026-001211,2,C019,P0030,R07,2026-01-16,17,12198.83,won,,
Q-2026-001211,3,C019,P0021,R07,2026-01-16,20,12071.36,lost,,
Q-2026-001211,4,C019,P0103,R07,2026-01-16,21,2265.56,lost,,
Q-2026-001212,1,C007,P0009,R07,2026-01-04,4,33988.96,won,,
Q-2026-001213,1,C019,P0021,R07,2026-01-05,3,12065.11,lost,,
Q-2026-001214,1,C025,P0113,R01,2026-01-11,16,1814.75,lost,,
Q-2026-001214,2,C025,P0070,R01,2026-01-11,2,7530.26,won,,
Q-2026-001214,3,C025,P0076,R01,2026-01-11,10,6313.75,lost,,
Q-2026-001215,1,C004,P0022,R04,2026-01-03,11,10945.19,lost,,
Q-2026-001215,2,C004,P0099,R04,2026-01-03,2,50627.27,won,,
Q-2026-001215,3,C004,P0033,R04,2026-01-03,23,12402.01,open,,
Q-2026-001215,4,C004,P0029,R04,2026-01-03,17,12344.85,won,,
Q-2026-001216,1,C033,P0048,R03,2026-01-12,280,465.41,won,,
Q-2026-001216,2,C033,P0046,R03,2026-01-12,173,440.84,won,,
Q-2026-001216,3,C033,P0028,R03,2026-01-12,17,13194.7,lost,,
Q-2026-001216,4,C033,P0042,R03,2026-01-12,569,412.21,won,,
Q-2026-001217,1,C014,P0090,R02,2026-01-07,3,36080.63,won,,
Q-2026-001218,1,C032,P0009,R08,2026-01-31,4,36086.03,lost,,
Q-2026-001219,1,C011,P0070,R11,2026-01-14,2,7822.73,won,,
Q-2026-001220,1,C040,P0029,R04,2026-01-13,2,11450.71,won,,
Q-2026-001220,2,C040,P0039,R04,2026-01-13,24,12844.12,won,,
Q-2026-001220,3,C040,P0059,R04,2026-01-13,778,386.22,open,,
Q-2026-001221,1,C025,P0118,R02,2026-01-31,37,2241.62,won,,
Q-2026-001222,1,C007,P0009,R07,2026-01-16,6,35613.52,won,,
Q-2026-001222,2,C007,P0076,R07,2026-01-16,14,6831.16,open,,
Q-2026-001222,3,C007,P0061,R07,2026-01-16,8,8502.71,won,,
Q-2026-001222,4,C007,P0010,R07,2026-01-16,2,35892.19,lost,,
Q-2026-001223,1,C036,P0087,R12,2026-01-31,2,46789.73,won,,
Q-2026-001224,1,C011,P0070,R11,2026-01-18,11,7839.88,won,,
Q-2026-001224,2,C011,P0080,R11,2026-01-18,10,8207.65,lost,,
Q-2026-001224,3,C011,P0073,R11,2026-01-18,18,8002.2,won,,
Q-2026-001225,1,C005,P0049,R05,2026-01-29,512,357.53,won,,
Q-2026-001225,2,C005,P0020,R05,2026-01-29,1,34155.85,won,,
Q-2026-001226,1,C036,P0097,R12,2026-01-09,1,51404.99,open,,
Q-2026-001226,2,C036,P0081,R12,2026-01-09,4,48061.77,won,,
Q-2026-001226,3,C036,P0007,R12,2026-01-09,2,31509.11,won,,
Q-2026-001226,4,C036,P0094,R12,2026-01-09,1,50792.36,won,,
Q-2026-001227,1,C020,P0079,R08,2026-01-31,7,7992.8,open,,
Q-2026-001227,2,C020,P0059,R08,2026-01-31,297,430.46,won,,
Q-2026-001228,1,C022,P0016,R10,2026-01-16,7,39905.31,won,,
Q-2026-001228,2,C022,P0112,R10,2026-01-16,36,2444.03,won,,
Q-2026-001228,3,C022,P0005,R10,2026-01-16,5,36559.05,won,,
Q-2026-001229,1,C008,P0103,R01,2026-01-30,27,2409.51,won,,
Q-2026-001230,1,C004,P0100,R04,2026-01-17,3,51353.98,won,,
Q-2026-001231,1,C020,P0066,R02,2026-01-04,18,8002.78,lost,,
Q-2026-001232,1,C030,P0065,R06,2026-01-26,18,7318.75,won,,
Q-2026-001232,2,C030,P0090,R06,2026-01-26,1,41167.51,open,,
Q-2026-001232,3,C030,P0073,R06,2026-01-26,9,7833.74,lost,,
Q-2026-001232,4,C030,P0071,R06,2026-01-26,16,8779.97,open,,
Q-2026-001233,1,C023,P0055,R11,2026-01-05,349,484.55,won,,
Q-2026-001233,2,C023,P0111,R11,2026-01-05,37,2238.77,won,,
Q-2026-001233,3,C023,P0060,R11,2026-01-05,583,492.17,lost,,
Q-2026-001233,4,C023,P0044,R11,2026-01-05,624,480.28,lost,,
Q-2026-001234,1,C018,P0011,R06,2026-01-30,4,30579.01,won,,
Q-2026-001235,1,C027,P0066,R03,2026-01-31,3,8906.33,won,,
Q-2026-001236,1,C009,P0080,R09,2026-01-18,15,8349.36,won,,
Q-2026-001236,2,C009,P0094,R09,2026-01-18,3,46467.3,open,,
Q-2026-001237,1,C040,P0053,R06,2026-01-13,492,379.03,won,,
Q-2026-001238,1,C004,P0033,R04,2026-01-15,17,12401.97,lost,,
Q-2026-001239,1,C030,P0090,R06,2026-01-16,4,41059.67,won,,
Q-2026-001240,1,C025,P0108,R01,2026-01-10,7,1980.39,won,,
Q-2026-001241,1,C013,P0023,R01,2026-01-31,16,10891.24,won,,
Q-2026-001241,2,C013,P0013,R01,2026-01-31,2,32485.36,won,,
Q-2026-001241,3,C013,P0025,R01,2026-01-31,18,13455.85,open,,
Q-2026-001241,4,C013,P0029,R01,2026-01-31,22,13273.05,won,,
Q-2026-001242,1,C023,P0044,R11,2026-01-17,250,481.23,won,,
Q-2026-001243,1,C010,P0087,R10,2026-01-01,3,41925.29,lost,,
Q-2026-001243,2,C010,P0089,R10,2026-01-01,4,48327.35,won,,
Q-2026-001244,1,C035,P0045,R11,2026-01-31,363,534.47,lost,,
Q-2026-001244,2,C035,P0066,R11,2026-01-31,11,7501.55,won,,
Q-2026-001245,1,C030,P0090,R06,2026-01-01,2,41198.55,won,,
Q-2026-001246,1,C028,P0060,R04,2026-01-22,726,553.31,lost,,
Q-2026-001246,2,C028,P0010,R04,2026-01-22,5,37993.9,won,,
Q-2026-001247,1,C027,P0071,R03,2026-01-17,9,9217.04,lost,,
Q-2026-001248,1,C029,P0096,R05,2026-01-12,3,36905.46,won,,
Q-2026-001249,1,C040,P0059,R04,2026-01-22,128,387.86,lost,,
Q-2026-001250,1,C011,P0070,R11,2026-01-01,17,7820.27,won,,
Q-2026-001251,1,C033,P0031,R09,2026-01-26,18,10290.98,won,,
Q-2026-001251,2,C033,P0054,R09,2026-01-26,346,520.0,lost,,
Q-2026-001252,1,C015,P0097,R03,2026-01-17,1,49725.82,lost,,
Q-2026-001252,2,C015,P0092,R03,2026-01-17,3,50066.28,won,,
Q-2026-001252,3,C015,P0083,R03,2026-01-17,3,47952.47,open,,
Q-2026-001252,4,C015,P0082,R03,2026-01-17,4,54069.21,lost,,
Q-2026-001253,1,C011,P0091,R11,2026-01-03,3,44900.0,won,,
Q-2026-001253,2,C011,P0083,R11,2026-01-03,2,46657.09,lost,,
Q-2026-001254,1,C033,P0048,R09,2026-01-26,788,411.2,won,,
Q-2026-001254,2,C033,P0040,R09,2026-01-26,4,11154.3,lost,,
Q-2026-001255,1,C032,P0098,R08,2026-01-01,3,56099.15,won,,
Q-2026-001256,1,C023,P0055,R11,2026-02-18,508,521.87,won,,
Q-2026-001256,2,C023,P0050,R11,2026-02-18,637,479.64,won,,
Q-2026-001256,3,C023,P0085,R11,2026-02-18,1,39689.47,won,,
Q-2026-001257,1,C005,P0066,R05,2026-02-12,18,7250.0,won,,
Q-2026-001257,2,C005,P0073,R05,2026-02-12,5,7150.47,won,,
Q-2026-001258,1,C002,P0107,R02,2026-02-07,19,2646.95,open,,
Q-2026-001258,2,C002,P0114,R02,2026-02-07,9,2200.28,won,,
Q-2026-001258,3,C002,P0066,R02,2026-02-07,13,7070.83,won,,
Q-2026-001259,1,C028,P0068,R04,2026-02-17,14,9156.55,won,,
Q-2026-001259,2,C028,P0078,R04,2026-02-17,5,9203.28,won,,
Q-2026-001259,3,C028,P0058,R04,2026-02-17,109,605.55,won,,
Q-2026-001259,4,C028,P0070,R04,2026-02-17,20,9018.89,open,,
Q-2026-001260,1,C010,P0081,R10,2026-02-21,3,50960.74,lost,,
Q-2026-001260,2,C010,P0087,R10,2026-02-21,2,41845.31,won,,
Q-2026-001260,3,C010,P0035,R10,2026-02-21,10,9609.8,won,,
Q-2026-001261,1,C018,P0111,R06,2026-02-18,11,2122.97,won,,
Q-2026-001261,2,C018,P0008,R06,2026-02-18,1,31764.02,won,,
Q-2026-001262,1,C010,P0027,R10,2026-02-06,4,13645.06,won,,
Q-2026-001262,2,C010,P0089,R10,2026-02-06,1,48318.12,won,,
Q-2026-001263,1,C040,P0024,R04,2026-02-26,2,9326.33,won,,
Q-2026-001263,2,C040,P0059,R04,2026-02-26,375,346.9,won,,
Q-2026-001263,3,C040,P0053,R04,2026-02-26,222,379.24,open,,
Q-2026-001264,1,C032,P0088,R08,2026-02-06,2,51550.84,won,,
Q-2026-001265,1,C009,P0099,R09,2026-02-05,2,47558.81,open,,
Q-2026-001266,1,C011,P0083,R11,2026-02-08,2,46840.72,lost,,
Q-2026-001267,1,C009,P0094,R09,2026-02-28,4,55701.61,won,,
Q-2026-001267,2,C009,P0091,R09,2026-02-28,2,48953.89,open,,
Q-2026-001268,1,C004,P0037,R04,2026-02-28,5,12400.83,open,,
Q-2026-001269,1,C036,P0097,R12,2026-02-04,4,51349.79,lost,,
Q-2026-001269,2,C036,P0007,R12,2026-02-04,2,31387.71,won,,
Q-2026-001270,1,C036,P0001,R12,2026-02-17,7,30076.29,won,,
Q-2026-001271,1,C040,P0059,R07,2026-02-01,437,387.26,lost,,
Q-2026-001271,2,C040,P0031,R07,2026-02-01,3,9281.1,won,,
Q-2026-001272,1,C013,P0029,R01,2026-02-05,23,13306.94,won,,
Q-2026-001273,1,C016,P0086,R04,2026-02-08,1,53194.02,lost,,
Q-2026-001274,1,C011,P0097,R12,2026-02-09,3,44816.28,won,,
Q-2026-001275,1,C016,P0086,R04,2026-02-25,2,53323.92,won,,
Q-2026-001275,2,C016,P0099,R04,2026-02-25,4,61409.52,won,,
Q-2026-001275,3,C016,P0092,R04,2026-02-25,1,61545.42,won,,
Q-2026-001276,1,C034,P0023,R10,2026-02-18,23,9515.07,won,,
Q-2026-001276,2,C034,P0027,R10,2026-02-18,8,10648.9,won,,
Q-2026-001276,3,C034,P0097,R10,2026-02-18,4,43923.22,won,,
Q-2026-001277,1,C004,P0098,R04,2026-02-18,1,62023.08,won,,
Q-2026-001277,2,C004,P0023,R04,2026-02-18,2,10785.99,won,,
Q-2026-001278,1,C040,P0027,R04,2026-02-09,24,10829.36,lost,,
Q-2026-001278,2,C040,P0058,R04,2026-02-09,185,475.38,won,,
Q-2026-001278,3,C040,P0059,R04,2026-02-09,531,387.26,won,,
Q-2026-001278,4,C040,P0039,R04,2026-02-09,19,12834.01,won,,
Q-2026-001279,1,C011,P0084,R11,2026-02-04,2,49119.64,open,,
Q-2026-001280,1,C026,P0048,R09,2026-02-08,172,472.29,won,,
Q-2026-001281,1,C010,P0032,R10,2026-02-13,8,9155.63,won,,
Q-2026-001282,1,C039,P0057,R03,2026-02-02,615,496.01,won,,
Q-2026-001282,2,C039,P0016,R03,2026-02-02,2,38899.41,open,,
Q-2026-001282,3,C039,P0018,R03,2026-02-02,3,31580.8,won,,
Q-2026-001282,4,C039,P0049,R03,2026-02-02,157,508.33,won,,
Q-2026-001283,1,C015,P0088,R03,2026-02-05,3,44559.99,won,,
Q-2026-001283,2,C015,P0092,R03,2026-02-05,1,49951.27,won,,
Q-2026-001283,3,C015,P0070,R03,2026-02-05,7,7935.93,won,,
Q-2026-001284,1,C030,P0090,R06,2026-02-24,4,41301.85,won,,
Q-2026-001285,1,C036,P0097,R12,2026-02-13,3,51426.62,lost,,
Q-2026-001286,1,C022,P0005,R10,2026-02-11,2,36515.97,lost,,
Q-2026-001287,1,C036,P0094,R12,2026-02-01,1,50861.6,open,,
Q-2026-001288,1,C037,P0013,R01,2026-02-04,5,34163.39,lost,,
Q-2026-001288,2,C037,P0091,R01,2026-02-04,3,50242.87,open,,
Q-2026-001288,3,C037,P0002,R01,2026-02-04,8,35284.58,won,,
Q-2026-001289,1,C016,P0086,R04,2026-02-24,1,53287.69,won,,
Q-2026-001289,2,C016,P0065,R04,2026-02-24,17,8497.95,lost,,
Q-2026-001290,1,C005,P0020,R05,2026-02-17,1,29900.0,won,,
Q-2026-001290,2,C005,P0073,R05,2026-02-17,2,7178.4,lost,,
Q-2026-001290,3,C005,P0049,R05,2026-02-17,748,360.22,open,,
Q-2026-001291,1,C011,P0097,R11,2026-02-24,1,49871.12,won,,
Q-2026-001292,1,C038,P0105,R02,2026-02-22,13,2213.16,open,,
Q-2026-001292,2,C038,P0073,R02,2026-02-22,3,9188.63,won,,
Q-2026-001292,3,C038,P0114,R02,2026-02-22,10,2164.8,won,,
Q-2026-001292,4,C038,P0071,R02,2026-02-22,8,9138.89,won,,
Q-2026-001293,1,C038,P0105,R02,2026-02-15,25,2201.99,won,,
Q-2026-001293,2,C038,P0065,R02,2026-02-15,5,9170.29,lost,,
Q-2026-001293,3,C038,P0071,R02,2026-02-15,8,9151.14,won,,
Q-2026-001294,1,C038,P0066,R04,2026-02-19,14,9122.29,lost,,
Q-2026-001294,2,C038,P0105,R04,2026-02-19,28,2203.33,open,,
Q-2026-001294,3,C038,P0071,R04,2026-02-19,13,9135.36,open,,
Q-2026-001295,1,C025,P0066,R01,2026-02-10,14,8401.82,won,,
Q-2026-001296,1,C005,P0020,R01,2026-02-23,7,34105.6,won,,
Q-2026-001296,2,C005,P0066,R01,2026-02-23,7,7980.1,won,,
Q-2026-001297,1,C007,P0076,R02,2026-02-01,4,6898.5,won,,
Q-2026-001297,2,C007,P0003,R02,2026-02-01,6,30669.72,won,,
Q-2026-001298,1,C011,P0080,R11,2026-02-08,4,8240.0,won,,
Q-2026-001298,2,C011,P0091,R11,2026-02-08,2,51234.12,won,,
Q-2026-001299,1,C034,P0100,R10,2026-02-18,2,47715.51,won,,
Q-2026-001299,2,C034,P0063,R10,2026-02-18,10,7242.4,lost,,
Q-2026-001300,1,C004,P0031,R04,2026-02-19,6,12348.84,open,,
Q-2026-001300,2,C004,P0033,R04,2026-02-19,15,12318.24,lost,,
Q-2026-001301,1,C004,P0100,R04,2026-02-08,2,51283.01,lost,,
Q-2026-001302,1,C023,P0060,R11,2026-02-13,789,562.36,lost,,
Q-2026-001302,2,C023,P0085,R11,2026-02-13,3,39445.94,won,,
Q-2026-001303,1,C015,P0077,R03,2026-02-17,3,6624.85,won,,
Q-2026-001303,2,C015,P0083,R03,2026-02-17,1,48083.67,lost,,
Q-2026-001304,1,C007,P0003,R03,2026-02-03,2,30893.99,lost,,
Q-2026-001305,1,C019,P0030,R07,2026-02-04,7,12253.63,lost,,
Q-2026-001306,1,C030,P0096,R01,2026-02-12,1,37264.55,lost,,
Q-2026-001306,2,C030,P0090,R01,2026-02-12,1,41241.32,won,,
Q-2026-001306,3,C030,P0071,R01,2026-02-12,15,8749.53,lost,,
Q-2026-001307,1,C006,P0089,R06,2026-02-16,1,49210.87,won,,
Q-2026-001307,2,C006,P0016,R06,2026-02-16,3,44166.51,won,,
Q-2026-001308,1,C023,P0050,R11,2026-02-25,737,478.41,won,,
Q-2026-001309,1,C035,P0043,R11,2026-02-18,136,532.34,lost,,
Q-2026-001310,1,C011,P0073,R11,2026-02-02,12,7951.15,won,,
Q-2026-001310,2,C011,P0091,R11,2026-02-02,2,51204.09,won,,
Q-2026-001311,1,C010,P0032,R10,2026-02-16,21,9177.63,won,,
Q-2026-001311,2,C010,P0081,R10,2026-02-16,3,51200.51,won,,
Q-2026-001312,1,C040,P0039,R04,2026-02-20,18,10652.55,lost,,
Q-2026-001313,1,C024,P0078,R12,2026-02-23,8,6482.93,open,,
Q-2026-001313,2,C024,P0054,R12,2026-02-23,256,432.23,won,,
Q-2026-001314,1,C035,P0043,R11,2026-02-24,570,535.11,open,,
Q-2026-001314,2,C035,P0072,R11,2026-02-24,7,10274.09,won,,
Q-2026-001314,3,C035,P0061,R11,2026-02-24,2,8674.96,won,,
Q-2026-001315,1,C032,P0041,R08,2026-02-05,397,496.75,won,,
Q-2026-001316,1,C012,P0107,R12,2026-02-27,10,2501.42,open,,
Q-2026-001316,2,C012,P0106,R12,2026-02-27,12,2073.93,lost,,
Q-2026-001316,3,C012,P0059,R12,2026-02-27,489,387.29,lost,,
Q-2026-001316,4,C012,P0114,R12,2026-02-27,23,2466.0,won,,
Q-2026-001317,1,C005,P0049,R05,2026-02-26,341,441.93,lost,,
Q-2026-001318,1,C040,P0058,R04,2026-02-03,752,475.17,won,,
Q-2026-001318,2,C040,P0034,R04,2026-02-03,23,10027.03,won,,
Q-2026-001319,1,C026,P0042,R02,2026-02-01,741,500.93,won,,
Q-2026-001320,1,C011,P0084,R11,2026-02-19,1,49109.55,lost,,
Q-2026-001321,1,C009,P0093,R09,2026-03-18,4,41400.0,won,,
Q-2026-001322,1,C017,P0042,R05,2026-03-19,260,470.44,won,,
Q-2026-001322,2,C017,P0064,R05,2026-03-19,20,8270.92,won,,
Q-2026-001323,1,C035,P0046,R11,2026-03-04,773,513.88,won,,
Q-2026-001323,2,C035,P0041,R11,2026-03-04,178,460.41,won,,
Q-2026-001324,1,C037,P0002,R01,2026-03-03,4,35325.86,lost,,
Q-2026-001324,2,C037,P0098,R01,2026-03-03,4,51895.97,open,,
Q-2026-001324,3,C037,P0091,R01,2026-03-03,3,50313.68,open,,
Q-2026-001324,4,C037,P0019,R01,2026-03-03,5,38987.27,won,,
Q-2026-001325,1,C010,P0022,R10,2026-03-11,2,10362.38,won,,
Q-2026-001326,1,C028,P0016,R04,2026-03-14,7,46574.61,lost,,
Q-2026-001326,2,C028,P0070,R04,2026-03-14,3,8979.27,open,,
Q-2026-001327,1,C030,P0073,R06,2026-03-17,12,7843.12,lost,,
Q-2026-001327,2,C030,P0066,R06,2026-03-17,17,8162.11,won,,
Q-2026-001328,1,C035,P0066,R11,2026-03-16,8,7697.21,open,,
Q-2026-001329,1,C037,P0006,R01,2026-03-02,4,30848.79,won,,
Q-2026-001330,1,C027,P0079,R03,2026-03-31,7,10791.3,open,,
Q-2026-001331,1,C028,P0042,R04,2026-03-18,778,491.5,open,,
Q-2026-001331,2,C028,P0070,R04,2026-03-18,7,9098.5,won,,
Q-2026-001332,1,C033,P0040,R09,2026-03-23,13,10760.25,won,,
Q-2026-001332,2,C033,P0033,R09,2026-03-23,3,14913.43,won,,
Q-2026-001333,1,C010,P0027,R10,2026-03-21,18,10544.48,won,,
Q-2026-001333,2,C010,P0089,R10,2026-03-21,4,48330.84,won,,
Q-2026-001334,1,C034,P0063,R10,2026-03-23,11,7250.39,won,,
Q-2026-001334,2,C034,P0074,R10,2026-03-23,8,7687.91,open,,
Q-2026-001335,1,C002,P0107,R02,2026-03-20,9,2659.86,open,,
Q-2026-001335,2,C002,P0065,R02,2026-03-20,14,7066.02,won,,
Q-2026-001336,1,C025,P0118,R01,2026-03-01,37,2250.75,lost,,
Q-2026-001336,2,C025,P0116,R01,2026-03-01,12,1898.77,won,,
Q-2026-001336,3,C025,P0063,R01,2026-03-01,14,6230.93,won,,
Q-2026-001337,1,C027,P0079,R03,2026-03-19,4,7897.39,won,,
Q-2026-001338,1,C002,P0107,R02,2026-03-18,39,2654.59,won,,
Q-2026-001338,2,C002,P0114,R02,2026-03-18,17,2200.53,won,,
Q-2026-001338,3,C002,P0060,R02,2026-03-18,725,509.28,lost,,
Q-2026-001339,1,C023,P0055,R10,2026-03-02,368,524.02,won,,
Q-2026-001339,2,C023,P0085,R10,2026-03-02,2,39574.56,lost,,
Q-2026-001340,1,C022,P0016,R10,2026-03-30,5,40008.0,won,,
Q-2026-001341,1,C035,P0063,R11,2026-03-05,17,8455.39,lost,,
Q-2026-001342,1,C022,P0017,R02,2026-03-27,6,41954.29,won,,
Q-2026-001342,2,C022,P0101,R02,2026-03-27,7,2487.06,open,,
Q-2026-001342,3,C022,P0120,R02,2026-03-27,13,3275.66,won,,
Q-2026-001343,1,C020,P0069,R08,2026-03-06,16,7835.81,won,,
Q-2026-001343,2,C020,P0079,R08,2026-03-06,5,7999.42,open,,
Q-2026-001344,1,C017,P0045,R05,2026-03-14,317,406.32,lost,,
Q-2026-001345,1,C003,P0024,R03,2026-03-06,12,9745.75,won,,
Q-2026-001345,2,C003,P0044,R03,2026-03-06,798,374.55,won,,
Q-2026-001346,1,C006,P0093,R06,2026-03-03,2,47420.51,lost,,
Q-2026-001346,2,C006,P0089,R06,2026-03-03,3,49326.0,lost,,
Q-2026-001347,1,C002,P0107,R02,2026-03-08,35,2649.93,open,,
Q-2026-001347,2,C002,P0071,R02,2026-03-08,13,7481.51,lost,,
Q-2026-001348,1,C022,P0101,R10,2026-03-22,12,2480.44,won,,
Q-2026-001348,2,C022,P0120,R10,2026-03-22,37,3266.39,won,,
Q-2026-001349,1,C003,P0025,R03,2026-03-07,15,11953.66,won,,
Q-2026-001349,2,C003,P0039,R03,2026-03-07,19,11397.18,lost,,
Q-2026-001350,1,C029,P0097,R05,2026-03-27,2,47446.0,won,,
Q-2026-001351,1,C026,P0112,R02,2026-03-02,23,2549.55,lost,,
Q-2026-001351,2,C026,P0052,R02,2026-03-02,397,539.67,won,,
Q-2026-001352,1,C004,P0100,R04,2026-03-26,1,51326.71,won,,
Q-2026-001352,2,C004,P0033,R04,2026-03-26,5,12360.56,open,,
Q-2026-001352,3,C004,P0022,R04,2026-03-26,7,10893.06,won,,
Q-2026-001352,4,C004,P0031,R04,2026-03-26,17,12319.64,won,,
Q-2026-001353,1,C040,P0053,R04,2026-03-29,515,379.93,won,,
Q-2026-001354,1,C031,P0114,R07,2026-03-01,6,1890.53,lost,,
Q-2026-001354,2,C031,P0069,R07,2026-03-01,19,7935.72,won,,
Q-2026-001355,1,C009,P0080,R09,2026-03-19,15,7488.63,lost,,
Q-2026-001356,1,C040,P0053,R04,2026-03-22,476,379.57,open,,
Q-2026-001357,1,C006,P0014,R06,2026-03-22,6,41482.88,won,,
Q-2026-001357,2,C006,P0020,R06,2026-03-22,4,43565.5,lost,,
Q-2026-001358,1,C021,P0105,R09,2026-03-15,13,1735.44,won,,
Q-2026-001359,1,C019,P0022,R07,2026-03-26,2,10450.0,won,,
Q-2026-001360,1,C004,P0029,R04,2026-03-08,5,11800.0,won,,
Q-2026-001360,2,C004,P0033,R04,2026-03-08,10,12335.83,won,,
Q-2026-001361,1,C032,P0053,R01,2026-03-13,368,459.37,won,,
Q-2026-001362,1,C032,P0095,R08,2026-03-13,3,46016.72,lost,,
Q-2026-001363,1,C027,P0077,R03,2026-03-25,13,8238.03,lost,,
Q-2026-001363,2,C027,P0066,R03,2026-03-25,11,8949.91,won,,
Q-2026-001364,1,C018,P0089,R10,2026-03-20,4,54452.46,open,,
Q-2026-001364,2,C018,P0005,R10,2026-03-20,5,34183.38,lost,,
Q-2026-001364,3,C018,P0011,R10,2026-03-20,5,30544.36,won,,
Q-2026-001364,4,C018,P0111,R10,2026-03-20,17,2122.9,lost,,
Q-2026-001365,1,C005,P0073,R08,2026-03-17,12,7151.21,won,,
Q-2026-001365,2,C005,P0010,R08,2026-03-17,2,32996.94,open,,
Q-2026-001365,3,C005,P0058,R08,2026-03-17,232,468.22,lost,,
Q-2026-001366,1,C017,P0053,R05,2026-03-18,521,383.07,won,,
Q-2026-001367,1,C015,P0082,R03,2026-03-22,1,54178.97,won,,
Q-2026-001367,2,C015,P0092,R03,2026-03-22,4,49859.65,open,,
Q-2026-001367,3,C015,P0077,R03,2026-03-22,8,6648.69,won,,
Q-2026-001368,1,C016,P0073,R06,2026-03-16,8,8537.56,won,,
Q-2026-001369,1,C033,P0027,R09,2026-03-28,10,11603.96,won,,
Q-2026-001370,1,C019,P0030,R09,2026-03-13,13,10961.53,lost,,
Q-2026-001371,1,C004,P0099,R03,2026-03-11,1,50614.12,won,,
Q-2026-001371,2,C004,P0031,R03,2026-03-11,13,12351.06,lost,,
Q-2026-001371,3,C004,P0022,R03,2026-03-11,3,10908.5,lost,,
Q-2026-001372,1,C025,P0116,R08,2026-03-04,32,1894.46,won,,
Q-2026-001373,1,C015,P0088,R03,2026-03-25,4,44287.46,won,,
Q-2026-001373,2,C015,P0080,R03,2026-03-25,20,8226.4,won,,
Q-2026-001374,1,C001,P0015,R01,2026-03-08,5,32356.82,won,,
Q-2026-001375,1,C005,P0009,R05,2026-03-14,8,29021.24,won,,
Q-2026-001375,2,C005,P0020,R05,2026-03-14,6,30099.9,won,,
Q-2026-001375,3,C005,P0044,R05,2026-03-14,149,370.16,won,,
Q-2026-001376,1,C029,P0088,R05,2026-03-26,2,62098.37,won,,
Q-2026-001376,2,C029,P0003,R05,2026-03-26,2,26642.02,won,,
Q-2026-001376,3,C029,P0019,R05,2026-03-26,7,33643.35,open,,
Q-2026-001376,4,C029,P0096,R05,2026-03-26,3,36948.83,open,,
Q-2026-001377,1,C035,P0066,R11,2026-03-26,9,7640.55,open,,
Q-2026-001377,2,C035,P0048,R11,2026-03-26,368,534.57,won,,
Q-2026-001377,3,C035,P0061,R11,2026-03-26,15,8713.82,won,,
Q-2026-001377,4,C035,P0045,R11,2026-03-26,278,423.57,lost,,
Q-2026-001378,1,C011,P0091,R11,2026-03-06,2,51421.79,lost,,
Q-2026-001379,1,C023,P0055,R11,2026-03-04,587,487.59,lost,,
Q-2026-001379,2,C023,P0085,R11,2026-03-04,2,39685.45,open,,
Q-2026-001380,1,C009,P0093,R09,2026-03-08,3,47439.26,won,,
Q-2026-001380,2,C009,P0080,R09,2026-03-08,16,8332.09,open,,
Q-2026-001381,1,C011,P0073,R05,2026-03-01,15,7042.23,won,,
Q-2026-001382,1,C006,P0014,R06,2026-03-15,8,41537.66,lost,,
Q-2026-001383,1,C017,P0049,R05,2026-03-14,598,457.79,open,DR-2026-0038,qualification_pricing
Q-2026-001383,2,C017,P0068,R05,2026-03-14,7,7342.21,won,DR-2026-0039,qualification_pricing
Q-2026-001384,1,C015,P0092,R06,2026-03-31,2,50098.34,open,,
Q-2026-001385,1,C027,P0071,R03,2026-03-01,8,9216.75,open,,
Q-2026-001385,2,C027,P0072,R03,2026-03-01,11,9368.0,open,,
Q-2026-001385,3,C027,P0037,R03,2026-03-01,18,12327.86,won,,
Q-2026-001386,1,C014,P0043,R02,2026-03-23,158,356.21,lost,,
Q-2026-001386,2,C014,P0083,R02,2026-03-23,4,45847.97,lost,,
Q-2026-001386,3,C014,P0100,R02,2026-03-23,2,47768.89,won,,
Q-2026-001387,1,C008,P0112,R08,2026-03-01,34,2135.09,won,,
Q-2026-001388,1,C002,P0071,R02,2026-03-26,7,7477.12,lost,,
Q-2026-001389,1,C003,P0022,R03,2026-04-07,15,10034.57,won,,
Q-2026-001389,2,C003,P0050,R03,2026-04-07,281,394.12,open,,
Q-2026-001390,1,C033,P0048,R09,2026-04-11,307,467.13,open,,
Q-2026-001391,1,C040,P0059,R04,2026-04-17,376,386.06,won,,
Q-2026-001391,2,C040,P0039,R04,2026-04-17,14,10986.29,lost,,
Q-2026-001392,1,C028,P0068,R04,2026-04-19,9,9168.1,lost,,
Q-2026-001392,2,C028,P0016,R04,2026-04-19,1,46540.99,lost,,
Q-2026-001392,3,C028,P0058,R04,2026-04-19,152,605.31,open,,
Q-2026-001393,1,C019,P0021,R09,2026-04-28,22,12108.04,lost,,
Q-2026-001394,1,C008,P0009,R08,2026-04-02,2,33071.29,lost,,
Q-2026-001394,2,C008,P0115,R08,2026-04-02,26,2324.69,open,,
Q-2026-001394,3,C008,P0073,R08,2026-04-02,15,9027.98,open,,
Q-2026-001395,1,C023,P0110,R11,2026-04-22,39,2157.89,open,,
Q-2026-001395,2,C023,P0085,R11,2026-04-22,2,39530.64,won,,
Q-2026-001396,1,C023,P0111,R11,2026-04-16,20,2252.23,lost,,
Q-2026-001397,1,C011,P0073,R11,2026-04-26,12,7981.95,won,,
Q-2026-001397,2,C011,P0080,R11,2026-04-26,4,8191.04,open,,
Q-2026-001398,1,C020,P0066,R08,2026-04-09,2,8023.28,lost,,
Q-2026-001399,1,C014,P0043,R02,2026-04-18,492,354.11,won,,
Q-2026-001400,1,C003,P0024,R03,2026-04-28,14,9793.58,open,,
Q-2026-001400,2,C003,P0033,R03,2026-04-28,14,10712.53,won,,
Q-2026-001400,3,C003,P0060,R03,2026-04-28,77,415.03,won,,
Q-2026-001401,1,C025,P0109,R01,2026-04-09,8,2193.6,won,,
Q-2026-001402,1,C029,P0019,R12,2026-04-04,1,32646.28,lost,,
Q-2026-001403,1,C017,P0079,R05,2026-04-11,6,7467.67,won,,
Q-2026-001403,2,C017,P0045,R05,2026-04-11,89,411.61,won,,
Q-2026-001403,3,C017,P0056,R05,2026-04-11,298,451.95,lost,,
Q-2026-001403,4,C017,P0048,R05,2026-04-11,420,416.16,won,,
Q-2026-001404,1,C022,P0101,R10,2026-04-06,7,2481.97,won,,
Q-2026-001404,2,C022,P0016,R10,2026-04-06,4,40071.7,won,,
Q-2026-001404,3,C022,P0005,R10,2026-04-06,5,36663.14,open,,
Q-2026-001404,4,C022,P0011,R10,2026-04-06,3,37636.63,lost,,
Q-2026-001405,1,C001,P0042,R01,2026-04-14,592,374.74,won,,
Q-2026-001405,2,C001,P0015,R01,2026-04-14,8,32576.04,won,,
Q-2026-001405,3,C001,P0018,R01,2026-04-14,5,32441.08,open,,
Q-2026-001405,4,C001,P0003,R01,2026-04-14,4,28169.35,won,,
Q-2026-001406,1,C040,P0029,R04,2026-04-23,13,11487.24,won,,
Q-2026-001406,2,C040,P0031,R04,2026-04-23,9,8775.61,won,,
Q-2026-001406,3,C040,P0026,R04,2026-04-23,2,9817.84,won,,
Q-2026-001406,4,C040,P0024,R04,2026-04-23,5,9342.02,won,,
Q-2026-001407,1,C040,P0059,R04,2026-04-07,474,385.86,won,,
Q-2026-001408,1,C017,P0075,R05,2026-04-19,4,6821.14,won,,
Q-2026-001409,1,C011,P0073,R11,2026-04-21,13,7094.54,won,,
Q-2026-001409,2,C011,P0083,R11,2026-04-21,4,46643.84,won,,
Q-2026-001410,1,C006,P0085,R06,2026-04-16,3,46204.6,open,,
Q-2026-001410,2,C006,P0100,R06,2026-04-16,1,47304.9,lost,,
Q-2026-001410,3,C006,P0093,R06,2026-04-16,4,47242.41,won,,
Q-2026-001410,4,C006,P0084,R06,2026-04-16,4,47372.02,open,,
Q-2026-001411,1,C020,P0070,R08,2026-04-06,12,7747.04,won,,
Q-2026-001412,1,C003,P0060,R03,2026-04-01,239,415.2,won,,
Q-2026-001412,2,C003,P0050,R03,2026-04-01,585,391.88,won,,
Q-2026-001412,3,C003,P0027,R03,2026-04-01,18,9877.19,open,,
Q-2026-001413,1,C017,P0045,R05,2026-04-11,71,411.02,lost,,
Q-2026-001413,2,C017,P0056,R05,2026-04-11,685,414.83,lost,,
Q-2026-001414,1,C027,P0035,R03,2026-04-09,10,12061.5,won,,
Q-2026-001415,1,C019,P0040,R07,2026-04-24,8,11487.85,open,,
Q-2026-001415,2,C019,P0022,R07,2026-04-24,11,11494.56,open,,
Q-2026-001416,1,C032,P0097,R08,2026-04-13,3,60937.14,won,,
Q-2026-001417,1,C026,P0120,R02,2026-04-28,35,2525.66,won,,
Q-2026-001417,2,C026,P0042,R02,2026-04-28,290,501.24,won,,
Q-2026-001418,1,C038,P0105,R02,2026-04-09,17,2199.28,open,,
Q-2026-001418,2,C038,P0073,R02,2026-04-09,8,9123.84,lost,,
Q-2026-001419,1,C004,P0022,R04,2026-04-15,14,10923.19,open,,
Q-2026-001419,2,C004,P0099,R04,2026-04-15,1,50579.24,won,,
Q-2026-001420,1,C017,P0049,R05,2026-04-24,135,422.41,won,,
Q-2026-001421,1,C037,P0056,R06,2026-04-16,463,450.99,won,,
Q-2026-001421,2,C037,P0006,R06,2026-04-16,8,35007.44,lost,,
Q-2026-001422,1,C022,P0017,R10,2026-04-19,3,41798.12,open,,
Q-2026-001422,2,C022,P0120,R10,2026-04-19,22,3284.73,won,,
Q-2026-001422,3,C022,P0016,R10,2026-04-19,1,40004.17,won,,
Q-2026-001423,1,C023,P0110,R11,2026-04-12,12,2167.75,lost,,
Q-2026-001424,1,C039,P0057,R03,2026-04-04,396,498.65,won,,
Q-2026-001424,2,C039,P0050,R03,2026-04-04,515,590.59,won,,
Q-2026-001425,1,C024,P0073,R12,2026-04-12,13,7415.25,won,,
Q-2026-001425,2,C024,P0078,R12,2026-04-12,17,6738.37,won,,
Q-2026-001426,1,C033,P0043,R09,2026-04-20,600,426.37,won,,
Q-2026-001427,1,C004,P0033,R09,2026-04-19,19,11885.3,won,,
Q-2026-001428,1,C004,P0033,R04,2026-04-24,17,12366.67,won,,
Q-2026-001428,2,C004,P0031,R04,2026-04-24,15,12358.37,won,,
Q-2026-001428,3,C004,P0100,R04,2026-04-24,1,51190.66,open,,
Q-2026-001429,1,C032,P0095,R08,2026-04-03,4,42921.39,won,,
Q-2026-001430,1,C007,P0047,R07,2026-04-08,590,417.75,won,,
Q-2026-001431,1,C015,P0083,R03,2026-04-10,3,48047.95,lost,,
Q-2026-001432,1,C023,P0044,R11,2026-04-11,89,482.99,won,,
Q-2026-001432,2,C023,P0055,R11,2026-04-11,708,485.26,won,,
Q-2026-001433,1,C033,P0022,R09,2026-04-27,7,10657.86,lost,,
Q-2026-001434,1,C029,P0019,R05,2026-04-01,4,34575.97,open,,
Q-2026-001434,2,C029,P0096,R05,2026-04-01,1,37484.31,won,,
Q-2026-001435,1,C027,P0079,R03,2026-04-02,6,10781.31,open,,
Q-2026-001435,2,C027,P0036,R03,2026-04-02,20,14963.09,won,,
Q-2026-001435,3,C027,P0077,R03,2026-04-02,16,7665.66,won,,
Q-2026-001436,1,C016,P0073,R04,2026-04-04,15,7887.41,won,,
Q-2026-001436,2,C016,P0064,R04,2026-04-04,19,9607.06,won,,
Q-2026-001436,3,C016,P0049,R04,2026-04-04,549,561.53,won,,
Q-2026-001437,1,C033,P0043,R09,2026-04-01,196,425.0,lost,,
Q-2026-001437,2,C033,P0048,R09,2026-04-01,154,412.62,won,,
Q-2026-001437,3,C033,P0045,R09,2026-04-01,711,408.92,lost,,
Q-2026-001437,4,C033,P0046,R09,2026-04-01,720,442.5,lost,,
Q-2026-001438,1,C031,P0004,R07,2026-04-20,4,37329.89,won,,
Q-2026-001438,2,C031,P0102,R07,2026-04-20,19,1952.36,won,,
Q-2026-001439,1,C031,P0078,R07,2026-04-05,7,7406.54,won,,
Q-2026-001440,1,C033,P0031,R06,2026-04-28,21,10202.29,won,,
Q-2026-001441,1,C038,P0114,R02,2026-04-24,30,2168.1,won,,
Q-2026-001441,2,C038,P0065,R02,2026-04-24,4,9179.78,open,,
Q-2026-001441,3,C038,P0105,R02,2026-04-24,16,2211.8,won,,
Q-2026-001442,1,C003,P0050,R03,2026-04-20,779,391.9,open,,
Q-2026-001442,2,C003,P0039,R03,2026-04-20,4,11393.89,open,,
Q-2026-001443,1,C040,P0031,R04,2026-04-24,10,8932.29,won,,
Q-2026-001444,1,C035,P0072,R11,2026-04-04,3,10290.45,open,,
Q-2026-001444,2,C035,P0041,R11,2026-04-04,221,461.79,open,,
Q-2026-001444,3,C035,P0047,R11,2026-04-04,418,420.0,lost,,
Q-2026-001445,1,C039,P0020,R03,2026-04-05,8,38947.72,open,,
Q-2026-001445,2,C039,P0041,R03,2026-04-05,693,457.2,won,,
Q-2026-001446,1,C004,P0023,R06,2026-04-25,6,10749.14,won,,
Q-2026-001446,2,C004,P0022,R06,2026-04-25,13,10903.23,open,,
Q-2026-001447,1,C005,P0017,R05,2026-04-28,8,30577.2,won,,
Q-2026-001448,1,C037,P0098,R01,2026-04-28,1,51718.73,won,,
Q-2026-001449,1,C024,P0060,R12,2026-04-18,348,497.31,won,,
Q-2026-001450,1,C017,P0042,R05,2026-04-20,219,470.78,won,,
Q-2026-001450,2,C017,P0068,R05,2026-04-20,5,7335.77,won,,
Q-2026-001451,1,C032,P0046,R08,2026-04-21,245,490.23,open,,
Q-2026-001452,1,C032,P0088,R08,2026-04-21,3,53133.28,won,,
Q-2026-001452,2,C032,P0046,R08,2026-04-21,714,490.03,open,,
Q-2026-001453,1,C035,P0054,R11,2026-04-05,629,476.02,open,,
Q-2026-001453,2,C035,P0066,R11,2026-04-05,7,7536.19,won,,
Q-2026-001453,3,C035,P0041,R11,2026-04-05,631,462.11,won,,
Q-2026-001453,4,C035,P0043,R11,2026-04-05,741,531.9,lost,,
Q-2026-001454,1,C024,P0041,R12,2026-04-05,377,416.59,open,,
Q-2026-001454,2,C024,P0024,R12,2026-04-05,13,10709.47,lost,,
Q-2026-001455,1,C029,P0088,R05,2026-04-10,3,43237.21,lost,,
Q-2026-001456,1,C032,P0053,R08,2026-04-28,349,456.92,won,,
Q-2026-001456,2,C032,P0095,R08,2026-04-28,1,46103.51,won,,
Q-2026-001456,3,C032,P0002,R08,2026-04-28,2,40371.11,won,,
Q-2026-001457,1,C028,P0078,R04,2026-05-11,7,9263.8,open,,
Q-2026-001457,2,C028,P0060,R04,2026-05-11,792,554.66,won,,
Q-2026-001458,1,C030,P0073,R12,2026-05-28,15,7851.95,won,,
Q-2026-001458,2,C030,P0096,R12,2026-05-28,2,38952.01,won,,
Q-2026-001459,1,C040,P0024,R04,2026-05-23,8,9292.98,won,,
Q-2026-001459,2,C040,P0029,R04,2026-05-23,11,11480.7,won,,
Q-2026-001460,1,C024,P0024,R12,2026-05-21,20,10698.24,won,,
Q-2026-001461,1,C006,P0095,R06,2026-05-14,4,47318.75,open,,
Q-2026-001462,1,C021,P0107,R09,2026-05-28,40,2186.56,open,,
Q-2026-001463,1,C015,P0072,R03,2026-05-05,13,7405.13,open,,
Q-2026-001464,1,C040,P0024,R04,2026-05-29,22,9310.36,won,,
Q-2026-001465,1,C013,P0025,R01,2026-05-17,6,13477.25,won,,
Q-2026-001466,1,C032,P0095,R08,2026-05-12,3,45980.78,won,,
Q-2026-001467,1,C040,P0034,R04,2026-05-05,19,10043.73,open,,
Q-2026-001468,1,C021,P0017,R09,2026-05-01,8,35606.05,won,,
Q-2026-001468,2,C021,P0020,R09,2026-05-01,6,33287.62,open,,
Q-2026-001469,1,C013,P0029,R01,2026-05-11,12,13333.3,lost,,
Q-2026-001469,2,C013,P0022,R01,2026-05-11,9,11659.37,open,,
Q-2026-001470,1,C028,P0078,R04,2026-05-31,12,9240.46,open,,
Q-2026-001471,1,C032,P0098,R08,2026-05-23,1,56311.69,won,,
Q-2026-001471,2,C032,P0042,R08,2026-05-23,101,463.85,won,,
Q-2026-001471,3,C032,P0011,R08,2026-05-23,2,37591.44,lost,DR-2026-0040,qualification_pricing
Q-2026-001471,4,C032,P0051,R08,2026-05-23,650,481.34,open,,
Q-2026-001472,1,C033,P0054,R09,2026-05-27,286,516.94,won,,
Q-2026-001472,2,C033,P0045,R09,2026-05-27,784,465.83,won,,
Q-2026-001472,3,C033,P0040,R09,2026-05-27,8,11161.45,lost,,
Q-2026-001472,4,C033,P0031,R09,2026-05-27,24,9773.03,open,,
Q-2026-001473,1,C004,P0100,R04,2026-05-15,2,51114.1,won,,
Q-2026-001474,1,C011,P0080,R07,2026-05-31,11,8191.45,open,,
Q-2026-001474,2,C011,P0070,R07,2026-05-31,17,8048.92,won,,
Q-2026-001475,1,C040,P0024,R12,2026-05-15,4,9002.24,won,,
Q-2026-001476,1,C034,P0067,R10,2026-05-10,13,7439.96,won,,
Q-2026-001477,1,C001,P0003,R01,2026-05-22,6,28142.34,open,,
Q-2026-001477,2,C001,P0018,R01,2026-05-22,8,34366.17,won,DR-2026-0041,qualification_pricing
Q-2026-001478,1,C005,P0020,R05,2026-05-10,4,29835.25,open,,
Q-2026-001478,2,C005,P0044,R05,2026-05-10,733,370.94,won,,
Q-2026-001479,1,C018,P0011,R06,2026-05-27,6,30501.6,won,,
Q-2026-001479,2,C018,P0089,R06,2026-05-27,2,54269.14,open,,
Q-2026-001480,1,C032,P0097,R08,2026-05-25,4,61181.83,won,,
Q-2026-001481,1,C011,P0105,R11,2026-05-10,21,2306.86,open,,
Q-2026-001481,2,C011,P0084,R11,2026-05-10,2,49015.46,open,,
Q-2026-001481,3,C011,P0091,R11,2026-05-10,1,51355.11,won,,
Q-2026-001481,4,C011,P0106,R11,2026-05-10,16,2022.51,open,,
Q-2026-001482,1,C025,P0076,R01,2026-05-08,20,6269.79,won,,
Q-2026-001482,2,C025,P0109,R01,2026-05-08,27,2198.7,won,,
Q-2026-001483,1,C014,P0083,R02,2026-05-01,1,45898.2,won,,
Q-2026-001484,1,C032,P0046,R08,2026-05-15,148,489.9,won,,
Q-2026-001484,2,C032,P0044,R08,2026-05-15,723,545.85,won,,
Q-2026-001484,3,C032,P0053,R08,2026-05-15,545,459.56,open,,
Q-2026-001484,4,C032,P0081,R08,2026-05-15,4,58924.89,won,,
Q-2026-001485,1,C009,P0094,R09,2026-05-29,3,40695.0,won,,
Q-2026-001485,2,C009,P0065,R09,2026-05-29,16,6565.86,won,,
Q-2026-001485,3,C009,P0080,R09,2026-05-29,6,8350.48,open,,
Q-2026-001486,1,C007,P0005,R07,2026-05-13,8,36204.17,won,,
Q-2026-001487,1,C015,P0077,R03,2026-05-11,18,6631.97,won,,
Q-2026-001487,2,C015,P0082,R03,2026-05-11,4,54090.02,won,,
Q-2026-001487,3,C015,P0084,R03,2026-05-11,4,45922.4,open,,
Q-2026-001487,4,C015,P0072,R03,2026-05-11,20,7410.23,won,,
Q-2026-001488,1,C004,P0099,R04,2026-05-13,4,50601.47,won,,
Q-2026-001489,1,C040,P0027,R04,2026-05-15,22,10861.72,won,,
Q-2026-001489,2,C040,P0034,R04,2026-05-15,10,10021.34,won,,
Q-2026-001489,3,C040,P0026,R04,2026-05-15,7,9579.64,open,,
Q-2026-001489,4,C040,P0058,R04,2026-05-15,697,477.16,won,,
Q-2026-001490,1,C005,P0020,R05,2026-05-13,8,34255.49,won,,
Q-2026-001490,2,C005,P0009,R05,2026-05-13,7,28684.8,won,,
Q-2026-001491,1,C026,P0120,R02,2026-05-17,20,2525.94,open,,
Q-2026-001491,2,C026,P0112,R02,2026-05-17,6,2556.1,won,,
Q-2026-001492,1,C016,P0091,R04,2026-05-09,1,59316.62,open,DR-2026-0042,qualification_pricing
Q-2026-001492,2,C016,P0064,R04,2026-05-09,13,9614.6,won,,
Q-2026-001493,1,C012,P0059,R12,2026-05-01,188,388.97,open,,
Q-2026-001494,1,C038,P0066,R02,2026-05-02,20,9131.41,lost,,
Q-2026-001494,2,C038,P0105,R02,2026-05-02,5,2208.57,won,,
Q-2026-001494,3,C038,P0071,R02,2026-05-02,19,9131.75,won,,
Q-2026-001495,1,C019,P0021,R07,2026-05-14,9,12127.68,lost,,
Q-2026-001495,2,C019,P0030,R07,2026-05-14,8,12254.54,lost,,
Q-2026-001495,3,C019,P0022,R07,2026-05-14,16,11527.01,lost,,
Q-2026-001495,4,C019,P0103,R07,2026-05-14,7,2260.53,won,,
Q-2026-001496,1,C026,P0111,R02,2026-05-02,16,2869.97,won,,
Q-2026-001497,1,C039,P0020,R03,2026-05-22,6,38925.26,lost,,
Q-2026-001498,1,C011,P0083,R11,2026-05-12,3,46824.78,open,,
Q-2026-001498,2,C011,P0070,R11,2026-05-12,4,7902.05,won,,
Q-2026-001499,1,C005,P0020,R05,2026-05-17,5,34045.17,open,,
Q-2026-001499,2,C005,P0073,R05,2026-05-17,19,7154.15,won,,
Q-2026-001500,1,C027,P0037,R03,2026-05-24,18,12490.68,open,,
Q-2026-001501,1,C013,P0013,R01,2026-05-28,1,32319.09,won,,
Q-2026-001502,1,C032,P0095,R08,2026-05-11,4,46155.22,won,,
Q-2026-001502,2,C032,P0098,R08,2026-05-11,4,56271.19,open,,
Q-2026-001502,3,C032,P0055,R08,2026-05-11,318,433.81,open,,
Q-2026-001502,4,C032,P0011,R08,2026-05-11,4,36459.99,open,,
Q-2026-001503,1,C009,P0091,R09,2026-05-18,1,44131.61,lost,,
Q-2026-001504,1,C001,P0018,R01,2026-05-28,4,32469.74,lost,,
Q-2026-001504,2,C001,P0003,R01,2026-05-28,6,28271.88,won,,
Q-2026-001504,3,C001,P0042,R01,2026-05-28,428,377.26,won,,
Q-2026-001505,1,C018,P0008,R06,2026-05-15,4,36913.61,lost,,
Q-2026-001505,2,C018,P0111,R06,2026-05-15,28,2115.54,won,,
Q-2026-001505,3,C018,P0005,R06,2026-05-15,6,34252.35,open,,
Q-2026-001506,1,C032,P0044,R08,2026-05-02,336,544.68,open,,
Q-2026-001507,1,C038,P0114,R02,2026-05-04,21,2178.04,open,,
Q-2026-001507,2,C038,P0105,R02,2026-05-04,16,2201.22,open,,
Q-2026-001507,3,C038,P0071,R02,2026-05-04,4,9132.56,open,,
Q-2026-001508,1,C040,P0041,R04,2026-05-29,345,431.52,open,,
Q-2026-001508,2,C040,P0027,R04,2026-05-29,17,10829.01,open,,
Q-2026-001508,3,C040,P0039,R04,2026-05-29,2,10948.26,won,,
Q-2026-001509,1,C005,P0017,R05,2026-05-30,2,30341.6,won,,
Q-2026-001510,1,C027,P0037,R03,2026-05-04,14,12232.6,lost,,
Q-2026-001511,1,C013,P0013,R04,2026-05-27,1,32434.0,won,,
Q-2026-001512,1,C001,P0018,R01,2026-05-05,8,32474.88,won,,
Q-2026-001513,1,C027,P0079,R03,2026-05-10,10,10757.13,open,,
Q-2026-001514,1,C007,P0076,R07,2026-05-09,19,6978.58,won,,
Q-2026-001515,1,C005,P0049,R05,2026-05-08,190,356.57,won,,
Q-2026-001515,2,C005,P0058,R05,2026-05-08,591,484.39,open,,
Q-2026-001515,3,C005,P0073,R05,2026-05-08,7,7174.02,lost,,
Q-2026-001515,4,C005,P0066,R05,2026-05-08,12,8002.79,won,,
Q-2026-001516,1,C019,P0022,R07,2026-05-16,9,11544.84,lost,,
Q-2026-001517,1,C004,P0033,R04,2026-05-29,13,12367.33,open,,
Q-2026-001517,2,C004,P0023,R04,2026-05-29,5,10816.0,open,,
Q-2026-001518,1,C032,P0051,R08,2026-05-09,240,430.0,won,,
Q-2026-001518,2,C032,P0041,R08,2026-05-09,768,496.72,lost,,
Q-2026-001519,1,C020,P0051,R08,2026-05-17,667,458.23,open,,
Q-2026-001519,2,C020,P0045,R08,2026-05-17,322,456.48,lost,,
Q-2026-001519,3,C020,P0049,R08,2026-05-17,220,418.0,open,,
Q-2026-001519,4,C020,P0078,R08,2026-05-17,16,8102.0,won,,
Q-2026-001520,1,C004,P0022,R04,2026-05-13,17,10879.85,open,,
Q-2026-001520,2,C004,P0031,R04,2026-05-13,19,12367.79,won,,
Q-2026-001520,3,C004,P0099,R04,2026-05-13,4,47974.73,won,,
Q-2026-001520,4,C004,P0033,R04,2026-05-13,3,12346.58,won,,
Q-2026-001521,1,C015,P0088,R05,2026-05-16,1,44314.72,won,,
Q-2026-001521,2,C015,P0098,R05,2026-05-16,1,48456.1,won,,
Q-2026-001521,3,C015,P0072,R05,2026-05-16,5,7407.08,won,,
Q-2026-001522,1,C026,P0120,R02,2026-05-11,22,2525.13,won,,
Q-2026-001522,2,C026,P0050,R02,2026-05-11,440,624.06,won,,
Q-2026-001522,3,C026,P0111,R02,2026-05-11,19,2885.08,lost,,
Q-2026-001523,1,C039,P0052,R03,2026-05-03,741,515.93,open,,
Q-2026-001524,1,C037,P0013,R10,2026-06-19,1,34382.2,open,,
Q-2026-001524,2,C037,P0002,R10,2026-06-19,2,34249.9,open,,
Q-2026-001525,1,C038,P0073,R02,2026-06-10,2,9136.82,won,,
Q-2026-001525,2,C038,P0114,R02,2026-06-10,32,2173.47,won,,
Q-2026-001526,1,C013,P0022,R01,2026-06-01,13,11651.1,won,,
Q-2026-001526,2,C013,P0013,R01,2026-06-01,6,32300.27,open,,
Q-2026-001526,3,C013,P0023,R01,2026-06-01,20,9885.37,won,,
Q-2026-001527,1,C034,P0027,R10,2026-06-09,24,10643.06,open,,
Q-2026-001528,1,C009,P0093,R04,2026-06-28,1,41889.43,open,,
Q-2026-001528,2,C009,P0068,R04,2026-06-28,4,8486.26,open,,
Q-2026-001528,3,C009,P0095,R04,2026-06-28,3,41270.48,open,,
Q-2026-001528,4,C009,P0065,R04,2026-06-28,5,7125.84,open,,
Q-2026-001529,1,C037,P0098,R01,2026-06-13,4,51790.8,open,,
Q-2026-001530,1,C004,P0023,R04,2026-06-02,20,10824.43,won,,
Q-2026-001530,2,C004,P0033,R04,2026-06-02,20,12407.23,open,,
Q-2026-001530,3,C004,P0037,R04,2026-06-02,11,12346.72,won,,
Q-2026-001531,1,C032,P0051,R08,2026-06-14,755,482.74,won,,
Q-2026-001532,1,C027,P0072,R03,2026-06-18,9,9356.27,won,,
Q-2026-001533,1,C032,P0042,R08,2026-06-25,721,483.06,won,,
Q-2026-001534,1,C029,P0088,R05,2026-06-27,1,43341.46,open,,
Q-2026-001535,1,C033,P0022,R09,2026-06-19,2,10725.77,open,,
Q-2026-001535,2,C033,P0040,R09,2026-06-19,5,10900.0,open,,
Q-2026-001535,3,C033,P0042,R09,2026-06-19,213,410.8,won,,
Q-2026-001536,1,C035,P0043,R06,2026-06-23,110,535.27,open,,
Q-2026-001536,2,C035,P0048,R06,2026-06-23,378,533.38,won,,
Q-2026-001536,3,C035,P0072,R06,2026-06-23,7,10267.97,open,,
Q-2026-001537,1,C015,P0084,R03,2026-06-07,3,45519.43,won,,
Q-2026-001538,1,C011,P0070,R11,2026-06-20,7,7771.94,open,,
Q-2026-001538,2,C011,P0106,R11,2026-06-20,14,2020.36,open,,
Q-2026-001539,1,C031,P0004,R07,2026-06-15,2,37265.3,won,,
Q-2026-001539,2,C031,P0108,R07,2026-06-15,30,1806.38,open,,
Q-2026-001540,1,C013,P0023,R10,2026-06-07,21,10952.87,won,,
Q-2026-001541,1,C003,P0022,R03,2026-06-02,22,10022.25,open,,
Q-2026-001541,2,C003,P0050,R03,2026-06-02,274,394.26,won,,
Q-2026-001542,1,C017,P0048,R05,2026-06-04,118,391.95,won,,
Q-2026-001542,2,C017,P0042,R05,2026-06-04,500,470.99,lost,,
Q-2026-001542,3,C017,P0056,R05,2026-06-04,260,415.34,won,,
Q-2026-001543,1,C005,P0010,R02,2026-06-04,5,32983.48,won,,
Q-2026-001543,2,C005,P0044,R02,2026-06-04,175,371.01,won,,
Q-2026-001543,3,C005,P0020,R02,2026-06-04,1,34093.36,won,,
Q-2026-001544,1,C030,P0066,R06,2026-06-07,13,8138.92,won,,
Q-2026-001544,2,C030,P0090,R06,2026-06-07,1,41291.82,open,,
Q-2026-001544,3,C030,P0096,R06,2026-06-07,3,37602.14,won,,
Q-2026-001545,1,C015,P0082,R03,2026-06-29,3,54075.33,open,,
Q-2026-001546,1,C022,P0016,R10,2026-06-18,2,39996.43,won,,
Q-2026-001546,2,C022,P0005,R10,2026-06-18,5,36713.98,won,,
Q-2026-001547,1,C006,P0016,R06,2026-06-22,6,44175.58,won,,
Q-2026-001547,2,C006,P0095,R06,2026-06-22,4,47472.24,open,,
Q-2026-001548,1,C025,P0076,R11,2026-06-03,14,6273.76,won,,
Q-2026-001549,1,C002,P0071,R02,2026-06-24,12,7509.41,open,,
Q-2026-001549,2,C002,P0066,R02,2026-06-24,11,7073.8,open,,
Q-2026-001550,1,C039,P0050,R03,2026-06-09,660,589.03,won,,
Q-2026-001550,2,C039,P0046,R03,2026-06-09,451,478.19,won,,
Q-2026-001551,1,C011,P0097,R11,2026-06-16,1,49675.1,open,,
Q-2026-001551,2,C011,P0091,R11,2026-06-16,1,51493.2,lost,,
Q-2026-001551,3,C011,P0073,R11,2026-06-16,9,7946.49,won,,
Q-2026-001552,1,C012,P0060,R12,2026-06-30,516,478.71,open,,
Q-2026-001552,2,C012,P0114,R12,2026-06-30,17,2005.99,open,,
Q-2026-001552,3,C012,P0106,R12,2026-06-30,38,2069.99,won,,
Q-2026-001553,1,C006,P0089,R02,2026-06-06,2,49476.53,open,,
Q-2026-001554,1,C039,P0015,R03,2026-06-27,1,32954.98,open,,
Q-2026-001554,2,C039,P0016,R03,2026-06-27,8,38797.71,open,,
Q-2026-001555,1,C017,P0002,R05,2026-06-21,4,35001.93,open,DR-2026-0043,end_of_life_clearance
Q-2026-001555,2,C017,P0048,R05,2026-06-21,85,390.93,open,,
Q-2026-001556,1,C034,P0023,R10,2026-06-12,23,9966.02,open,,
Q-2026-001556,2,C034,P0032,R10,2026-06-12,6,11788.31,lost,,
Q-2026-001557,1,C033,P0031,R11,2026-06-20,17,10158.19,open,,
Q-2026-001558,1,C031,P0069,R07,2026-06-06,13,7876.64,won,,
Q-2026-001558,2,C031,P0004,R07,2026-06-06,6,37218.7,open,,
Q-2026-001559,1,C038,P0066,R02,2026-06-16,13,9176.51,won,,
Q-2026-001559,2,C038,P0105,R02,2026-06-16,27,2205.11,open,,
Q-2026-001560,1,C018,P0089,R06,2026-06-13,1,54388.61,won,,
Q-2026-001560,2,C018,P0111,R06,2026-06-13,34,2062.24,open,DR-2026-0044,competitive_displacement
Q-2026-001561,1,C028,P0060,R04,2026-06-07,571,552.74,won,,
Q-2026-001561,2,C028,P0041,R04,2026-06-07,605,530.03,open,,
Q-2026-001562,1,C040,P0045,R04,2026-06-06,153,388.66,open,,
Q-2026-001563,1,C029,P0019,R05,2026-06-11,1,33394.56,open,,
Q-2026-001563,2,C029,P0088,R05,2026-06-11,3,43817.16,won,,
Q-2026-001563,3,C029,P0003,R05,2026-06-11,3,26653.96,won,,
Q-2026-001564,1,C036,P0014,R12,2026-06-02,8,39518.24,won,,
Q-2026-001564,2,C036,P0013,R12,2026-06-02,3,33727.9,won,,
Q-2026-001564,3,C036,P0094,R12,2026-06-02,2,50589.33,lost,,
Q-2026-001564,4,C036,P0001,R12,2026-06-02,3,29429.64,lost,,
Q-2026-001565,1,C009,P0068,R09,2026-06-27,16,8465.01,open,,
Q-2026-001566,1,C014,P0033,R10,2026-06-19,3,10409.14,won,,
Q-2026-001566,2,C014,P0087,R10,2026-06-19,2,38676.13,won,,
Q-2026-001566,3,C014,P0100,R10,2026-06-19,3,39229.11,won,,
Q-2026-001567,1,C007,P0005,R07,2026-06-05,4,34884.74,won,,
Q-2026-001568,1,C033,P0033,R09,2026-06-27,8,14850.0,open,,
Q-2026-001568,2,C033,P0031,R09,2026-06-27,21,10198.03,open,,
Q-2026-001569,1,C009,P0065,R09,2026-06-09,14,7124.31,open,,
Q-2026-001570,1,C034,P0063,R08,2026-06-16,18,7250.12,open,,
Q-2026-001571,1,C040,P0026,R04,2026-06-21,24,10003.96,won,,
Q-2026-001571,2,C040,P0041,R04,2026-06-21,589,431.35,open,,
Q-2026-001571,3,C040,P0057,R04,2026-06-21,710,436.72,open,,
Q-2026-001572,1,C017,P0064,R05,2026-06-04,7,7396.74,won,,
Q-2026-001572,2,C017,P0075,R05,2026-06-04,16,6810.22,open,,
Q-2026-001573,1,C030,P0066,R06,2026-06-10,9,8112.32,open,,
Q-2026-001573,2,C030,P0096,R06,2026-06-10,4,38537.59,open,,
Q-2026-001574,1,C005,P0058,R05,2026-06-21,800,466.85,open,,
Q-2026-001574,2,C005,P0049,R05,2026-06-21,109,440.85,won,,
Q-2026-001574,3,C005,P0009,R05,2026-06-21,4,28984.4,won,,
Q-2026-001574,4,C005,P0044,R05,2026-06-21,298,371.14,open,,
Q-2026-001575,1,C009,P0068,R12,2026-06-09,9,8452.45,open,,
Q-2026-001575,2,C009,P0080,R12,2026-06-09,12,8355.19,lost,,
Q-2026-001575,3,C009,P0099,R12,2026-06-09,2,47576.23,won,,
Q-2026-001575,4,C009,P0093,R12,2026-06-09,2,47208.99,won,,
Q-2026-001576,1,C033,P0045,R02,2026-06-18,174,465.28,won,,
Q-2026-001576,2,C033,P0042,R02,2026-06-18,800,466.0,open,,
Q-2026-001577,1,C029,P0003,R05,2026-06-16,4,25939.64,won,,
Q-2026-001577,2,C029,P0088,R05,2026-06-16,2,42602.87,won,,
Q-2026-001578,1,C037,P0019,R01,2026-06-03,5,38771.06,open,,
Q-2026-001579,1,C021,P0017,R09,2026-06-01,1,35660.4,won,,
Q-2026-001579,2,C021,P0107,R09,2026-06-01,14,2184.47,won,,
Q-2026-001580,1,C027,P0077,R03,2026-06-28,6,8238.79,open,,
Q-2026-001580,2,C027,P0072,R03,2026-06-28,3,9330.53,won,,
Q-2026-001581,1,C009,P0080,R12,2026-06-07,7,8339.55,open,,
Q-2026-001582,1,C030,P0065,R06,2026-06-18,10,7299.06,open,,
Q-2026-001582,2,C030,P0090,R06,2026-06-18,3,41248.21,open,,
Q-2026-001583,1,C020,P0049,R08,2026-06-19,344,419.2,open,,
Q-2026-001583,2,C020,P0051,R08,2026-06-19,770,456.88,won,,
Q-2026-001583,3,C020,P0069,R08,2026-06-19,19,7831.63,open,,
Q-2026-001584,1,C033,P0033,R09,2026-06-29,18,14896.02,lost,,
Q-2026-001585,1,C007,P0076,R07,2026-06-20,18,6979.26,won,,
Q-2026-001586,1,C011,P0084,R11,2026-06-16,3,48967.47,open,,
Q-2026-001586,2,C011,P0091,R11,2026-06-16,2,51317.34,won,,
Q-2026-001587,1,C036,P0087,R12,2026-06-30,2,46870.05,won,,
Q-2026-001587,2,C036,P0069,R12,2026-06-30,13,8922.33,open,,
Q-2026-001587,3,C036,P0007,R12,2026-06-30,1,28821.94,open,,
Q-2026-001588,1,C007,P0005,R07,2026-06-26,4,34279.15,open,,
Q-2026-001588,2,C007,P0059,R07,2026-06-26,186,384.12,open,,
Q-2026-001588,3,C007,P0065,R07,2026-06-26,17,7389.57,open,,
Q-2026-001589,1,C017,P0001,R05,2026-06-16,7,31474.47,open,,
Q-2026-001590,1,C010,P0055,R10,2026-07-20,539,399.06,open,,
Q-2026-001591,1,C015,P0088,R03,2026-07-22,4,40371.75,open,,
Q-2026-001592,1,C017,P0075,R05,2026-07-22,2,7740.46,open,,
Q-2026-001593,1,C026,P0050,R02,2026-07-01,756,626.72,open,,
Q-2026-001593,2,C026,P0059,R02,2026-07-01,156,420.04,open,,
Q-2026-001593,3,C026,P0048,R02,2026-07-01,190,470.97,open,,
Q-2026-001594,1,C023,P0052,R11,2026-07-17,200,536.45,open,,
Q-2026-001594,2,C023,P0044,R11,2026-07-17,119,483.34,open,,
Q-2026-001595,1,C022,P0017,R06,2026-07-22,7,42015.23,open,,
Q-2026-001595,2,C022,P0016,R06,2026-07-22,5,39884.22,open,,
Q-2026-001595,3,C022,P0118,R06,2026-07-22,30,2294.96,open,,
Q-2026-001596,1,C023,P0081,R11,2026-07-03,4,48713.78,open,,
Q-2026-001596,2,C023,P0052,R11,2026-07-03,405,535.32,open,,
Q-2026-001597,1,C015,P0062,R03,2026-07-19,6,7778.0,open,,
Q-2026-001598,1,C032,P0009,R08,2026-07-01,1,35241.34,open,,
Q-2026-001598,2,C032,P0097,R08,2026-07-01,1,61023.46,open,,
Q-2026-001599,1,C033,P0045,R09,2026-07-13,728,465.64,won,,
Q-2026-001600,1,C021,P0017,R09,2026-07-24,8,35440.92,open,,
Q-2026-001600,2,C021,P0107,R09,2026-07-24,33,2177.26,open,,
Q-2026-001600,3,C021,P0105,R09,2026-07-24,17,1737.04,open,,
Q-2026-001601,1,C029,P0097,R05,2026-07-12,1,47436.29,open,,
Q-2026-001601,2,C029,P0096,R05,2026-07-12,1,37826.76,won,,
Q-2026-001601,3,C029,P0088,R05,2026-07-12,4,43177.71,open,,
Q-2026-001602,1,C007,P0061,R07,2026-07-30,5,8641.17,open,,
Q-2026-001602,2,C007,P0005,R07,2026-07-30,5,35830.25,open,,
Q-2026-001603,1,C011,P0106,R11,2026-07-17,18,2025.4,open,,
Q-2026-001603,2,C011,P0070,R11,2026-07-17,6,7961.36,open,,
Q-2026-001603,3,C011,P0080,R11,2026-07-17,8,8226.1,open,,
Q-2026-001603,4,C011,P0084,R11,2026-07-17,1,49182.05,open,,
Q-2026-001604,1,C022,P0120,R10,2026-07-24,4,3273.85,open,,
Q-2026-001604,2,C022,P0017,R10,2026-07-24,2,41981.84,open,,
Q-2026-001605,1,C004,P0022,R04,2026-07-25,23,10908.94,open,,
Q-2026-001606,1,C010,P0027,R10,2026-07-16,5,15465.69,open,,
Q-2026-001607,1,C011,P0070,R11,2026-07-04,3,8024.04,open,,
Q-2026-001607,2,C011,P0106,R11,2026-07-04,11,2020.34,won,,
Q-2026-001608,1,C039,P0057,R03,2026-07-20,654,495.43,open,,
Q-2026-001609,1,C040,P0053,R04,2026-07-03,793,378.25,open,,
Q-2026-001610,1,C001,P0003,R01,2026-07-06,1,28175.04,open,,
Q-2026-001611,1,C026,P0111,R02,2026-07-08,5,2871.17,open,,
Q-2026-001611,2,C026,P0059,R02,2026-07-08,403,422.11,open,,
Q-2026-001612,1,C005,P0020,R05,2026-07-15,5,34108.84,won,,
Q-2026-001613,1,C027,P0034,R03,2026-07-30,22,14685.39,open,,
Q-2026-001614,1,C016,P0064,R07,2026-07-14,8,9217.08,open,DR-2026-0045,volume_ramp_concession
Q-2026-001615,1,C033,P0051,R09,2026-07-26,670,451.12,open,,
Q-2026-001616,1,C007,P0053,R07,2026-07-27,352,390.04,open,,
Q-2026-001616,2,C007,P0001,R07,2026-07-27,2,31225.73,open,,
Q-2026-001617,1,C023,P0060,R11,2026-07-08,665,561.51,open,,
Q-2026-001617,2,C023,P0111,R11,2026-07-08,15,2241.94,open,,
Q-2026-001618,1,C012,P0087,R12,2026-07-01,4,45380.87,won,,
Q-2026-001619,1,C026,P0059,R02,2026-07-23,215,420.82,open,,
Q-2026-001619,2,C026,P0048,R02,2026-07-23,325,470.09,open,,
Q-2026-001619,3,C026,P0042,R02,2026-07-23,507,502.29,open,,
Q-2026-001620,1,C026,P0112,R02,2026-07-22,22,2549.17,open,,
Q-2026-001621,1,C012,P0053,R12,2026-07-15,292,503.22,open,,
Q-2026-001622,1,C026,P0052,R02,2026-07-31,553,540.16,open,,
Q-2026-001622,2,C026,P0112,R02,2026-07-31,37,2562.27,open,,
Q-2026-001622,3,C026,P0050,R02,2026-07-31,241,624.89,open,,
Q-2026-001623,1,C020,P0061,R08,2026-07-15,6,7927.57,open,,
Q-2026-001624,1,C004,P0033,R04,2026-07-30,3,11786.08,open,,
Q-2026-001624,2,C004,P0037,R04,2026-07-30,8,12354.11,open,,
Q-2026-001624,3,C004,P0031,R04,2026-07-30,22,12337.23,open,,
Q-2026-001624,4,C004,P0029,R04,2026-07-30,21,12360.93,open,,
Q-2026-001625,1,C014,P0030,R02,2026-07-04,7,9094.42,open,,
Q-2026-001626,1,C009,P0068,R06,2026-07-05,15,8487.58,open,,
Q-2026-001626,2,C009,P0091,R06,2026-07-05,2,48833.81,open,,
Q-2026-001626,3,C009,P0080,R06,2026-07-05,11,8379.82,won,,
Q-2026-001627,1,C034,P0081,R10,2026-07-25,1,39652.85,open,,
Q-2026-001627,2,C034,P0097,R10,2026-07-25,1,43930.72,open,,
Q-2026-001628,1,C032,P0055,R07,2026-07-23,166,391.97,open,,
Q-2026-001629,1,C017,P0056,R05,2026-07-08,153,412.23,open,,
Q-2026-001629,2,C017,P0002,R05,2026-07-08,3,33123.04,open,DR-2026-0046,qualification_pricing
Q-2026-001630,1,C040,P0057,R04,2026-07-08,655,435.15,open,,
Q-2026-001631,1,C004,P0023,R04,2026-07-08,3,10809.93,open,,
Q-2026-001632,1,C032,P0051,R08,2026-07-20,86,481.34,open,,
Q-2026-001632,2,C032,P0053,R08,2026-07-20,355,459.58,open,,
Q-2026-001633,1,C024,P0073,R12,2026-07-25,20,7416.28,open,,
Q-2026-001633,2,C024,P0054,R12,2026-07-25,785,432.8,open,,
Q-2026-001633,3,C024,P0078,R12,2026-07-25,20,6749.24,open,,
Q-2026-001633,4,C024,P0060,R12,2026-07-25,554,401.24,open,,
Q-2026-001634,1,C007,P0059,R07,2026-07-07,178,382.71,won,,
Q-2026-001635,1,C032,P0009,R08,2026-07-30,6,35444.28,open,,
Q-2026-001635,2,C032,P0095,R08,2026-07-30,3,46079.04,open,,
Q-2026-001636,1,C007,P0047,R07,2026-07-14,260,414.01,open,,
Q-2026-001636,2,C007,P0053,R07,2026-07-14,502,385.64,open,,
Q-2026-001636,3,C007,P0002,R07,2026-07-14,3,35604.45,open,,
Q-2026-001637,1,C027,P0072,R03,2026-07-19,15,9372.0,open,,
Q-2026-001637,2,C027,P0071,R03,2026-07-19,20,8725.91,open,,
Q-2026-001638,1,C020,P0051,R08,2026-07-28,783,457.44,open,,
Q-2026-001638,2,C020,P0078,R08,2026-07-28,17,8086.91,open,,
Q-2026-001639,1,C032,P0044,R08,2026-07-12,511,545.36,open,,
Q-2026-001640,1,C020,P0048,R08,2026-07-25,200,559.58,open,,
Q-2026-001641,1,C031,P0108,R01,2026-07-30,23,1845.35,open,,
Q-2026-001642,1,C023,P0110,R11,2026-07-14,35,2155.81,open,,
Q-2026-001642,2,C023,P0044,R11,2026-07-14,65,482.85,open,,
Q-2026-001642,3,C023,P0050,R11,2026-07-14,529,480.56,open,,
Q-2026-001643,1,C016,P0049,R04,2026-07-27,142,562.77,open,,
Q-2026-001644,1,C015,P0062,R03,2026-07-30,14,7780.03,open,,
Q-2026-001645,1,C025,P0063,R01,2026-07-29,5,8253.67,open,,
Q-2026-001646,1,C005,P0009,R07,2026-07-17,5,28639.33,open,,
Q-2026-001647,1,C013,P0025,R11,2026-07-20,11,12905.63,open,DR-2026-0047,volume_ramp_concession
Q-2026-001647,2,C013,P0008,R11,2026-07-20,5,34650.78,open,,
Q-2026-001647,3,C013,P0023,R11,2026-07-20,3,10907.21,open,,
Q-2026-001648,1,C009,P0080,R09,2026-07-21,19,8377.04,open,,
Q-2026-001649,1,C018,P0008,R06,2026-07-28,3,37076.44,open,,
Q-2026-001650,1,C009,P0080,R09,2026-07-31,12,7433.46,open,,
Q-2026-001651,1,C027,P0077,R03,2026-07-30,17,8212.63,open,,
Q-2026-001652,1,C027,P0079,R03,2026-07-15,13,10779.81,open,,
Q-2026-001652,2,C027,P0034,R03,2026-07-15,6,14667.45,open,,
Q-2026-001652,3,C027,P0037,R03,2026-07-15,4,12401.39,open,,
Q-2026-001653,1,C005,P0049,R05,2026-07-26,603,441.91,open,,
Q-2026-001654,1,C033,P0027,R09,2026-07-12,12,11503.52,open,,
Q-2026-001655,1,C039,P0020,R03,2026-07-05,3,39124.66,open,,
Q-2026-001656,1,C003,P0025,R03,2026-07-16,18,10550.0,open,,
Q-2026-001657,1,C013,P0025,R01,2026-07-27,3,13736.33,open,DR-2026-0048,volume_ramp_concession
Q-2026-001658,1,C025,P0063,R07,2026-07-21,5,8255.56,open,,
Q-2026-001658,2,C025,P0116,R07,2026-07-21,27,1902.15,open,,
Q-2026-001659,1,C034,P0082,R10,2026-07-24,3,51215.33,open,,
Q-2026-001659,2,C034,P0032,R10,2026-07-24,3,11775.97,open,,
Q-2026-001660,1,C028,P0048,R04,2026-07-30,728,507.99,open,,
Q-2026-001660,2,C028,P0041,R04,2026-07-30,655,531.48,open,,
Q-2026-001661,1,C004,P0023,R04,2026-07-23,11,10745.1,open,,
Q-2026-001662,1,C032,P0046,R08,2026-07-03,505,489.8,won,,
Q-2026-001663,1,C005,P0044,R05,2026-07-17,175,371.48,open,,
Q-2026-001663,2,C005,P0009,R05,2026-07-17,1,28281.95,won,,
Q-2026-001664,1,C002,P0067,R02,2026-07-05,13,7458.64,open,,
Q-2026-001664,2,C002,P0060,R02,2026-07-05,61,509.67,open,,
Q-2026-001665,1,C021,P0105,R09,2026-07-10,22,1778.87,open,,
Q-2026-001665,2,C021,P0107,R09,2026-07-10,39,2104.77,open,,
Q-2026-001666,1,C019,P0040,R07,2026-07-11,4,11497.91,open,,
